response_id,comment_text,age,profession,time_period,crowding_level,waiting_time_min,sentiment_label,primary_category
1,"I expected a rough commute, but it was actually manageable.",52,Teacher,Evening Peak,Severe,6,Positive,Comfort
2,Accessibility er dike khub kom attention ache. Peak hour e nama-utha duitae kosto.,44,Job Seeker,Morning Peak,Low,35,Negative,Accessibility
3,Getting on the bus was difficult because it barely stopped near the designated stop.,55,Factory Worker,Morning Peak,Moderate,51,Negative,Accessibility
4,The fare felt fair enough for the distance I traveled.,21,Shopkeeper,Morning Peak,Severe,11,Positive,Cost
5,A calm and respectful attitude from the staff made the ride easier.,58,Freelancer,Evening Peak,High,5,Positive,Staff Behavior
6,A little politeness would make a big difference for regular commuters.,54,Shopkeeper,Morning Peak,Moderate,31,Negative,Staff Behavior
7,"The ride felt somewhat crowded, but I did not face any major safety issue.",19,Office Employee,Morning Peak,Severe,13,Neutral,Safety
8,The seat condition was poor and there was no real comfort during the trip.,36,Job Seeker,Morning Peak,High,41,Negative,Comfort
9,The bus was so full that I had to stand bent near the gate for almost the whole trip.,53,Job Seeker,Morning Peak,High,50,Negative,Crowding
10,The seat condition was poor and there was no real comfort during the trip.,49,Small Business,Morning Peak,Severe,50,Negative,Comfort
11,"It was not cheap, but not unreasonable either.",35,Healthcare Worker,Evening Peak,Severe,12,Neutral,Cost
12,"Compared with other days, today the cost felt reasonable.",58,Shopkeeper,Morning Peak,High,6,Positive,Cost
13,The helper was rude when passengers asked whether the bus would stop at the next point.,29,Office Employee,Evening Peak,High,59,Negative,Staff Behavior
14,"Comfort was average to no major issue, no special improvement.",40,Factory Worker,Evening Peak,Severe,14,Neutral,Comfort
15,The bus was so packed that I kept worrying about my phone and wallet the whole trip.,35,Student,Evening Peak,Moderate,52,Negative,Safety
16,The seat condition was poor and there was no real comfort during the trip.,38,Office Employee,Morning Peak,Moderate,34,Negative,Comfort
17,"Compared with other days, today the cost felt reasonable.",38,Banker,Evening Peak,Severe,9,Positive,Cost
18,"The ride was tiring, but about what I normally expect from a local bus.",55,Small Business,Morning Peak,High,8,Neutral,Comfort
19,Getting on the bus was difficult because it barely stopped near the designated stop.,47,Factory Worker,Morning Peak,Moderate,34,Negative,Accessibility
20,Staff behavior was okay overall.,24,Shopkeeper,Morning Peak,High,19,Neutral,Staff Behavior
21,Clear route and stop information would save passengers a lot of confusion.,55,Driver,Morning Peak,Moderate,31,Negative,Information
22,"Same problem again to long wait, slow movement, and too many unnecessary stops. Morning peak in Dhaka feels impossible sometimes.",37,Student,Morning Peak,High,19,Negative,Delay
23,"Bus e kono clear information chilo na, especially notun passenger der jonno eta problem.",29,Freelancer,Evening Peak,High,31,Negative,Information
24,"The stop area was busy, though still usable.",33,Student,Morning Peak,Severe,8,Neutral,Accessibility
25,"The ride was tiring, but about what I normally expect from a local bus.",57,Office Employee,Evening Peak,Moderate,17,Neutral,Comfort
26,I had to ask three people before confirming whether this bus was going my way.,57,Banker,Morning Peak,Moderate,61,Negative,Information
27,"The ride was jerky, noisy, and uncomfortable, especially while standing.",19,Office Employee,Morning Peak,Severe,27,Negative,Comfort
28,"I expected a rough commute, but it was actually manageable.",33,Freelancer,Morning Peak,Severe,8,Positive,Comfort
29,"For daily commuting, the cleanliness is really below standard. The floor was messy and the windows looked untouched.",33,Small Business,Evening Peak,Severe,40,Negative,Cleanliness
30,Getting on the bus was difficult because it barely stopped near the designated stop.,31,Shopkeeper,Evening Peak,High,35,Negative,Accessibility
31,There were far fewer buses than the number of waiting passengers. The line just kept getting longer.,50,Job Seeker,Morning Peak,Severe,21,Negative,Availability
32,"Nothing serious happened, but the route still feels a little risky during rush hour.",30,Small Business,Morning Peak,High,9,Neutral,Safety
33,Rush hour e safety niye onek tension lage. Driver o helper duijon e khub aggressive chilo.,28,Healthcare Worker,Morning Peak,Severe,63,Negative,Safety
34,"During office time, availability is still poor. Demand is clearly higher than supply.",49,Shopkeeper,Morning Peak,Moderate,41,Negative,Availability
35,"Everyone was squeezed together, and even moving one step inside felt impossible.",42,Shopkeeper,Morning Peak,Moderate,42,Negative,Crowding
36,"The ride was still busy, but it felt more comfortable than usual.",42,Teacher,Evening Peak,Severe,11,Positive,Comfort
37,"During office time, availability is still poor. Demand is clearly higher than supply.",48,Student,Morning Peak,Moderate,49,Negative,Availability
38,"For once, the trip moved smoothly and I reached on time.",40,Job Seeker,Morning Peak,Severe,5,Positive,Delay
39,Service frequency was neither very good nor very bad.,60,Office Employee,Evening Peak,Severe,12,Neutral,Availability
40,The bus was so full that I had to stand bent near the gate for almost the whole trip.,36,Job Seeker,Morning Peak,Low,50,Negative,Crowding
41,"For daily commuting, the cleanliness is really below standard. The floor was messy and the windows looked untouched.",49,Healthcare Worker,Morning Peak,Severe,34,Negative,Cleanliness
42,"Everyone was squeezed together, and even moving one step inside felt impossible.",18,Healthcare Worker,Morning Peak,Severe,54,Negative,Crowding
43,"I was standing at Mirpur for almost 36 minutes and still no bus came on time. For a weekday peak hour, this is exhausting.",44,Small Business,Evening Peak,Severe,44,Negative,Delay
44,Getting on the bus was difficult because it barely stopped near the designated stop.,24,Office Employee,Morning Peak,Severe,41,Negative,Accessibility
45,Staff behavior was better today; they were helpful without being rude.,51,Homemaker,Evening Peak,Moderate,10,Positive,Staff Behavior
46,"Boarding took some effort, but I managed without much trouble.",25,Homemaker,Morning Peak,Severe,17,Neutral,Accessibility
47,Accessibility er dike khub kom attention ache. Peak hour e nama-utha duitae kosto.,52,Job Seeker,Evening Peak,Severe,53,Negative,Accessibility
48,"For daily commuting, the cleanliness is really below standard. The floor was messy and the windows looked untouched.",40,Healthcare Worker,Morning Peak,High,50,Negative,Cleanliness
49,"It was extremely hot inside the bus, and there was barely any airflow.",60,Job Seeker,Evening Peak,High,20,Negative,Comfort
50,The helper was rude when passengers asked whether the bus would stop at the next point.,47,Small Business,Morning Peak,Severe,61,Negative,Staff Behavior
51,The bus did not stop properly and passengers had to get on while it was moving slowly. That is not safe at all.,41,Student,Evening Peak,Severe,22,Negative,Safety
52,"The stop area was busy, though still usable.",35,Small Business,Morning Peak,Moderate,8,Neutral,Accessibility
53,Route information was just about manageable.,57,Homemaker,Morning Peak,High,17,Neutral,Information
54,I paid more than usual today and there was no proper explanation from the conductor.,58,Small Business,Evening Peak,Low,25,Negative,Cost
55,"A bus came after some waiting, so availability was average today.",47,Freelancer,Morning Peak,High,16,Neutral,Availability
56,Crowding was less intense than I expected today.,45,Shopkeeper,Evening Peak,High,6,Positive,Crowding
57,"From Jatrabari to Gulistan, the delay was frustrating. I left early but still got late because the bus service was irregular.",32,Shopkeeper,Evening Peak,Severe,62,Negative,Delay
58,A little politeness would make a big difference for regular commuters.,18,Driver,Evening Peak,Severe,20,Negative,Staff Behavior
59,"The inside of the bus was dusty, the seats were dirty, and there was a bad smell the whole way.",42,Small Business,Morning Peak,High,23,Negative,Cleanliness
60,"The footpath near the stop was crowded and broken, so reaching the bus safely was not easy.",45,Freelancer,Evening Peak,High,24,Negative,Accessibility
61,"The ride felt somewhat crowded, but I did not face any major safety issue.",36,Homemaker,Evening Peak,High,10,Neutral,Safety
62,"The local bus showed up very late today. By the time I reached my work, I was already behind schedule.",53,Student,Morning Peak,Severe,32,Negative,Delay
63,The fare is not the only issue to the unclear way they collect it creates arguments almost every day.,19,Shopkeeper,Morning Peak,High,21,Negative,Cost
64,The fare felt too high considering how crowded and uncomfortable the ride was.,32,Driver,Morning Peak,Moderate,37,Negative,Cost
65,Aajke bus er jonno eto wait korte holo je matha noshto hoye gelo. Peak hour e regular service thakar kotha.,49,Freelancer,Morning Peak,High,52,Negative,Delay
66,"The bus was crowded, but that is normal during peak time.",19,Shopkeeper,Evening Peak,Severe,10,Neutral,Crowding
67,Rush hour e safety niye onek tension lage. Driver o helper duijon e khub aggressive chilo.,35,Office Employee,Morning Peak,High,33,Negative,Safety
68,The conductor kept shouting instead of answering simple fare questions calmly.,36,Freelancer,Evening Peak,High,27,Negative,Staff Behavior
69,"I expected more buses on Motijheel to Rampura, but service frequency was disappointing today.",30,Small Business,Morning Peak,Moderate,24,Negative,Availability
70,The fare is not the only issue to the unclear way they collect it creates arguments almost every day.,28,Small Business,Evening Peak,Severe,48,Negative,Cost
71,Route information was just about manageable.,19,Office Employee,Evening Peak,High,11,Neutral,Information
72,"There were buses on the route, but not enough to reduce waiting fully.",38,Driver,Evening Peak,Low,18,Neutral,Availability
73,"The stop access felt manageable, even during the busy hour.",38,Shopkeeper,Morning Peak,High,6,Positive,Accessibility
74,"There was pressure inside the bus, but not severe.",38,Driver,Morning Peak,Low,16,Neutral,Crowding
75,The conductor spoke politely and guided passengers clearly.,27,Office Employee,Evening Peak,High,3,Positive,Staff Behavior
76,"For once, the trip moved smoothly and I reached on time.",45,Office Employee,Morning Peak,Severe,4,Positive,Delay
77,I could stand comfortably enough without being pushed around too much.,58,Driver,Morning Peak,Moderate,10,Positive,Crowding
78,The bus was so full that I had to stand bent near the gate for almost the whole trip.,47,Freelancer,Morning Peak,High,52,Negative,Crowding
79,Aajke bus er jonno eto wait korte holo je matha noshto hoye gelo. Peak hour e regular service thakar kotha.,32,Office Employee,Morning Peak,Severe,61,Negative,Delay
80,"Safety was okay today, though the boarding process could be better.",48,Student,Evening Peak,High,8,Neutral,Safety
81,"The vehicle looked poorly maintained, and it made an already tiring trip feel worse.",60,Office Employee,Evening Peak,High,60,Negative,Cleanliness
82,"I got enough information after asking around, though it was not very clear at first.",24,Banker,Morning Peak,High,8,Neutral,Information
83,I felt comparatively secure throughout the journey.,39,Freelancer,Evening Peak,High,4,Positive,Safety
84,"Peak hour e local bus e comfort expect kora jay na, but ajke situation aro kharap chilo.",29,Healthcare Worker,Morning Peak,Severe,58,Negative,Comfort
85,Accessibility was average; it could be better for elderly passengers.,18,Job Seeker,Evening Peak,Severe,16,Neutral,Accessibility
86,"It was not cheap, but not unreasonable either.",18,Student,Evening Peak,Severe,17,Neutral,Cost
87,"There was some confusion, but I still reached the right destination.",32,Student,Evening Peak,High,14,Neutral,Information
88,The bus was so packed that I kept worrying about my phone and wallet the whole trip.,39,Homemaker,Morning Peak,Moderate,32,Negative,Safety
89,"Nothing serious happened, but the route still feels a little risky during rush hour.",21,Homemaker,Evening Peak,Severe,15,Neutral,Safety
90,There was no clear information about where the bus would stop or how long the delay would be.,37,Shopkeeper,Morning Peak,Severe,40,Negative,Information
91,"There was some confusion, but I still reached the right destination.",28,Driver,Morning Peak,Moderate,20,Neutral,Information
92,"I got enough information after asking around, though it was not very clear at first.",18,Homemaker,Morning Peak,Moderate,13,Neutral,Information
93,"Boarding was more orderly today, which made the trip feel safer.",30,Factory Worker,Evening Peak,High,10,Positive,Safety
94,"Everyone was squeezed together, and even moving one step inside felt impossible.",55,Driver,Morning Peak,High,36,Negative,Crowding
95,"I expected more buses on Mohakhali to Badda, but service frequency was disappointing today.",45,Student,Evening Peak,High,37,Negative,Availability
96,"The inside looked maintained, which made the trip easier to tolerate.",30,Office Employee,Morning Peak,High,4,Positive,Cleanliness
97,Getting on the bus was difficult because it barely stopped near the designated stop.,41,Student,Morning Peak,High,55,Negative,Accessibility
98,"It was not cheap, but not unreasonable either.",57,Freelancer,Morning Peak,Severe,20,Neutral,Cost
99,"The inside looked maintained, which made the trip easier to tolerate.",38,Healthcare Worker,Evening Peak,Moderate,3,Positive,Cleanliness
100,Staff behavior made the whole ride more unpleasant than it needed to be.,31,Job Seeker,Evening Peak,High,41,Negative,Staff Behavior
101,"If the service stays like this, the fare should not keep increasing.",47,Office Employee,Evening Peak,High,33,Negative,Cost
102,"I expected more buses on Farmgate to Mohakhali, but service frequency was disappointing today.",20,Teacher,Evening Peak,High,20,Negative,Availability
103,The information given by staff was helpful and saved time.,22,Banker,Morning Peak,Moderate,11,Positive,Information
104,"Bus e kono clear information chilo na, especially notun passenger der jonno eta problem.",28,Shopkeeper,Morning Peak,Severe,58,Negative,Information
105,Staff behavior made the whole ride more unpleasant than it needed to be.,43,Freelancer,Evening Peak,High,27,Negative,Staff Behavior
106,"Peak time e bus kom thake, tai sobai ekta bus er upor chap pore jay.",36,Homemaker,Evening Peak,Moderate,46,Negative,Availability
107,I felt comparatively secure throughout the journey.,45,Healthcare Worker,Evening Peak,High,8,Positive,Safety
108,The bus stopped properly and boarding was easier today.,38,Healthcare Worker,Morning Peak,High,12,Positive,Accessibility
109,There seemed to be more buses on the road than usual.,30,Homemaker,Morning Peak,High,4,Positive,Availability
110,"Vara ta service er sathe match kore na. Joto taka dei, toto quality pai na.",26,Shopkeeper,Morning Peak,High,61,Negative,Cost
111,"The fare felt acceptable, though service quality could still improve.",41,Freelancer,Evening Peak,Severe,15,Neutral,Cost
112,"The footpath near the stop was crowded and broken, so reaching the bus safely was not easy.",24,Healthcare Worker,Morning Peak,Moderate,21,Negative,Accessibility
113,I could follow the stops without much confusion.,49,Small Business,Morning Peak,Moderate,11,Positive,Information
114,"Bus e kono clear information chilo na, especially notun passenger der jonno eta problem.",43,Factory Worker,Evening Peak,Severe,43,Negative,Information
115,I had to ask three people before confirming whether this bus was going my way.,48,Factory Worker,Morning Peak,Severe,53,Negative,Information
116,The fare felt fair enough for the distance I traveled.,44,Driver,Morning Peak,Severe,9,Positive,Cost
117,"The inside of the bus was dusty, the seats were dirty, and there was a bad smell the whole way.",22,Teacher,Evening Peak,Severe,34,Negative,Cleanliness
118,"Traffic slowed the trip, but overall it was average.",28,Freelancer,Evening Peak,High,10,Neutral,Delay
119,"The local bus showed up very late today. By the time I reached my campus, I was already behind schedule.",47,Healthcare Worker,Evening Peak,Moderate,50,Negative,Delay
120,"Same problem again to long wait, slow movement, and too many unnecessary stops. Morning peak in Dhaka feels impossible sometimes.",48,Homemaker,Evening Peak,High,64,Negative,Delay
121,"Too many passengers, no personal space, and constant pushing—this should not be normal.",21,Office Employee,Evening Peak,High,57,Negative,Crowding
122,The bus was so packed that I kept worrying about my phone and wallet the whole trip.,40,Homemaker,Morning Peak,Moderate,63,Negative,Safety
123,A calm and respectful attitude from the staff made the ride easier.,48,Banker,Morning Peak,Moderate,11,Positive,Staff Behavior
124,Communication from the conductor was average today.,33,Banker,Morning Peak,High,19,Neutral,Staff Behavior
125,"It was not cheap, but not unreasonable either.",48,Banker,Evening Peak,Severe,13,Neutral,Cost
126,"The bus was not very clean, but it was acceptable for a regular local bus trip.",28,Student,Morning Peak,High,15,Neutral,Cleanliness
127,Even a small sign or proper announcement could have made this trip easier.,52,Healthcare Worker,Morning Peak,Severe,61,Negative,Information
128,"The fare felt acceptable, though service quality could still improve.",27,Banker,Evening Peak,Moderate,18,Neutral,Cost
129,Accessibility was average; it could be better for elderly passengers.,20,Factory Worker,Evening Peak,Severe,8,Neutral,Accessibility
130,"The ride felt somewhat crowded, but I did not face any major safety issue.",50,Teacher,Evening Peak,Moderate,18,Neutral,Safety
131,There was no clear information about where the bus would stop or how long the delay would be.,50,Healthcare Worker,Evening Peak,Severe,54,Negative,Information
132,"The inside of the bus was dusty, the seats were dirty, and there was a bad smell the whole way.",48,Teacher,Evening Peak,Severe,62,Negative,Cleanliness
133,"There was some waiting time, though it was still manageable.",41,Banker,Morning Peak,High,10,Neutral,Delay
134,"Traffic slowed the trip, but overall it was average.",47,Factory Worker,Morning Peak,Moderate,13,Neutral,Delay
135,"The bus was not very clean, but it was acceptable for a regular local bus trip.",20,Office Employee,Morning Peak,High,11,Neutral,Cleanliness
136,"The local bus showed up very late today. By the time I reached my class, I was already behind schedule.",45,Small Business,Morning Peak,High,54,Negative,Delay
137,The information given by staff was helpful and saved time.,48,Job Seeker,Evening Peak,Severe,7,Positive,Information
138,I would say the cost was average for this route.,26,Small Business,Morning Peak,Severe,8,Neutral,Cost
139,Staff behavior was better today; they were helpful without being rude.,42,Job Seeker,Morning Peak,Low,5,Positive,Staff Behavior
140,"The bus was not very clean, but it was acceptable for a regular local bus trip.",54,Small Business,Evening Peak,Moderate,8,Neutral,Cleanliness
141,I had to ask three people before confirming whether this bus was going my way.,53,Homemaker,Morning Peak,High,65,Negative,Information
142,"I got enough information after asking around, though it was not very clear at first.",49,Driver,Morning Peak,High,17,Neutral,Information
143,I had to ask three people before confirming whether this bus was going my way.,27,Shopkeeper,Evening Peak,Severe,38,Negative,Information
144,"There was some confusion, but I still reached the right destination.",29,Driver,Morning Peak,Moderate,15,Neutral,Information
145,"From Uttara to Airport, the delay was frustrating. I left early but still got late because the bus service was irregular.",34,Office Employee,Evening Peak,Severe,62,Negative,Delay
146,"Traffic slowed the trip, but overall it was average.",45,Office Employee,Evening Peak,High,8,Neutral,Delay
147,Bus e emon bhir chilo je neme jabar agei chinta hoye jacchilo kivabe gate porjonto jabo.,51,Freelancer,Evening Peak,High,63,Negative,Crowding
148,"Nothing serious happened, but the route still feels a little risky during rush hour.",41,Shopkeeper,Morning Peak,Severe,13,Neutral,Safety
149,The helper was rude when passengers asked whether the bus would stop at the next point.,34,Banker,Morning Peak,Severe,45,Negative,Staff Behavior
150,Bus ta onek nongra chilo. Gari te uthar por thekei uncomfortable lagchilo.,26,Freelancer,Evening Peak,High,51,Negative,Cleanliness
151,"The bus was cleaner than I expected, and the seating area was in decent shape.",37,Job Seeker,Morning Peak,High,10,Positive,Cleanliness
152,Crowding was less intense than I expected today.,21,Job Seeker,Morning Peak,Severe,6,Positive,Crowding
153,I had to ask three people before confirming whether this bus was going my way.,41,Job Seeker,Morning Peak,High,46,Negative,Information
154,"Traffic slowed the trip, but overall it was average.",54,Factory Worker,Evening Peak,High,20,Neutral,Delay
155,This route is hard for elderly passengers. Even healthy people struggle to board during peak hours.,26,Office Employee,Evening Peak,High,54,Negative,Accessibility
156,Aajke bus er jonno eto wait korte holo je matha noshto hoye gelo. Peak hour e regular service thakar kotha.,44,Teacher,Evening Peak,Moderate,51,Negative,Delay
157,The bus stopped properly and boarding was easier today.,46,Shopkeeper,Evening Peak,Severe,9,Positive,Accessibility
158,The fare is not the only issue—the unclear way they collect it creates arguments almost every day.,51,Factory Worker,Evening Peak,High,56,Negative,Cost
159,"I do not expect luxury, but at least the bus should be clean enough to sit comfortably.",31,Factory Worker,Evening Peak,High,65,Negative,Cleanliness
160,Bus ta onek nongra chilo. Gari te uthar por thekei uncomfortable lagchilo.,59,Banker,Evening Peak,Moderate,39,Negative,Cleanliness
161,There were far fewer buses than the number of waiting passengers. The line just kept getting longer.,49,Healthcare Worker,Morning Peak,Severe,46,Negative,Availability
162,"I do not expect luxury, but at least the bus should be clean enough to sit comfortably.",23,Factory Worker,Evening Peak,Moderate,33,Negative,Cleanliness
163,"Vara ta service er sathe match kore na. Joto taka dei, toto quality pai na.",32,Factory Worker,Evening Peak,Moderate,62,Negative,Cost
164,Staff behavior made the whole ride more unpleasant than it needed to be.,53,Healthcare Worker,Evening Peak,Moderate,56,Negative,Staff Behavior
165,"For once, the trip moved smoothly and I reached on time.",60,Banker,Evening Peak,Moderate,4,Positive,Delay
166,Clear route and stop information would save passengers a lot of confusion.,31,Homemaker,Evening Peak,Moderate,54,Negative,Information
167,"I got enough information after asking around, though it was not very clear at first.",22,Student,Evening Peak,High,18,Neutral,Information
168,Staff behavior was okay overall.,42,Freelancer,Morning Peak,Low,18,Neutral,Staff Behavior
169,The fare felt fair enough for the distance I traveled.,28,Driver,Evening Peak,High,5,Positive,Cost
170,Communication from the conductor was average today.,39,Banker,Evening Peak,Severe,20,Neutral,Staff Behavior
171,I had to ask three people before confirming whether this bus was going my way.,47,Office Employee,Evening Peak,High,44,Negative,Information
172,"I was standing at Kuril for almost 37 minutes and still no bus came on time. For a weekday peak hour, this is exhausting.",53,Homemaker,Evening Peak,Moderate,55,Negative,Delay
173,"Nothing serious happened, but the route still feels a little risky during rush hour.",44,Teacher,Evening Peak,Severe,15,Neutral,Safety
174,"For daily commuting, the cleanliness is really below standard. The floor was messy and the windows looked untouched.",54,Factory Worker,Evening Peak,High,50,Negative,Cleanliness
175,Crowding made the ride stressful from start to finish. I could barely breathe comfortably.,57,Homemaker,Morning Peak,High,22,Negative,Crowding
176,"If you miss one local bus on this route, you may have to wait a long time for the next one.",33,Teacher,Evening Peak,Severe,24,Negative,Availability
177,"The driver handled the bus carefully today, and the ride felt safer than usual.",59,Small Business,Evening Peak,Severe,11,Positive,Safety
178,"There were buses on the route, but not enough to reduce waiting fully.",33,Small Business,Morning Peak,High,19,Neutral,Availability
179,The fare is not the only issue—the unclear way they collect it creates arguments almost every day.,26,Office Employee,Morning Peak,High,38,Negative,Cost
180,"If you miss one local bus on this route, you may have to wait a long time for the next one.",59,Healthcare Worker,Morning Peak,High,35,Negative,Availability
181,Bus ta onek nongra chilo. Gari te uthar por thekei uncomfortable lagchilo.,29,Factory Worker,Morning Peak,Severe,42,Negative,Cleanliness
182,Aajke bus er jonno eto wait korte holo je matha noshto hoye gelo. Peak hour e regular service thakar kotha.,55,Homemaker,Evening Peak,Moderate,28,Negative,Delay
183,Ventilation was decent and the trip was less tiring today.,53,Shopkeeper,Morning Peak,Severe,5,Positive,Comfort
184,The conductor spoke politely and guided passengers clearly.,57,Banker,Evening Peak,Severe,8,Positive,Staff Behavior
185,"The inside looked used and worn, but not worse than usual.",57,Small Business,Morning Peak,Moderate,17,Neutral,Cleanliness
186,I did not mind paying this fare because the trip was manageable.,60,Factory Worker,Morning Peak,Severe,9,Positive,Cost
187,The bus was so packed that I kept worrying about my phone and wallet the whole trip.,22,Student,Morning Peak,Severe,61,Negative,Safety
188,Getting on the bus was difficult because it barely stopped near the designated stop.,59,Small Business,Evening Peak,Moderate,39,Negative,Accessibility
189,Service frequency was neither very good nor very bad.,32,Driver,Evening Peak,Severe,20,Neutral,Availability
190,"The ride was tiring, but about what I normally expect from a local bus.",18,Office Employee,Evening Peak,Moderate,10,Neutral,Comfort
191,"The bus was not very clean, but it was acceptable for a regular local bus trip.",45,Banker,Morning Peak,High,18,Neutral,Cleanliness
192,The fare felt fair enough for the distance I traveled.,59,Shopkeeper,Evening Peak,High,11,Positive,Cost
193,"The ride was tiring, but about what I normally expect from a local bus.",30,Healthcare Worker,Evening Peak,High,10,Neutral,Comfort
194,Communication from the conductor was average today.,27,Driver,Morning Peak,High,17,Neutral,Staff Behavior
195,"The driver handled the bus carefully today, and the ride felt safer than usual.",29,Banker,Evening Peak,High,10,Positive,Safety
196,"Everyone was squeezed together, and even moving one step inside felt impossible.",53,Banker,Morning Peak,Moderate,45,Negative,Crowding
197,"I do not expect luxury, but at least the bus should be clean enough to sit comfortably.",42,Office Employee,Morning Peak,Low,22,Negative,Cleanliness
198,"The bus was a bit late today, but not unusually late for a weekday in Dhaka.",39,Factory Worker,Morning Peak,High,10,Neutral,Delay
199,Crowding made the ride stressful from start to finish. I could barely breathe comfortably.,48,Factory Worker,Morning Peak,Severe,51,Negative,Crowding
200,Clear route and stop information would save passengers a lot of confusion.,37,Homemaker,Evening Peak,High,57,Negative,Information
201,"The bus was busy but still manageable, which is a relief during peak time.",48,Student,Morning Peak,Moderate,12,Positive,Crowding
202,A little politeness would make a big difference for regular commuters.,42,Small Business,Morning Peak,Severe,40,Negative,Staff Behavior
203,The information given by staff was helpful and saved time.,49,Shopkeeper,Evening Peak,Severe,10,Positive,Information
204,Clear route and stop information would save passengers a lot of confusion.,19,Driver,Morning Peak,High,61,Negative,Information
205,"Traffic slowed the trip, but overall it was average.",18,Homemaker,Morning Peak,Severe,12,Neutral,Delay
206,"Boarding was more orderly today, which made the trip feel safer.",36,Shopkeeper,Evening Peak,Severe,5,Positive,Safety
207,I could follow the stops without much confusion.,45,Freelancer,Evening Peak,Severe,11,Positive,Information
208,"The bus came sooner than I expected, which almost never happens during peak hour.",35,Teacher,Morning Peak,Moderate,5,Positive,Delay
209,I felt comparatively secure throughout the journey.,36,Student,Morning Peak,Severe,6,Positive,Safety
210,"The ride was jerky, noisy, and uncomfortable, especially while standing.",58,Small Business,Morning Peak,Moderate,42,Negative,Comfort
211,"I expected more buses on Jatrabari to Badda, but service frequency was disappointing today.",33,Office Employee,Morning Peak,Moderate,19,Negative,Availability
212,Staff behavior was okay overall.,18,Homemaker,Morning Peak,Severe,14,Neutral,Staff Behavior
213,"The driver handled the bus carefully today, and the ride felt safer than usual.",19,Freelancer,Evening Peak,High,4,Positive,Safety
214,"The driver handled the bus carefully today, and the ride felt safer than usual.",19,Shopkeeper,Morning Peak,Moderate,6,Positive,Safety
215,The helper was rude when passengers asked whether the bus would stop at the next point.,59,Student,Evening Peak,Moderate,19,Negative,Staff Behavior
216,"Everyone was squeezed together, and even moving one step inside felt impossible.",25,Healthcare Worker,Evening Peak,Moderate,39,Negative,Crowding
217,"It was not cheap, but not unreasonable either.",44,Healthcare Worker,Morning Peak,High,19,Neutral,Cost
218,"It was not cheap, but not unreasonable either.",40,Office Employee,Evening Peak,High,17,Neutral,Cost
219,"Bus e kono clear information chilo na, especially notun passenger der jonno eta problem.",38,Driver,Morning Peak,High,50,Negative,Information
220,Bus e emon bhir chilo je neme jabar agei chinta hoye jacchilo kivabe gate porjonto jabo.,36,Banker,Morning Peak,Moderate,29,Negative,Crowding
221,Staff behavior was better today; they were helpful without being rude.,32,Office Employee,Morning Peak,High,3,Positive,Staff Behavior
222,A little politeness would make a big difference for regular commuters.,37,Freelancer,Morning Peak,High,64,Negative,Staff Behavior
223,"Everyone was squeezed together, and even moving one step inside felt impossible.",44,Banker,Evening Peak,Moderate,25,Negative,Crowding
224,Crowding made the ride stressful from start to finish. I could barely breathe comfortably.,30,Student,Morning Peak,High,55,Negative,Crowding
225,"From Azimpur to Shahbagh, the delay was frustrating. I left early but still got late because the bus service was irregular.",20,Student,Evening Peak,Severe,28,Negative,Delay
226,A calm and respectful attitude from the staff made the ride easier.,47,Small Business,Evening Peak,Severe,7,Positive,Staff Behavior
227,The information given by staff was helpful and saved time.,36,Office Employee,Evening Peak,Severe,3,Positive,Information
228,Getting on and off was smoother than usual.,23,Teacher,Morning Peak,Severe,5,Positive,Accessibility
229,"I expected a rough commute, but it was actually manageable.",53,Healthcare Worker,Evening Peak,High,12,Positive,Comfort
230,"During office time, availability is still poor. Demand is clearly higher than supply.",26,Freelancer,Evening Peak,Moderate,42,Negative,Availability
231,The bus did not stop properly and passengers had to get on while it was moving slowly. That is not safe at all.,50,Small Business,Evening Peak,Severe,51,Negative,Safety
232,Bus e emon bhir chilo je neme jabar agei chinta hoye jacchilo kivabe gate porjonto jabo.,25,Teacher,Evening Peak,Low,20,Negative,Crowding
233,"The driver handled the bus carefully today, and the ride felt safer than usual.",27,Student,Morning Peak,Severe,12,Positive,Safety
234,"The bus came sooner than I expected, which almost never happens during peak hour.",21,Teacher,Morning Peak,High,4,Positive,Delay
235,"Same problem again to long wait, slow movement, and too many unnecessary stops. Morning peak in Dhaka feels impossible sometimes.",47,Teacher,Morning Peak,High,39,Negative,Delay
236,The bus did not stop properly and passengers had to get on while it was moving slowly. That is not safe at all.,60,Office Employee,Evening Peak,Moderate,61,Negative,Safety
237,There were far fewer buses than the number of waiting passengers. The line just kept getting longer.,20,Healthcare Worker,Morning Peak,Moderate,41,Negative,Availability
238,"I do not expect luxury, but at least the bus should be clean enough to sit comfortably.",41,Office Employee,Morning Peak,High,60,Negative,Cleanliness
239,"I was standing at Farmgate for almost 31 minutes and still no bus came on time. For a weekday peak hour, this is exhausting.",21,Factory Worker,Morning Peak,High,63,Negative,Delay
240,I could follow the stops without much confusion.,21,Job Seeker,Evening Peak,Moderate,4,Positive,Information
241,Ventilation was decent and the trip was less tiring today.,41,Driver,Evening Peak,Low,8,Positive,Comfort
242,Communication from the conductor was average today.,28,Factory Worker,Evening Peak,Low,16,Neutral,Staff Behavior
243,"The driver handled the bus carefully today, and the ride felt safer than usual.",25,Banker,Evening Peak,Moderate,5,Positive,Safety
244,The fare is not the only issue—the unclear way they collect it creates arguments almost every day.,22,Driver,Evening Peak,High,23,Negative,Cost
245,"The staff were not especially helpful, but they were not very rude either.",33,Homemaker,Evening Peak,Moderate,9,Neutral,Staff Behavior
246,"I had to stand for part of the journey, though it was manageable.",54,Student,Morning Peak,Moderate,11,Neutral,Crowding
247,"If you miss one local bus on this route, you may have to wait a long time for the next one.",34,Small Business,Evening Peak,High,56,Negative,Availability
248,"There was pressure inside the bus, but not severe.",24,Small Business,Morning Peak,Moderate,10,Neutral,Crowding
249,Bus ta onek nongra chilo. Gari te uthar por thekei uncomfortable lagchilo.,45,Homemaker,Evening Peak,Severe,18,Negative,Cleanliness
250,"Nothing serious happened, but the route still feels a little risky during rush hour.",35,Shopkeeper,Evening Peak,High,9,Neutral,Safety
251,"The inside of the bus was dusty, the seats were dirty, and there was a bad smell the whole way.",40,Small Business,Evening Peak,Severe,24,Negative,Cleanliness
252,"During office time, availability is still poor. Demand is clearly higher than supply.",32,Shopkeeper,Evening Peak,High,32,Negative,Availability
253,Clear route and stop information would save passengers a lot of confusion.,38,Office Employee,Morning Peak,Severe,29,Negative,Information
254,"A bus came after some waiting, so availability was average today.",26,Student,Morning Peak,Severe,15,Neutral,Availability
255,"The vehicle looked poorly maintained, and it made an already tiring trip feel worse.",34,Banker,Morning Peak,Moderate,25,Negative,Cleanliness
256,"The bus was cleaner than I expected, and the seating area was in decent shape.",39,Factory Worker,Evening Peak,High,6,Positive,Cleanliness
257,Even a small sign or proper announcement could have made this trip easier.,19,Shopkeeper,Evening Peak,Severe,19,Negative,Information
258,Getting on and off was smoother than usual.,21,Small Business,Evening Peak,High,7,Positive,Accessibility
259,I felt comparatively secure throughout the journey.,48,Homemaker,Morning Peak,Moderate,8,Positive,Safety
260,Even a small sign or proper announcement could have made this trip easier.,34,Teacher,Morning Peak,Severe,46,Negative,Information
261,The bus doors were crowded and there was no support for people who need extra time to board.,31,Banker,Evening Peak,Severe,33,Negative,Accessibility
262,"The bus was crowded, but that is normal during peak time.",29,Freelancer,Evening Peak,Severe,13,Neutral,Crowding
263,A calm and respectful attitude from the staff made the ride easier.,21,Driver,Morning Peak,Severe,10,Positive,Staff Behavior
264,Bus ta onek nongra chilo. Gari te uthar por thekei uncomfortable lagchilo.,47,Driver,Morning Peak,High,39,Negative,Cleanliness
265,The bus stopped properly and boarding was easier today.,58,Factory Worker,Morning Peak,Severe,6,Positive,Accessibility
266,The bus doors were crowded and there was no support for people who need extra time to board.,42,Student,Morning Peak,High,34,Negative,Accessibility
267,There seemed to be more buses on the road than usual.,34,Healthcare Worker,Evening Peak,Moderate,6,Positive,Availability
268,"There was some waiting time, though it was still manageable.",53,Factory Worker,Morning Peak,Moderate,17,Neutral,Delay
269,Communication from the conductor was average today.,44,Healthcare Worker,Evening Peak,High,13,Neutral,Staff Behavior
270,"I expected more buses on Farmgate to Mohakhali, but service frequency was disappointing today.",47,Homemaker,Evening Peak,Severe,22,Negative,Availability
271,"I do not expect luxury, but at least the bus should be clean enough to sit comfortably.",18,Banker,Morning Peak,Moderate,21,Negative,Cleanliness
272,"The footpath near the stop was crowded and broken, so reaching the bus safely was not easy.",40,Driver,Morning Peak,High,54,Negative,Accessibility
273,"For daily commuting, the cleanliness is really below standard. The floor was messy and the windows looked untouched.",46,Shopkeeper,Evening Peak,Severe,18,Negative,Cleanliness
274,Bus e emon bhir chilo je neme jabar agei chinta hoye jacchilo kivabe gate porjonto jabo.,20,Homemaker,Morning Peak,Severe,28,Negative,Crowding
275,"If the service stays like this, the fare should not keep increasing.",21,Healthcare Worker,Evening Peak,Severe,53,Negative,Cost
276,The bus was so packed that I kept worrying about my phone and wallet the whole trip.,53,Healthcare Worker,Morning Peak,High,61,Negative,Safety
277,"Between heat, noise, and crowding, this felt like a very draining commute.",49,Office Employee,Morning Peak,High,48,Negative,Comfort
278,"I found a bus fairly quickly, even during the rush.",33,Homemaker,Morning Peak,Severe,12,Positive,Availability
279,"Peak hour e local bus e comfort expect kora jay na, but ajke situation aro kharap chilo.",45,Student,Morning Peak,High,19,Negative,Comfort
280,There were far fewer buses than the number of waiting passengers. The line just kept getting longer.,52,Driver,Morning Peak,Severe,58,Negative,Availability
281,"The inside looked used and worn, but not worse than usual.",52,Teacher,Evening Peak,Moderate,14,Neutral,Cleanliness
282,"Boarding was more orderly today, which made the trip feel safer.",58,Factory Worker,Evening Peak,Moderate,7,Positive,Safety
283,Travel time was reasonable today and the service felt more reliable than usual.,47,Office Employee,Morning Peak,High,9,Positive,Delay
284,Helper er kotha bolar dhoron bhalo chilo na. Choto proshno korleo kharap bhabe jawab dicchilo.,31,Student,Evening Peak,High,29,Negative,Staff Behavior
285,Staff behavior made the whole ride more unpleasant than it needed to be.,50,Homemaker,Morning Peak,Severe,48,Negative,Staff Behavior
286,"Vara ta service er sathe match kore na. Joto taka dei, toto quality pai na.",57,Freelancer,Evening Peak,High,53,Negative,Cost
287,There was no clear information about where the bus would stop or how long the delay would be.,41,Teacher,Morning Peak,High,36,Negative,Information
288,There was no clear information about where the bus would stop or how long the delay would be.,56,Homemaker,Morning Peak,Severe,18,Negative,Information
289,I paid more than usual today and there was no proper explanation from the conductor.,22,Driver,Evening Peak,High,31,Negative,Cost
290,"There was pressure inside the bus, but not severe.",56,Driver,Morning Peak,High,19,Neutral,Crowding
291,I could stand comfortably enough without being pushed around too much.,42,Driver,Evening Peak,High,5,Positive,Crowding
292,Accessibility was average; it could be better for elderly passengers.,55,Small Business,Evening Peak,High,18,Neutral,Accessibility
293,Communication from the conductor was average today.,36,Factory Worker,Evening Peak,High,16,Neutral,Staff Behavior
294,"From Jatrabari to Gulistan, the delay was frustrating. I left early but still got late because the bus service was irregular.",42,Factory Worker,Morning Peak,Severe,29,Negative,Delay
295,"The fare felt acceptable, though service quality could still improve.",52,Office Employee,Morning Peak,Moderate,11,Neutral,Cost
296,"I do not expect luxury, but at least the bus should be clean enough to sit comfortably.",21,Small Business,Morning Peak,High,27,Negative,Cleanliness
297,The conductor kept shouting instead of answering simple fare questions calmly.,44,Driver,Evening Peak,Severe,62,Negative,Staff Behavior
298,"For a local bus, the condition was actually acceptable today.",32,Student,Morning Peak,High,9,Positive,Cleanliness
299,"I found a bus fairly quickly, even during the rush.",40,Banker,Morning Peak,High,6,Positive,Availability
300,"The inside looked used and worn, but not worse than usual.",33,Office Employee,Evening Peak,Moderate,17,Neutral,Cleanliness
301,I would say the cost was average for this route.,41,Healthcare Worker,Morning Peak,High,9,Neutral,Cost
302,"The bus was crowded, but that is normal during peak time.",33,Student,Evening Peak,Severe,11,Neutral,Crowding
303,"The stop area was busy, though still usable.",22,Student,Evening Peak,Severe,19,Neutral,Accessibility
304,The conductor kept shouting instead of answering simple fare questions calmly.,47,Teacher,Morning Peak,Severe,59,Negative,Staff Behavior
305,"The inside looked used and worn, but not worse than usual.",35,Shopkeeper,Evening Peak,Moderate,17,Neutral,Cleanliness
306,The bus stopped properly and boarding was easier today.,48,Driver,Evening Peak,High,12,Positive,Accessibility
307,"The stop area was busy, though still usable.",20,Office Employee,Morning Peak,High,9,Neutral,Accessibility
308,"The bus was a bit late today, but not unusually late for a weekday in Dhaka.",22,Shopkeeper,Evening Peak,Moderate,8,Neutral,Delay
309,"The bus was crowded, but that is normal during peak time.",18,Healthcare Worker,Evening Peak,High,8,Neutral,Crowding
310,"I expected more buses on New Market to Science Lab, but service frequency was disappointing today.",57,Teacher,Morning Peak,High,44,Negative,Availability
311,Bus ta onek nongra chilo. Gari te uthar por thekei uncomfortable lagchilo.,45,Freelancer,Evening Peak,Severe,65,Negative,Cleanliness
312,"The bus was not very clean, but it was acceptable for a regular local bus trip.",49,Teacher,Evening Peak,High,8,Neutral,Cleanliness
313,"The ride was jerky, noisy, and uncomfortable, especially while standing.",53,Office Employee,Evening Peak,High,56,Negative,Comfort
314,"People were pushing near the gate while boarding, and it felt risky, especially for women and older passengers.",29,Shopkeeper,Evening Peak,High,24,Negative,Safety
315,The bus stopped properly and boarding was easier today.,50,Student,Morning Peak,Moderate,10,Positive,Accessibility
316,Availability was better today and I did not have to wait too long.,18,Office Employee,Morning Peak,High,11,Positive,Availability
317,"Peak time e bus kom thake, tai sobai ekta bus er upor chap pore jay.",50,Job Seeker,Evening Peak,Moderate,36,Negative,Availability
318,"Traffic slowed the trip, but overall it was average.",32,Small Business,Morning Peak,High,15,Neutral,Delay
319,"The ride was jerky, noisy, and uncomfortable, especially while standing.",53,Homemaker,Evening Peak,Severe,48,Negative,Comfort
320,"For a local bus, the condition was actually acceptable today.",18,Student,Morning Peak,Moderate,6,Positive,Cleanliness
321,There seemed to be more buses on the road than usual.,37,Teacher,Evening Peak,Severe,10,Positive,Availability
322,"The stop area was busy, though still usable.",39,Job Seeker,Morning Peak,Moderate,20,Neutral,Accessibility
323,"Peak time e bus kom thake, tai sobai ekta bus er upor chap pore jay.",57,Shopkeeper,Evening Peak,High,42,Negative,Availability
324,Rush hour e safety niye onek tension lage. Driver o helper duijon e khub aggressive chilo.,32,Healthcare Worker,Evening Peak,Moderate,20,Negative,Safety
325,The seat condition was poor and there was no real comfort during the trip.,46,Factory Worker,Evening Peak,Severe,56,Negative,Comfort
326,The helper was rude when passengers asked whether the bus would stop at the next point.,35,Job Seeker,Morning Peak,Moderate,24,Negative,Staff Behavior
327,There was no clear information about where the bus would stop or how long the delay would be.,53,Healthcare Worker,Morning Peak,Severe,42,Negative,Information
328,"Vara ta service er sathe match kore na. Joto taka dei, toto quality pai na.",29,Small Business,Evening Peak,Moderate,18,Negative,Cost
329,"The stop access felt manageable, even during the busy hour.",48,Freelancer,Evening Peak,High,6,Positive,Accessibility
330,"The bus was cleaner than I expected, and the seating area was in decent shape.",57,Teacher,Morning Peak,Severe,8,Positive,Cleanliness
331,Getting on and off was smoother than usual.,37,Homemaker,Morning Peak,High,5,Positive,Accessibility
332,"I got enough information after asking around, though it was not very clear at first.",39,Small Business,Evening Peak,Moderate,15,Neutral,Information
333,"There were buses on the route, but not enough to reduce waiting fully.",28,Job Seeker,Morning Peak,Severe,16,Neutral,Availability
334,Staff behavior made the whole ride more unpleasant than it needed to be.,37,Healthcare Worker,Evening Peak,High,29,Negative,Staff Behavior
335,The bus doors were crowded and there was no support for people who need extra time to board.,19,Shopkeeper,Evening Peak,High,22,Negative,Accessibility
336,"I got enough information after asking around, though it was not very clear at first.",42,Driver,Evening Peak,Severe,14,Neutral,Information
337,The fare felt too high considering how crowded and uncomfortable the ride was.,29,Homemaker,Morning Peak,High,21,Negative,Cost
338,"The ride was tiring, but about what I normally expect from a local bus.",60,Factory Worker,Morning Peak,Moderate,8,Neutral,Comfort
339,I felt comparatively secure throughout the journey.,60,Factory Worker,Evening Peak,High,11,Positive,Safety
340,Staff behavior made the whole ride more unpleasant than it needed to be.,39,Driver,Evening Peak,High,58,Negative,Staff Behavior
341,Rush hour e safety niye onek tension lage. Driver o helper duijon e khub aggressive chilo.,24,Banker,Morning Peak,High,61,Negative,Safety
342,There seemed to be more buses on the road than usual.,29,Shopkeeper,Morning Peak,High,11,Positive,Availability
343,"I do not expect luxury, but at least the bus should be clean enough to sit comfortably.",53,Student,Evening Peak,Moderate,22,Negative,Cleanliness
344,Crowding was less intense than I expected today.,23,Teacher,Morning Peak,Severe,9,Positive,Crowding
345,Staff behavior was okay overall.,24,Homemaker,Evening Peak,Severe,19,Neutral,Staff Behavior
346,"Nothing serious happened, but the route still feels a little risky during rush hour.",43,Job Seeker,Evening Peak,Severe,16,Neutral,Safety
347,The driver was braking so hard that everyone almost fell forward. I honestly did not feel safe.,50,Office Employee,Morning Peak,High,20,Negative,Safety
348,"The staff were not especially helpful, but they were not very rude either.",20,Small Business,Evening Peak,Severe,10,Neutral,Staff Behavior
349,"It was not cheap, but not unreasonable either.",47,Freelancer,Morning Peak,Low,18,Neutral,Cost
350,"During office time, availability is still poor. Demand is clearly higher than supply.",40,Small Business,Evening Peak,Severe,62,Negative,Availability
351,I paid more than usual today and there was no proper explanation from the conductor.,38,Driver,Evening Peak,Moderate,25,Negative,Cost
352,Rush hour e safety niye onek tension lage. Driver o helper duijon e khub aggressive chilo.,20,Homemaker,Morning Peak,Moderate,50,Negative,Safety
353,"Boarding was more orderly today, which made the trip feel safer.",33,Homemaker,Morning Peak,Moderate,12,Positive,Safety
354,"The bus came sooner than I expected, which almost never happens during peak hour.",43,Shopkeeper,Evening Peak,High,12,Positive,Delay
355,"A bus came after some waiting, so availability was average today.",51,Freelancer,Evening Peak,Moderate,16,Neutral,Availability
356,"The fare felt acceptable, though service quality could still improve.",21,Office Employee,Morning Peak,Severe,17,Neutral,Cost
357,"Vara ta service er sathe match kore na. Joto taka dei, toto quality pai na.",53,Homemaker,Morning Peak,High,48,Negative,Cost
358,I could stand comfortably enough without being pushed around too much.,57,Healthcare Worker,Morning Peak,High,7,Positive,Crowding
359,"For once, the trip moved smoothly and I reached on time.",49,Freelancer,Morning Peak,High,5,Positive,Delay
360,"The ride was still busy, but it felt more comfortable than usual.",23,Small Business,Morning Peak,High,3,Positive,Comfort
361,The driver was braking so hard that everyone almost fell forward. I honestly did not feel safe.,55,Factory Worker,Evening Peak,High,63,Negative,Safety
362,"I got enough information after asking around, though it was not very clear at first.",47,Driver,Evening Peak,Moderate,16,Neutral,Information
363,"Boarding took some effort, but I managed without much trouble.",39,Job Seeker,Morning Peak,High,9,Neutral,Accessibility
364,Helper er kotha bolar dhoron bhalo chilo na. Choto proshno korleo kharap bhabe jawab dicchilo.,24,Driver,Evening Peak,Severe,22,Negative,Staff Behavior
365,"The footpath near the stop was crowded and broken, so reaching the bus safely was not easy.",48,Office Employee,Morning Peak,High,42,Negative,Accessibility
366,"The ride was jerky, noisy, and uncomfortable, especially while standing.",25,Student,Evening Peak,Low,19,Negative,Comfort
367,"Too many passengers, no personal space, and constant pushing—this should not be normal.",46,Shopkeeper,Morning Peak,High,50,Negative,Crowding
368,"I expected a rough commute, but it was actually manageable.",50,Freelancer,Morning Peak,Severe,6,Positive,Comfort
369,"Peak time e bus kom thake, tai sobai ekta bus er upor chap pore jay.",18,Freelancer,Evening Peak,Moderate,30,Negative,Availability
370,This route is hard for elderly passengers. Even healthy people struggle to board during peak hours.,34,Homemaker,Morning Peak,High,26,Negative,Accessibility
371,I felt comparatively secure throughout the journey.,35,Teacher,Evening Peak,Severe,3,Positive,Safety
372,"I was standing at Farmgate for almost 40 minutes and still no bus came on time. For a weekday peak hour, this is exhausting.",58,Healthcare Worker,Morning Peak,Moderate,49,Negative,Delay
373,The bus doors were crowded and there was no support for people who need extra time to board.,59,Job Seeker,Morning Peak,Moderate,39,Negative,Accessibility
374,A little politeness would make a big difference for regular commuters.,28,Factory Worker,Morning Peak,Severe,57,Negative,Staff Behavior
375,"Between heat, noise, and crowding, this felt like a very draining commute.",34,Factory Worker,Morning Peak,High,56,Negative,Comfort
376,Aajke bus er jonno eto wait korte holo je matha noshto hoye gelo. Peak hour e regular service thakar kotha.,56,Student,Morning Peak,High,44,Negative,Delay
377,"For a local bus, the condition was actually acceptable today.",40,Job Seeker,Morning Peak,Moderate,4,Positive,Cleanliness
378,"For once, the trip moved smoothly and I reached on time.",43,Small Business,Evening Peak,Severe,10,Positive,Delay
379,"The ride was jerky, noisy, and uncomfortable, especially while standing.",33,Shopkeeper,Morning Peak,High,48,Negative,Comfort
380,"I do not expect luxury, but at least the bus should be clean enough to sit comfortably.",40,Shopkeeper,Morning Peak,High,38,Negative,Cleanliness
381,"For once, the trip moved smoothly and I reached on time.",51,Banker,Evening Peak,High,10,Positive,Delay
382,"The local bus showed up very late today. By the time I reached my class, I was already behind schedule.",57,Homemaker,Morning Peak,Moderate,34,Negative,Delay
383,Helper er kotha bolar dhoron bhalo chilo na. Choto proshno korleo kharap bhabe jawab dicchilo.,47,Driver,Evening Peak,High,54,Negative,Staff Behavior
384,"Too many passengers, no personal space, and constant pushing to this should not be normal.",39,Factory Worker,Evening Peak,High,57,Negative,Crowding
385,"The fare felt acceptable, though service quality could still improve.",48,Office Employee,Morning Peak,Moderate,17,Neutral,Cost
386,Even a small sign or proper announcement could have made this trip easier.,49,Teacher,Morning Peak,Low,24,Negative,Information
387,"I got enough information after asking around, though it was not very clear at first.",43,Shopkeeper,Morning Peak,High,16,Neutral,Information
388,"Nothing serious happened, but the route still feels a little risky during rush hour.",50,Shopkeeper,Evening Peak,Severe,8,Neutral,Safety
389,"Everyone was squeezed together, and even moving one step inside felt impossible.",44,Freelancer,Morning Peak,Moderate,42,Negative,Crowding
390,"The ride was still busy, but it felt more comfortable than usual.",21,Office Employee,Evening Peak,Severe,8,Positive,Comfort
391,"I found a bus fairly quickly, even during the rush.",52,Small Business,Morning Peak,Severe,11,Positive,Availability
392,The bus did not stop properly and passengers had to get on while it was moving slowly. That is not safe at all.,26,Factory Worker,Evening Peak,High,22,Negative,Safety
393,There were far fewer buses than the number of waiting passengers. The line just kept getting longer.,30,Job Seeker,Evening Peak,Severe,30,Negative,Availability
394,The conductor spoke politely and guided passengers clearly.,54,Office Employee,Evening Peak,Severe,12,Positive,Staff Behavior
395,"The local bus showed up very late today. By the time I reached my work, I was already behind schedule.",45,Healthcare Worker,Evening Peak,High,24,Negative,Delay
396,I had to ask three people before confirming whether this bus was going my way.,33,Freelancer,Evening Peak,Severe,23,Negative,Information
397,I would say the cost was average for this route.,22,Teacher,Evening Peak,High,15,Neutral,Cost
398,Accessibility was average; it could be better for elderly passengers.,29,Student,Morning Peak,High,17,Neutral,Accessibility
399,Accessibility er dike khub kom attention ache. Peak hour e nama-utha duitae kosto.,34,Banker,Evening Peak,High,42,Negative,Accessibility
400,Helper er kotha bolar dhoron bhalo chilo na. Choto proshno korleo kharap bhabe jawab dicchilo.,25,Homemaker,Evening Peak,High,42,Negative,Staff Behavior
401,"It was not cheap, but not unreasonable either.",46,Office Employee,Morning Peak,Moderate,12,Neutral,Cost
402,"Safety was okay today, though the boarding process could be better.",20,Teacher,Morning Peak,Severe,19,Neutral,Safety
403,The bus doors were crowded and there was no support for people who need extra time to board.,38,Teacher,Morning Peak,Severe,56,Negative,Accessibility
404,The bus stopped properly and boarding was easier today.,33,Office Employee,Evening Peak,Moderate,7,Positive,Accessibility
405,Route information was just about manageable.,55,Job Seeker,Morning Peak,High,12,Neutral,Information
406,The fare felt too high considering how crowded and uncomfortable the ride was.,56,Freelancer,Evening Peak,Severe,31,Negative,Cost
407,The bus was so packed that I kept worrying about my phone and wallet the whole trip.,52,Office Employee,Morning Peak,High,30,Negative,Safety
408,"The fare felt acceptable, though service quality could still improve.",38,Driver,Evening Peak,Severe,11,Neutral,Cost
409,"Same problem again—long wait, slow movement, and too many unnecessary stops. Morning peak in Dhaka feels impossible sometimes.",58,Homemaker,Morning Peak,High,18,Negative,Delay
410,"During office time, availability is still poor. Demand is clearly higher than supply.",34,Job Seeker,Morning Peak,High,29,Negative,Availability
411,"I found a bus fairly quickly, even during the rush.",60,Shopkeeper,Morning Peak,High,4,Positive,Availability
412,"Bus e kono clear information chilo na, especially notun passenger der jonno eta problem.",60,Teacher,Morning Peak,Moderate,23,Negative,Information
413,"There was some confusion, but I still reached the right destination.",33,Healthcare Worker,Morning Peak,High,17,Neutral,Information
414,"The vehicle looked poorly maintained, and it made an already tiring trip feel worse.",45,Job Seeker,Morning Peak,High,18,Negative,Cleanliness
415,"Boarding took some effort, but I managed without much trouble.",53,Job Seeker,Evening Peak,Severe,16,Neutral,Accessibility
416,"I do not expect luxury, but at least the bus should be clean enough to sit comfortably.",49,Factory Worker,Evening Peak,Moderate,48,Negative,Cleanliness
417,"Compared with other days, today the cost felt reasonable.",20,Small Business,Evening Peak,Severe,9,Positive,Cost
418,The information given by staff was helpful and saved time.,56,Driver,Evening Peak,Moderate,4,Positive,Information
419,Getting on the bus was difficult because it barely stopped near the designated stop.,52,Freelancer,Morning Peak,High,64,Negative,Accessibility
420,A calm and respectful attitude from the staff made the ride easier.,51,Teacher,Evening Peak,High,6,Positive,Staff Behavior
421,Clear route and stop information would save passengers a lot of confusion.,29,Small Business,Morning Peak,Severe,31,Negative,Information
422,"I found a bus fairly quickly, even during the rush.",22,Job Seeker,Evening Peak,High,7,Positive,Availability
423,The driver was braking so hard that everyone almost fell forward. I honestly did not feel safe.,39,Teacher,Evening Peak,Moderate,31,Negative,Safety
424,"Too many passengers, no personal space, and constant pushing—this should not be normal.",59,Office Employee,Morning Peak,High,42,Negative,Crowding
425,"Boarding took some effort, but I managed without much trouble.",31,Healthcare Worker,Evening Peak,High,17,Neutral,Accessibility
426,"Boarding took some effort, but I managed without much trouble.",20,Healthcare Worker,Evening Peak,High,9,Neutral,Accessibility
427,"The ride was jerky, noisy, and uncomfortable, especially while standing.",29,Job Seeker,Morning Peak,Severe,40,Negative,Comfort
428,Getting on and off was smoother than usual.,28,Homemaker,Morning Peak,High,7,Positive,Accessibility
429,"Compared with other days, today the cost felt reasonable.",24,Banker,Evening Peak,Low,5,Positive,Cost
430,Bus e emon bhir chilo je neme jabar agei chinta hoye jacchilo kivabe gate porjonto jabo.,35,Homemaker,Evening Peak,Severe,46,Negative,Crowding
431,"The inside looked used and worn, but not worse than usual.",51,Teacher,Evening Peak,Moderate,9,Neutral,Cleanliness
432,"The ride was jerky, noisy, and uncomfortable, especially while standing.",52,Factory Worker,Morning Peak,Severe,28,Negative,Comfort
433,"For a local bus, the condition was actually acceptable today.",19,Banker,Morning Peak,Severe,5,Positive,Cleanliness
434,I felt comparatively secure throughout the journey.,32,Office Employee,Evening Peak,Severe,11,Positive,Safety
435,There were far fewer buses than the number of waiting passengers. The line just kept getting longer.,57,Student,Evening Peak,Severe,28,Negative,Availability
436,"Nothing serious happened, but the route still feels a little risky during rush hour.",49,Factory Worker,Evening Peak,Moderate,19,Neutral,Safety
437,Staff behavior made the whole ride more unpleasant than it needed to be.,44,Shopkeeper,Evening Peak,High,54,Negative,Staff Behavior
438,The bus was so full that I had to stand bent near the gate for almost the whole trip.,37,Job Seeker,Morning Peak,High,22,Negative,Crowding
439,"For a local bus, the condition was actually acceptable today.",43,Factory Worker,Evening Peak,High,7,Positive,Cleanliness
440,"The bus came sooner than I expected, which almost never happens during peak hour.",59,Job Seeker,Evening Peak,Severe,11,Positive,Delay
441,"The bus was not very clean, but it was acceptable for a regular local bus trip.",25,Banker,Morning Peak,High,12,Neutral,Cleanliness
442,"The vehicle looked poorly maintained, and it made an already tiring trip feel worse.",32,Healthcare Worker,Evening Peak,High,60,Negative,Cleanliness
443,"The ride was still busy, but it felt more comfortable than usual.",53,Student,Morning Peak,High,7,Positive,Comfort
444,Service frequency was neither very good nor very bad.,54,Healthcare Worker,Morning Peak,High,13,Neutral,Availability
445,"It was not cheap, but not unreasonable either.",42,Driver,Evening Peak,Moderate,9,Neutral,Cost
446,Crowding made the ride stressful from start to finish. I could barely breathe comfortably.,19,Homemaker,Evening Peak,High,21,Negative,Crowding
447,The conductor kept shouting instead of answering simple fare questions calmly.,27,Healthcare Worker,Evening Peak,High,41,Negative,Staff Behavior
448,"For daily commuting, the cleanliness is really below standard. The floor was messy and the windows looked untouched.",26,Healthcare Worker,Evening Peak,Moderate,64,Negative,Cleanliness
449,"If the service stays like this, the fare should not keep increasing.",46,Factory Worker,Evening Peak,High,33,Negative,Cost
450,The bus was so full that I had to stand bent near the gate for almost the whole trip.,33,Shopkeeper,Morning Peak,Moderate,48,Negative,Crowding
451,The seat condition was poor and there was no real comfort during the trip.,35,Office Employee,Morning Peak,High,42,Negative,Comfort
452,"The local bus showed up very late today. By the time I reached my campus, I was already behind schedule.",46,Banker,Evening Peak,Low,65,Negative,Delay
453,"Bus e kono clear information chilo na, especially notun passenger der jonno eta problem.",31,Healthcare Worker,Evening Peak,High,31,Negative,Information
454,"A bus came after some waiting, so availability was average today.",60,Factory Worker,Morning Peak,High,16,Neutral,Availability
455,Crowding was less intense than I expected today.,30,Teacher,Evening Peak,Severe,6,Positive,Crowding
456,"The inside of the bus was dusty, the seats were dirty, and there was a bad smell the whole way.",35,Small Business,Evening Peak,Severe,21,Negative,Cleanliness
457,"People were pushing near the gate while boarding, and it felt risky, especially for women and older passengers.",39,Shopkeeper,Evening Peak,Severe,44,Negative,Safety
458,"Safety was okay today, though the boarding process could be better.",36,Small Business,Evening Peak,High,14,Neutral,Safety
459,The helper was rude when passengers asked whether the bus would stop at the next point.,20,Healthcare Worker,Morning Peak,Moderate,51,Negative,Staff Behavior
460,"The bus was busy but still manageable, which is a relief during peak time.",55,Teacher,Morning Peak,Severe,8,Positive,Crowding
461,Rush hour e safety niye onek tension lage. Driver o helper duijon e khub aggressive chilo.,58,Homemaker,Evening Peak,Low,56,Negative,Safety
462,Accessibility was average; it could be better for elderly passengers.,60,Job Seeker,Evening Peak,High,13,Neutral,Accessibility
463,Clear route and stop information would save passengers a lot of confusion.,40,Healthcare Worker,Morning Peak,Low,48,Negative,Information
464,"The stop area was busy, though still usable.",30,Teacher,Morning Peak,Severe,17,Neutral,Accessibility
465,"Between heat, noise, and crowding, this felt like a very draining commute.",23,Healthcare Worker,Evening Peak,High,58,Negative,Comfort
466,"Bus e kono clear information chilo na, especially notun passenger der jonno eta problem.",46,Factory Worker,Evening Peak,Severe,33,Negative,Information
467,Crowding made the ride stressful from start to finish. I could barely breathe comfortably.,44,Driver,Evening Peak,High,60,Negative,Crowding
468,The information given by staff was helpful and saved time.,43,Factory Worker,Evening Peak,Severe,8,Positive,Information
469,Travel time was reasonable today and the service felt more reliable than usual.,60,Homemaker,Morning Peak,Severe,8,Positive,Delay
470,"For daily commuting, the cleanliness is really below standard. The floor was messy and the windows looked untouched.",19,Teacher,Morning Peak,High,47,Negative,Cleanliness
471,Even a small sign or proper announcement could have made this trip easier.,49,Office Employee,Morning Peak,Moderate,43,Negative,Information
472,The information given by staff was helpful and saved time.,50,Job Seeker,Evening Peak,High,8,Positive,Information
473,Travel time was reasonable today and the service felt more reliable than usual.,21,Banker,Evening Peak,Moderate,4,Positive,Delay
474,The fare is not the only issue—the unclear way they collect it creates arguments almost every day.,37,Driver,Evening Peak,Severe,61,Negative,Cost
475,"A bus came after some waiting, so availability was average today.",55,Office Employee,Morning Peak,Severe,14,Neutral,Availability
476,"The bus was not very clean, but it was acceptable for a regular local bus trip.",27,Job Seeker,Evening Peak,Moderate,10,Neutral,Cleanliness
477,"The inside of the bus was dusty, the seats were dirty, and there was a bad smell the whole way.",39,Student,Evening Peak,Moderate,57,Negative,Cleanliness
478,"There was some confusion, but I still reached the right destination.",50,Factory Worker,Evening Peak,High,11,Neutral,Information
479,This route is hard for elderly passengers. Even healthy people struggle to board during peak hours.,41,Job Seeker,Evening Peak,Severe,29,Negative,Accessibility
480,Service frequency was neither very good nor very bad.,20,Banker,Evening Peak,Moderate,14,Neutral,Availability
481,"Nothing serious happened, but the route still feels a little risky during rush hour.",29,Student,Evening Peak,High,8,Neutral,Safety
482,The bus doors were crowded and there was no support for people who need extra time to board.,39,Driver,Morning Peak,Severe,29,Negative,Accessibility
483,The helper was rude when passengers asked whether the bus would stop at the next point.,44,Factory Worker,Morning Peak,Moderate,18,Negative,Staff Behavior
484,"Safety was okay today, though the boarding process could be better.",36,Office Employee,Evening Peak,Low,19,Neutral,Safety
485,"Peak hour e local bus e comfort expect kora jay na, but ajke situation aro kharap chilo.",54,Student,Morning Peak,Severe,39,Negative,Comfort
486,"The ride was tiring, but about what I normally expect from a local bus.",19,Healthcare Worker,Evening Peak,High,8,Neutral,Comfort
487,A calm and respectful attitude from the staff made the ride easier.,22,Shopkeeper,Morning Peak,Severe,9,Positive,Staff Behavior
488,I paid more than usual today and there was no proper explanation from the conductor.,44,Homemaker,Evening Peak,High,44,Negative,Cost
489,"The stop access felt manageable, even during the busy hour.",21,Healthcare Worker,Morning Peak,Moderate,3,Positive,Accessibility
490,"Cleanliness was average today to nothing impressive, nothing terrible.",31,Banker,Evening Peak,High,16,Neutral,Cleanliness
491,Route information was just about manageable.,34,Shopkeeper,Morning Peak,Moderate,20,Neutral,Information
492,"I had to stand for part of the journey, though it was manageable.",20,Job Seeker,Morning Peak,High,13,Neutral,Crowding
493,I paid more than usual today and there was no proper explanation from the conductor.,41,Healthcare Worker,Evening Peak,Moderate,33,Negative,Cost
494,A calm and respectful attitude from the staff made the ride easier.,22,Freelancer,Evening Peak,High,6,Positive,Staff Behavior
495,There were far fewer buses than the number of waiting passengers. The line just kept getting longer.,18,Office Employee,Morning Peak,High,61,Negative,Availability
496,"If the service stays like this, the fare should not keep increasing.",57,Banker,Evening Peak,Severe,62,Negative,Cost
497,The bus did not stop properly and passengers had to get on while it was moving slowly. That is not safe at all.,33,Banker,Evening Peak,High,18,Negative,Safety
498,"Vara ta service er sathe match kore na. Joto taka dei, toto quality pai na.",37,Job Seeker,Evening Peak,Moderate,60,Negative,Cost
499,"It was extremely hot inside the bus, and there was barely any airflow.",40,Freelancer,Evening Peak,High,63,Negative,Comfort
500,"I do not expect luxury, but at least the bus should be clean enough to sit comfortably.",60,Factory Worker,Morning Peak,Severe,61,Negative,Cleanliness
501,"During office time, availability is still poor. Demand is clearly higher than supply.",49,Small Business,Morning Peak,High,20,Negative,Availability
502,This route is hard for elderly passengers. Even healthy people struggle to board during peak hours.,25,Job Seeker,Evening Peak,Moderate,65,Negative,Accessibility
503,I felt comparatively secure throughout the journey.,26,Office Employee,Morning Peak,Severe,9,Positive,Safety
504,"The ride felt somewhat crowded, but I did not face any major safety issue.",29,Teacher,Evening Peak,Moderate,20,Neutral,Safety
505,I would say the cost was average for this route.,49,Freelancer,Morning Peak,High,11,Neutral,Cost
506,"The bus was busy but still manageable, which is a relief during peak time.",22,Teacher,Evening Peak,Moderate,5,Positive,Crowding
507,There seemed to be more buses on the road than usual.,37,Job Seeker,Morning Peak,High,6,Positive,Availability
508,The fare is not the only issue to the unclear way they collect it creates arguments almost every day.,30,Office Employee,Morning Peak,Low,61,Negative,Cost
509,The fare felt fair enough for the distance I traveled.,24,Teacher,Evening Peak,High,10,Positive,Cost
510,"The bus was cleaner than I expected, and the seating area was in decent shape.",58,Teacher,Evening Peak,Moderate,8,Positive,Cleanliness
511,I would say the cost was average for this route.,51,Driver,Evening Peak,High,13,Neutral,Cost
512,"Peak hour e local bus e comfort expect kora jay na, but ajke situation aro kharap chilo.",33,Homemaker,Evening Peak,Moderate,37,Negative,Comfort
513,"I was standing at Jatrabari for almost 19 minutes and still no bus came on time. For a weekday peak hour, this is exhausting.",42,Factory Worker,Evening Peak,Moderate,29,Negative,Delay
514,I could stand comfortably enough without being pushed around too much.,58,Small Business,Evening Peak,High,3,Positive,Crowding
515,The bus was so packed that I kept worrying about my phone and wallet the whole trip.,44,Shopkeeper,Morning Peak,Severe,28,Negative,Safety
516,"The bus was cleaner than I expected, and the seating area was in decent shape.",56,Driver,Morning Peak,Moderate,6,Positive,Cleanliness
517,"The driver handled the bus carefully today, and the ride felt safer than usual.",38,Student,Morning Peak,Low,10,Positive,Safety
518,"The bus came sooner than I expected, which almost never happens during peak hour.",43,Freelancer,Morning Peak,High,12,Positive,Delay
519,"The staff were not especially helpful, but they were not very rude either.",24,Healthcare Worker,Evening Peak,Severe,11,Neutral,Staff Behavior
520,The bus was so full that I had to stand bent near the gate for almost the whole trip.,36,Teacher,Morning Peak,Low,28,Negative,Crowding
521,"The ride felt somewhat crowded, but I did not face any major safety issue.",40,Job Seeker,Morning Peak,High,8,Neutral,Safety
522,"Boarding was more orderly today, which made the trip feel safer.",60,Banker,Evening Peak,Severe,10,Positive,Safety
523,"I got enough information after asking around, though it was not very clear at first.",45,Small Business,Morning Peak,Moderate,18,Neutral,Information
524,The bus doors were crowded and there was no support for people who need extra time to board.,36,Shopkeeper,Morning Peak,High,48,Negative,Accessibility
525,"Traffic slowed the trip, but overall it was average.",44,Student,Morning Peak,Moderate,10,Neutral,Delay
526,"Bus e kono clear information chilo na, especially notun passenger der jonno eta problem.",27,Driver,Morning Peak,High,24,Negative,Information
527,Clear route and stop information would save passengers a lot of confusion.,37,Homemaker,Morning Peak,High,29,Negative,Information
528,"For a local bus, the condition was actually acceptable today.",60,Healthcare Worker,Morning Peak,Severe,9,Positive,Cleanliness
529,Even a small sign or proper announcement could have made this trip easier.,47,Freelancer,Evening Peak,Low,58,Negative,Information
530,"The inside looked used and worn, but not worse than usual.",25,Small Business,Evening Peak,Severe,14,Neutral,Cleanliness
531,"Peak hour e local bus e comfort expect kora jay na, but ajke situation aro kharap chilo.",34,Banker,Evening Peak,Severe,33,Negative,Comfort
532,"The route details were clear enough today, so I did not have to guess much.",58,Job Seeker,Evening Peak,High,11,Positive,Information
533,The bus did not stop properly and passengers had to get on while it was moving slowly. That is not safe at all.,45,Healthcare Worker,Evening Peak,Moderate,50,Negative,Safety
534,"The ride felt somewhat crowded, but I did not face any major safety issue.",23,Teacher,Morning Peak,Severe,13,Neutral,Safety
535,"Between heat, noise, and crowding, this felt like a very draining commute.",46,Homemaker,Evening Peak,High,34,Negative,Comfort
536,Service frequency was neither very good nor very bad.,43,Student,Morning Peak,Severe,20,Neutral,Availability
537,The seat condition was poor and there was no real comfort during the trip.,43,Homemaker,Evening Peak,High,50,Negative,Comfort
538,Helper er kotha bolar dhoron bhalo chilo na. Choto proshno korleo kharap bhabe jawab dicchilo.,23,Driver,Evening Peak,High,22,Negative,Staff Behavior
539,"There was some confusion, but I still reached the right destination.",25,Small Business,Morning Peak,Severe,14,Neutral,Information
540,"A bus came after some waiting, so availability was average today.",51,Shopkeeper,Morning Peak,Severe,16,Neutral,Availability
541,"Peak hour e local bus e comfort expect kora jay na, but ajke situation aro kharap chilo.",53,Office Employee,Evening Peak,High,65,Negative,Comfort
542,Accessibility er dike khub kom attention ache. Peak hour e nama-utha duitae kosto.,26,Banker,Evening Peak,Severe,36,Negative,Accessibility
543,"Peak hour e local bus e comfort expect kora jay na, but ajke situation aro kharap chilo.",32,Factory Worker,Morning Peak,High,45,Negative,Comfort
544,"There was some confusion, but I still reached the right destination.",26,Factory Worker,Evening Peak,Severe,11,Neutral,Information
545,Crowding made the ride stressful from start to finish. I could barely breathe comfortably.,47,Factory Worker,Evening Peak,Severe,62,Negative,Crowding
546,The bus was so full that I had to stand bent near the gate for almost the whole trip.,33,Job Seeker,Evening Peak,Severe,26,Negative,Crowding
547,Bus e emon bhir chilo je neme jabar agei chinta hoye jacchilo kivabe gate porjonto jabo.,21,Banker,Morning Peak,Severe,40,Negative,Crowding
548,I did not mind paying this fare because the trip was manageable.,57,Homemaker,Evening Peak,Severe,4,Positive,Cost
549,"People were pushing near the gate while boarding, and it felt risky, especially for women and older passengers.",38,Student,Evening Peak,Severe,58,Negative,Safety
550,Rush hour e safety niye onek tension lage. Driver o helper duijon e khub aggressive chilo.,38,Shopkeeper,Evening Peak,Severe,56,Negative,Safety
551,I did not mind paying this fare because the trip was manageable.,26,Freelancer,Evening Peak,Moderate,12,Positive,Cost
552,"There was pressure inside the bus, but not severe.",34,Shopkeeper,Evening Peak,Moderate,9,Neutral,Crowding
553,A calm and respectful attitude from the staff made the ride easier.,31,Banker,Evening Peak,High,3,Positive,Staff Behavior
554,"Safety was okay today, though the boarding process could be better.",50,Factory Worker,Evening Peak,Severe,19,Neutral,Safety
555,I paid more than usual today and there was no proper explanation from the conductor.,29,Small Business,Morning Peak,High,24,Negative,Cost
556,Getting on the bus was difficult because it barely stopped near the designated stop.,33,Banker,Morning Peak,Moderate,45,Negative,Accessibility
557,Crowding was less intense than I expected today.,58,Freelancer,Evening Peak,High,7,Positive,Crowding
558,Communication from the conductor was average today.,35,Student,Morning Peak,Moderate,12,Neutral,Staff Behavior
559,"I found a bus fairly quickly, even during the rush.",52,Freelancer,Morning Peak,High,12,Positive,Availability
560,There were far fewer buses than the number of waiting passengers. The line just kept getting longer.,57,Shopkeeper,Morning Peak,Moderate,51,Negative,Availability
561,"The vehicle looked poorly maintained, and it made an already tiring trip feel worse.",22,Student,Evening Peak,High,63,Negative,Cleanliness
562,"There was some waiting time, though it was still manageable.",30,Small Business,Morning Peak,Moderate,11,Neutral,Delay
563,The bus was so packed that I kept worrying about my phone and wallet the whole trip.,49,Factory Worker,Morning Peak,High,36,Negative,Safety
564,"The inside of the bus was dusty, the seats were dirty, and there was a bad smell the whole way.",21,Student,Morning Peak,High,56,Negative,Cleanliness
565,Staff behavior made the whole ride more unpleasant than it needed to be.,40,Shopkeeper,Evening Peak,Moderate,58,Negative,Staff Behavior
566,Getting on the bus was difficult because it barely stopped near the designated stop.,30,Job Seeker,Morning Peak,Severe,54,Negative,Accessibility
567,The bus doors were crowded and there was no support for people who need extra time to board.,35,Office Employee,Evening Peak,Moderate,34,Negative,Accessibility
568,"If the service stays like this, the fare should not keep increasing.",28,Banker,Evening Peak,Severe,34,Negative,Cost
569,The bus was so packed that I kept worrying about my phone and wallet the whole trip.,55,Student,Morning Peak,High,64,Negative,Safety
570,"The ride was jerky, noisy, and uncomfortable, especially while standing.",58,Student,Evening Peak,Severe,19,Negative,Comfort
571,Crowding made the ride stressful from start to finish. I could barely breathe comfortably.,30,Freelancer,Morning Peak,Severe,29,Negative,Crowding
572,Bus ta onek nongra chilo. Gari te uthar por thekei uncomfortable lagchilo.,42,Teacher,Morning Peak,High,60,Negative,Cleanliness
573,"It was not cheap, but not unreasonable either.",42,Homemaker,Evening Peak,High,9,Neutral,Cost
574,"The stop access felt manageable, even during the busy hour.",58,Driver,Morning Peak,High,9,Positive,Accessibility
575,Accessibility er dike khub kom attention ache. Peak hour e nama-utha duitae kosto.,20,Job Seeker,Morning Peak,Moderate,29,Negative,Accessibility
576,"Peak hour e local bus e comfort expect kora jay na, but ajke situation aro kharap chilo.",38,Small Business,Morning Peak,Severe,43,Negative,Comfort
577,"There was pressure inside the bus, but not severe.",38,Driver,Morning Peak,High,16,Neutral,Crowding
578,The conductor spoke politely and guided passengers clearly.,42,Factory Worker,Morning Peak,High,3,Positive,Staff Behavior
579,"The fare felt acceptable, though service quality could still improve.",34,Teacher,Morning Peak,High,19,Neutral,Cost
580,"The inside of the bus was dusty, the seats were dirty, and there was a bad smell the whole way.",60,Small Business,Morning Peak,Moderate,25,Negative,Cleanliness
581,There was no clear information about where the bus would stop or how long the delay would be.,42,Driver,Evening Peak,High,47,Negative,Information
582,"The footpath near the stop was crowded and broken, so reaching the bus safely was not easy.",52,Student,Evening Peak,High,60,Negative,Accessibility
583,Availability was better today and I did not have to wait too long.,42,Homemaker,Morning Peak,Severe,9,Positive,Availability
584,"Peak time e bus kom thake, tai sobai ekta bus er upor chap pore jay.",27,Banker,Evening Peak,High,33,Negative,Availability
585,Crowding made the ride stressful from start to finish. I could barely breathe comfortably.,22,Office Employee,Evening Peak,High,50,Negative,Crowding
586,"The inside looked maintained, which made the trip easier to tolerate.",30,Teacher,Morning Peak,Severe,10,Positive,Cleanliness
587,I felt comparatively secure throughout the journey.,55,Teacher,Morning Peak,Moderate,5,Positive,Safety
588,Getting on and off was smoother than usual.,37,Student,Morning Peak,High,6,Positive,Accessibility
589,Service frequency was neither very good nor very bad.,26,Freelancer,Morning Peak,High,11,Neutral,Availability
590,The driver was braking so hard that everyone almost fell forward. I honestly did not feel safe.,27,Freelancer,Morning Peak,Moderate,58,Negative,Safety
591,"Same problem again to long wait, slow movement, and too many unnecessary stops. Morning peak in Dhaka feels impossible sometimes.",34,Homemaker,Morning Peak,Severe,34,Negative,Delay
592,"The local bus showed up very late today. By the time I reached my office, I was already behind schedule.",59,Factory Worker,Evening Peak,High,37,Negative,Delay
593,"Comfort was average tono major issue, no special improvement.",26,Freelancer,Morning Peak,High,17,Neutral,Comfort
594,The bus was so full that I had to stand bent near the gate for almost the whole trip.,52,Banker,Morning Peak,Moderate,47,Negative,Crowding
595,The bus stopped properly and boarding was easier today.,45,Freelancer,Evening Peak,Moderate,3,Positive,Accessibility
596,The bus doors were crowded and there was no support for people who need extra time to board.,19,Shopkeeper,Morning Peak,High,23,Negative,Accessibility
597,"I had to stand for part of the journey, though it was manageable.",47,Factory Worker,Evening Peak,Moderate,15,Neutral,Crowding
598,"The bus was busy but still manageable, which is a relief during peak time.",59,Teacher,Morning Peak,High,5,Positive,Crowding
599,The conductor kept shouting instead of answering simple fare questions calmly.,58,Student,Evening Peak,High,20,Negative,Staff Behavior
600,"Same problem again to long wait, slow movement, and too many unnecessary stops. Morning peak in Dhaka feels impossible sometimes.",48,Student,Evening Peak,High,30,Negative,Delay
601,"For once, the trip moved smoothly and I reached on time.",18,Banker,Morning Peak,Moderate,8,Positive,Delay
602,Helper er kotha bolar dhoron bhalo chilo na. Choto proshno korleo kharap bhabe jawab dicchilo.,25,Teacher,Morning Peak,High,42,Negative,Staff Behavior
603,"The inside looked maintained, which made the trip easier to tolerate.",23,Office Employee,Evening Peak,Severe,3,Positive,Cleanliness
604,"Boarding was more orderly today, which made the trip feel safer.",38,Healthcare Worker,Morning Peak,High,8,Positive,Safety
605,A calm and respectful attitude from the staff made the ride easier.,41,Healthcare Worker,Evening Peak,High,6,Positive,Staff Behavior
606,Crowding was less intense than I expected today.,42,Shopkeeper,Evening Peak,Moderate,4,Positive,Crowding
607,"For a local bus, the condition was actually acceptable today.",50,Shopkeeper,Evening Peak,Moderate,9,Positive,Cleanliness
608,Bus e emon bhir chilo je neme jabar agei chinta hoye jacchilo kivabe gate porjonto jabo.,28,Student,Morning Peak,High,18,Negative,Crowding
609,"Nothing serious happened, but the route still feels a little risky during rush hour.",33,Freelancer,Morning Peak,Moderate,16,Neutral,Safety
610,I had to ask three people before confirming whether this bus was going my way.,18,Homemaker,Evening Peak,Moderate,54,Negative,Information
611,Service frequency was neither very good nor very bad.,47,Student,Evening Peak,Low,18,Neutral,Availability
612,"I got enough information after asking around, though it was not very clear at first.",37,Healthcare Worker,Evening Peak,Severe,18,Neutral,Information
613,"I had to stand for part of the journey, though it was manageable.",37,Teacher,Morning Peak,Moderate,8,Neutral,Crowding
614,This route is hard for elderly passengers. Even healthy people struggle to board during peak hours.,36,Banker,Morning Peak,High,40,Negative,Accessibility
615,"The fare felt acceptable, though service quality could still improve.",30,Shopkeeper,Morning Peak,High,9,Neutral,Cost
616,"Boarding took some effort, but I managed without much trouble.",51,Banker,Morning Peak,Severe,10,Neutral,Accessibility
617,Staff behavior made the whole ride more unpleasant than it needed to be.,51,Healthcare Worker,Morning Peak,High,63,Negative,Staff Behavior
618,Ventilation was decent and the trip was less tiring today.,48,Job Seeker,Evening Peak,Moderate,6,Positive,Comfort
619,"The driver handled the bus carefully today, and the ride felt safer than usual.",19,Office Employee,Evening Peak,High,11,Positive,Safety
620,Service frequency was neither very good nor very bad.,35,Driver,Morning Peak,Severe,14,Neutral,Availability
621,I did not mind paying this fare because the trip was manageable.,52,Homemaker,Morning Peak,High,8,Positive,Cost
622,Communication from the conductor was average today.,45,Office Employee,Morning Peak,High,17,Neutral,Staff Behavior
623,"Too many passengers, no personal space, and constant pushing—this should not be normal.",59,Office Employee,Morning Peak,Severe,18,Negative,Crowding
624,There were far fewer buses than the number of waiting passengers. The line just kept getting longer.,38,Student,Morning Peak,Severe,53,Negative,Availability
625,"Compared with other days, today the cost felt reasonable.",31,Banker,Morning Peak,Moderate,10,Positive,Cost
626,"A bus came after some waiting, so availability was average today.",53,Student,Morning Peak,Severe,14,Neutral,Availability
627,The fare felt fair enough for the distance I traveled.,18,Job Seeker,Morning Peak,Severe,3,Positive,Cost
628,"The stop access felt manageable, even during the busy hour.",18,Shopkeeper,Evening Peak,Severe,12,Positive,Accessibility
629,Ventilation was decent and the trip was less tiring today.,48,Small Business,Evening Peak,High,8,Positive,Comfort
630,Staff behavior was better today; they were helpful without being rude.,51,Homemaker,Morning Peak,Low,8,Positive,Staff Behavior
631,"I was standing at Jatrabari for almost 27 minutes and still no bus came on time. For a weekday peak hour, this is exhausting.",49,Office Employee,Evening Peak,High,29,Negative,Delay
632,"I had to stand for part of the journey, though it was manageable.",44,Homemaker,Morning Peak,Severe,12,Neutral,Crowding
633,I could stand comfortably enough without being pushed around too much.,29,Office Employee,Evening Peak,High,6,Positive,Crowding
634,"Nothing serious happened, but the route still feels a little risky during rush hour.",35,Teacher,Morning Peak,High,8,Neutral,Safety
635,"It was not cheap, but not unreasonable either.",54,Homemaker,Morning Peak,Severe,14,Neutral,Cost
636,"It was a typical weekday trip, neither smooth nor terrible.",38,Student,Evening Peak,High,20,Neutral,Comfort
637,"The route details were clear enough today, so I did not have to guess much.",59,Job Seeker,Evening Peak,Severe,3,Positive,Information
638,A little politeness would make a big difference for regular commuters.,20,Homemaker,Evening Peak,High,20,Negative,Staff Behavior
639,Crowding was less intense than I expected today.,26,Banker,Morning Peak,Severe,3,Positive,Crowding
640,"The fare felt acceptable, though service quality could still improve.",31,Job Seeker,Morning Peak,High,17,Neutral,Cost
641,"Same problem again to long wait, slow movement, and too many unnecessary stops. Morning peak in Dhaka feels impossible sometimes.",49,Office Employee,Morning Peak,High,55,Negative,Delay
642,"A bus came after some waiting, so availability was average today.",45,Small Business,Morning Peak,High,9,Neutral,Availability
643,"People were pushing near the gate while boarding, and it felt risky, especially for women and older passengers.",37,Student,Morning Peak,High,39,Negative,Safety
644,A little politeness would make a big difference for regular commuters.,22,Homemaker,Evening Peak,Severe,60,Negative,Staff Behavior
645,"Cleanliness was average today to nothing impressive, nothing terrible.",30,Banker,Morning Peak,Severe,16,Neutral,Cleanliness
646,"The route details were clear enough today, so I did not have to guess much.",22,Factory Worker,Morning Peak,High,6,Positive,Information
647,"Bus e kono clear information chilo na, especially notun passenger der jonno eta problem.",18,Freelancer,Evening Peak,High,19,Negative,Information
648,Even a small sign or proper announcement could have made this trip easier.,25,Factory Worker,Morning Peak,High,38,Negative,Information
649,"Peak time e bus kom thake, tai sobai ekta bus er upor chap pore jay.",22,Freelancer,Evening Peak,Moderate,26,Negative,Availability
650,A little politeness would make a big difference for regular commuters.,32,Healthcare Worker,Evening Peak,High,52,Negative,Staff Behavior
651,Crowding made the ride stressful from start to finish. I could barely breathe comfortably.,57,Homemaker,Morning Peak,Severe,22,Negative,Crowding
652,"The local bus showed up very late today. By the time I reached my exam, I was already behind schedule.",38,Office Employee,Morning Peak,Moderate,33,Negative,Delay
653,"The staff were not especially helpful, but they were not very rude either.",41,Healthcare Worker,Morning Peak,Severe,20,Neutral,Staff Behavior
654,The driver was braking so hard that everyone almost fell forward. I honestly did not feel safe.,56,Banker,Morning Peak,Severe,26,Negative,Safety
655,"The bus was busy but still manageable, which is a relief during peak time.",53,Teacher,Evening Peak,High,6,Positive,Crowding
656,"Vara ta service er sathe match kore na. Joto taka dei, toto quality pai na.",26,Shopkeeper,Evening Peak,High,25,Negative,Cost
657,"For a local bus, the condition was actually acceptable today.",33,Small Business,Morning Peak,Moderate,10,Positive,Cleanliness
658,There were far fewer buses than the number of waiting passengers. The line just kept getting longer.,42,Small Business,Evening Peak,Moderate,36,Negative,Availability
659,"I expected more buses on Gulistan to Farmgate, but service frequency was disappointing today.",60,Office Employee,Evening Peak,Low,25,Negative,Availability
660,I could follow the stops without much confusion.,40,Teacher,Morning Peak,Severe,8,Positive,Information
661,Service frequency was neither very good nor very bad.,51,Shopkeeper,Morning Peak,High,20,Neutral,Availability
662,"The bus was crowded, but that is normal during peak time.",38,Job Seeker,Morning Peak,High,11,Neutral,Crowding
663,The fare felt too high considering how crowded and uncomfortable the ride was.,46,Freelancer,Evening Peak,Severe,19,Negative,Cost
664,"There was some waiting time, though it was still manageable.",18,Job Seeker,Morning Peak,High,9,Neutral,Delay
665,"Traffic slowed the trip, but overall it was average.",37,Homemaker,Morning Peak,Severe,13,Neutral,Delay
666,Staff behavior made the whole ride more unpleasant than it needed to be.,25,Homemaker,Evening Peak,Severe,48,Negative,Staff Behavior
667,Crowding was less intense than I expected today.,41,Shopkeeper,Evening Peak,High,11,Positive,Crowding
668,The driver was braking so hard that everyone almost fell forward. I honestly did not feel safe.,48,Shopkeeper,Evening Peak,Moderate,41,Negative,Safety
669,I would say the cost was average for this route.,36,Healthcare Worker,Evening Peak,Moderate,11,Neutral,Cost
670,"Everyone was squeezed together, and even moving one step inside felt impossible.",40,Teacher,Morning Peak,Moderate,49,Negative,Crowding
671,The bus did not stop properly and passengers had to get on while it was moving slowly. That is not safe at all.,46,Teacher,Morning Peak,Severe,36,Negative,Safety
672,Getting on the bus was difficult because it barely stopped near the designated stop.,22,Healthcare Worker,Morning Peak,High,57,Negative,Accessibility
673,"Boarding was more orderly today, which made the trip feel safer.",33,Banker,Morning Peak,Severe,9,Positive,Safety
674,"Peak hour e local bus e comfort expect kora jay na, but ajke situation aro kharap chilo.",27,Student,Morning Peak,Moderate,45,Negative,Comfort
675,The bus stopped properly and boarding was easier today.,28,Job Seeker,Morning Peak,Moderate,11,Positive,Accessibility
676,"The ride felt somewhat crowded, but I did not face any major safety issue.",36,Job Seeker,Evening Peak,Moderate,17,Neutral,Safety
677,"For daily commuting, the cleanliness is really below standard. The floor was messy and the windows looked untouched.",46,Driver,Evening Peak,Moderate,29,Negative,Cleanliness
678,"During office time, availability is still poor. Demand is clearly higher than supply.",21,Healthcare Worker,Evening Peak,High,22,Negative,Availability
679,"Peak time e bus kom thake, tai sobai ekta bus er upor chap pore jay.",25,Healthcare Worker,Morning Peak,Severe,33,Negative,Availability
680,There was no clear information about where the bus would stop or how long the delay would be.,51,Freelancer,Evening Peak,High,55,Negative,Information
681,A little politeness would make a big difference for regular commuters.,25,Job Seeker,Evening Peak,Severe,25,Negative,Staff Behavior
682,Service frequency was neither very good nor very bad.,42,Student,Morning Peak,Severe,16,Neutral,Availability
683,"There was pressure inside the bus, but not severe.",39,Teacher,Evening Peak,High,9,Neutral,Crowding
684,"I got enough information after asking around, though it was not very clear at first.",59,Healthcare Worker,Morning Peak,High,16,Neutral,Information
685,"I was standing at Badda for almost 62 minutes and still no bus came on time. For a weekday peak hour, this is exhausting.",21,Factory Worker,Evening Peak,Severe,46,Negative,Delay
686,"It was a typical weekday trip, neither smooth nor terrible.",35,Shopkeeper,Morning Peak,Severe,16,Neutral,Comfort
687,I could stand comfortably enough without being pushed around too much.,39,Shopkeeper,Morning Peak,Severe,7,Positive,Crowding
688,"I was standing at Kuril for almost 37 minutes and still no bus came on time. For a weekday peak hour, this is exhausting.",59,Freelancer,Evening Peak,Moderate,53,Negative,Delay
689,"If you miss one local bus on this route, you may have to wait a long time for the next one.",28,Shopkeeper,Evening Peak,High,29,Negative,Availability
690,"The inside of the bus was dusty, the seats were dirty, and there was a bad smell the whole way.",19,Driver,Morning Peak,Moderate,65,Negative,Cleanliness
691,Aajke bus er jonno eto wait korte holo je matha noshto hoye gelo. Peak hour e regular service thakar kotha.,36,Banker,Morning Peak,High,50,Negative,Delay
692,Even a small sign or proper announcement could have made this trip easier.,43,Healthcare Worker,Morning Peak,Severe,51,Negative,Information
693,I could stand comfortably enough without being pushed around too much.,53,Factory Worker,Evening Peak,High,6,Positive,Crowding
694,"Too many passengers, no personal space, and constant pushing—this should not be normal.",24,Teacher,Evening Peak,Moderate,53,Negative,Crowding
695,Ventilation was decent and the trip was less tiring today.,33,Teacher,Morning Peak,High,10,Positive,Comfort
696,"The ride was tiring, but about what I normally expect from a local bus.",60,Driver,Evening Peak,Severe,16,Neutral,Comfort
697,A little politeness would make a big difference for regular commuters.,48,Freelancer,Evening Peak,Severe,26,Negative,Staff Behavior
698,"The bus came sooner than I expected, which almost never happens during peak hour.",18,Teacher,Morning Peak,Moderate,8,Positive,Delay
699,"A bus came after some waiting, so availability was average today.",40,Factory Worker,Evening Peak,High,8,Neutral,Availability
700,"The driver handled the bus carefully today, and the ride felt safer than usual.",30,Driver,Evening Peak,High,3,Positive,Safety
701,"I do not expect luxury, but at least the bus should be clean enough to sit comfortably.",47,Small Business,Morning Peak,High,62,Negative,Cleanliness
702,Aajke bus er jonno eto wait korte holo je matha noshto hoye gelo. Peak hour e regular service thakar kotha.,34,Healthcare Worker,Evening Peak,Severe,25,Negative,Delay
703,Service frequency was neither very good nor very bad.,21,Healthcare Worker,Morning Peak,Severe,13,Neutral,Availability
704,Bus ta onek nongra chilo. Gari te uthar por thekei uncomfortable lagchilo.,25,Healthcare Worker,Morning Peak,High,46,Negative,Cleanliness
705,"I was standing at Jatrabari for almost 20 minutes and still no bus came on time. For a weekday peak hour, this is exhausting.",28,Job Seeker,Morning Peak,Severe,35,Negative,Delay
706,"For daily commuting, the cleanliness is really below standard. The floor was messy and the windows looked untouched.",22,Healthcare Worker,Morning Peak,High,52,Negative,Cleanliness
707,"I found a bus fairly quickly, even during the rush.",33,Office Employee,Evening Peak,Moderate,12,Positive,Availability
708,Communication from the conductor was average today.,54,Healthcare Worker,Morning Peak,Severe,20,Neutral,Staff Behavior
709,Bus ta onek nongra chilo. Gari te uthar por thekei uncomfortable lagchilo.,58,Teacher,Evening Peak,Low,43,Negative,Cleanliness
710,The driver was braking so hard that everyone almost fell forward. I honestly did not feel safe.,33,Small Business,Morning Peak,Severe,39,Negative,Safety
711,"The ride felt somewhat crowded, but I did not face any major safety issue.",59,Factory Worker,Morning Peak,High,16,Neutral,Safety
712,The fare felt fair enough for the distance I traveled.,52,Driver,Morning Peak,High,7,Positive,Cost
713,"If you miss one local bus on this route, you may have to wait a long time for the next one.",58,Teacher,Evening Peak,High,47,Negative,Availability
714,"I was standing at Mohakhali for almost 70 minutes and still no bus came on time. For a weekday peak hour, this is exhausting.",35,Job Seeker,Evening Peak,Moderate,34,Negative,Delay
715,Bus ta onek nongra chilo. Gari te uthar por thekei uncomfortable lagchilo.,26,Small Business,Morning Peak,High,29,Negative,Cleanliness
716,"The ride felt somewhat crowded, but I did not face any major safety issue.",27,Factory Worker,Evening Peak,High,13,Neutral,Safety
717,Accessibility was average; it could be better for elderly passengers.,30,Job Seeker,Morning Peak,Severe,14,Neutral,Accessibility
718,"The ride was jerky, noisy, and uncomfortable, especially while standing.",41,Banker,Evening Peak,Severe,29,Negative,Comfort
719,"During office time, availability is still poor. Demand is clearly higher than supply.",26,Banker,Morning Peak,High,46,Negative,Availability
720,Ventilation was decent and the trip was less tiring today.,43,Shopkeeper,Morning Peak,High,6,Positive,Comfort
721,"Nothing serious happened, but the route still feels a little risky during rush hour.",39,Office Employee,Evening Peak,Moderate,17,Neutral,Safety
722,Bus e emon bhir chilo je neme jabar agei chinta hoye jacchilo kivabe gate porjonto jabo.,44,Job Seeker,Evening Peak,High,58,Negative,Crowding
723,"The bus was cleaner than I expected, and the seating area was in decent shape.",42,Shopkeeper,Morning Peak,High,10,Positive,Cleanliness
724,Travel time was reasonable today and the service felt more reliable than usual.,42,Healthcare Worker,Evening Peak,High,7,Positive,Delay
725,"Too many passengers, no personal space, and constant pushing—this should not be normal.",24,Job Seeker,Morning Peak,Severe,41,Negative,Crowding
726,"The bus was cleaner than I expected, and the seating area was in decent shape.",52,Office Employee,Evening Peak,High,4,Positive,Cleanliness
727,"The local bus showed up very late today. By the time I reached my class, I was already behind schedule.",30,Office Employee,Evening Peak,Moderate,23,Negative,Delay
728,Availability was better today and I did not have to wait too long.,38,Teacher,Evening Peak,Low,8,Positive,Availability
729,The bus did not stop properly and passengers had to get on while it was moving slowly. That is not safe at all.,59,Job Seeker,Evening Peak,Moderate,31,Negative,Safety
730,"Vara ta service er sathe match kore na. Joto taka dei, toto quality pai na.",27,Shopkeeper,Evening Peak,High,43,Negative,Cost
731,"Between heat, noise, and crowding, this felt like a very draining commute.",51,Freelancer,Evening Peak,Moderate,61,Negative,Comfort
732,The driver was braking so hard that everyone almost fell forward. I honestly did not feel safe.,46,Job Seeker,Evening Peak,Moderate,47,Negative,Safety
733,The bus did not stop properly and passengers had to get on while it was moving slowly. That is not safe at all.,18,Homemaker,Morning Peak,Severe,41,Negative,Safety
734,A little politeness would make a big difference for regular commuters.,21,Healthcare Worker,Evening Peak,Severe,32,Negative,Staff Behavior
735,"The inside of the bus was dusty, the seats were dirty, and there was a bad smell the whole way.",50,Job Seeker,Morning Peak,Severe,37,Negative,Cleanliness
736,"People were pushing near the gate while boarding, and it felt risky, especially for women and older passengers.",45,Student,Evening Peak,High,42,Negative,Safety
737,"For daily commuting, the cleanliness is really below standard. The floor was messy and the windows looked untouched.",24,Freelancer,Morning Peak,Severe,48,Negative,Cleanliness
738,The helper was rude when passengers asked whether the bus would stop at the next point.,38,Job Seeker,Evening Peak,High,58,Negative,Staff Behavior
739,I paid more than usual today and there was no proper explanation from the conductor.,44,Small Business,Morning Peak,Moderate,63,Negative,Cost
740,"For a local bus, the condition was actually acceptable today.",49,Job Seeker,Evening Peak,Moderate,9,Positive,Cleanliness
741,I paid more than usual today and there was no proper explanation from the conductor.,39,Student,Evening Peak,Severe,56,Negative,Cost
742,"Peak hour e local bus e comfort expect kora jay na, but ajke situation aro kharap chilo.",32,Office Employee,Morning Peak,Severe,36,Negative,Comfort
743,"The driver handled the bus carefully today, and the ride felt safer than usual.",36,Job Seeker,Morning Peak,Severe,10,Positive,Safety
744,A calm and respectful attitude from the staff made the ride easier.,20,Driver,Evening Peak,High,5,Positive,Staff Behavior
745,"Boarding was more orderly today, which made the trip feel safer.",29,Freelancer,Morning Peak,Severe,6,Positive,Safety
746,"The bus was cleaner than I expected, and the seating area was in decent shape.",54,Homemaker,Morning Peak,High,8,Positive,Cleanliness
747,There seemed to be more buses on the road than usual.,49,Driver,Morning Peak,High,3,Positive,Availability
748,"There was some confusion, but I still reached the right destination.",54,Freelancer,Morning Peak,Low,16,Neutral,Information
749,There seemed to be more buses on the road than usual.,51,Small Business,Morning Peak,Moderate,4,Positive,Availability
750,Staff behavior made the whole ride more unpleasant than it needed to be.,19,Job Seeker,Evening Peak,High,31,Negative,Staff Behavior
751,"The bus was cleaner than I expected, and the seating area was in decent shape.",40,Student,Morning Peak,Moderate,10,Positive,Cleanliness
752,"Nothing serious happened, but the route still feels a little risky during rush hour.",38,Job Seeker,Morning Peak,High,12,Neutral,Safety
753,This route is hard for elderly passengers. Even healthy people struggle to board during peak hours.,27,Homemaker,Evening Peak,Moderate,50,Negative,Accessibility
754,Crowding made the ride stressful from start to finish. I could barely breathe comfortably.,24,Homemaker,Morning Peak,Severe,19,Negative,Crowding
755,Bus e emon bhir chilo je neme jabar agei chinta hoye jacchilo kivabe gate porjonto jabo.,26,Banker,Morning Peak,High,21,Negative,Crowding
756,"I was standing at Mohakhali for almost 41 minutes and still no bus came on time. For a weekday peak hour, this is exhausting.",54,Shopkeeper,Morning Peak,Moderate,39,Negative,Delay
757,Getting on the bus was difficult because it barely stopped near the designated stop.,23,Driver,Morning Peak,Severe,57,Negative,Accessibility
758,Service frequency was neither very good nor very bad.,25,Homemaker,Evening Peak,Severe,16,Neutral,Availability
759,The bus did not stop properly and passengers had to get on while it was moving slowly. That is not safe at all.,19,Small Business,Morning Peak,Severe,48,Negative,Safety
760,"I had to stand for part of the journey, though it was manageable.",27,Healthcare Worker,Evening Peak,Severe,17,Neutral,Crowding
761,Accessibility was average; it could be better for elderly passengers.,33,Freelancer,Evening Peak,Moderate,17,Neutral,Accessibility
762,I would say the cost was average for this route.,49,Homemaker,Evening Peak,High,10,Neutral,Cost
763,Helper er kotha bolar dhoron bhalo chilo na. Choto proshno korleo kharap bhabe jawab dicchilo.,56,Factory Worker,Morning Peak,Severe,20,Negative,Staff Behavior
764,"I got enough information after asking around, though it was not very clear at first.",53,Freelancer,Evening Peak,Severe,16,Neutral,Information
765,"Vara ta service er sathe match kore na. Joto taka dei, toto quality pai na.",41,Freelancer,Morning Peak,High,65,Negative,Cost
766,Crowding was less intense than I expected today.,55,Shopkeeper,Evening Peak,High,3,Positive,Crowding
767,"If you miss one local bus on this route, you may have to wait a long time for the next one.",47,Student,Evening Peak,Moderate,41,Negative,Availability
768,"For daily commuting, the cleanliness is really below standard. The floor was messy and the windows looked untouched.",59,Shopkeeper,Evening Peak,Severe,62,Negative,Cleanliness
769,"People were pushing near the gate while boarding, and it felt risky, especially for women and older passengers.",35,Homemaker,Evening Peak,High,57,Negative,Safety
770,"There were buses on the route, but not enough to reduce waiting fully.",24,Factory Worker,Evening Peak,High,9,Neutral,Availability
771,"The stop area was busy, though still usable.",39,Factory Worker,Evening Peak,High,9,Neutral,Accessibility
772,"I found a bus fairly quickly, even during the rush.",20,Student,Evening Peak,Severe,6,Positive,Availability
773,"The local bus showed up very late today. By the time I reached my hospital, I was already behind schedule.",52,Factory Worker,Morning Peak,Moderate,56,Negative,Delay
774,"I got enough information after asking around, though it was not very clear at first.",39,Teacher,Evening Peak,High,18,Neutral,Information
775,"Everyone was squeezed together, and even moving one step inside felt impossible.",45,Homemaker,Evening Peak,Severe,64,Negative,Crowding
776,"The footpath near the stop was crowded and broken, so reaching the bus safely was not easy.",31,Freelancer,Evening Peak,High,48,Negative,Accessibility
777,"Comfort was average, no major issue, no special improvement.",42,Driver,Morning Peak,Severe,13,Neutral,Comfort
778,The bus stopped properly and boarding was easier today.,57,Banker,Evening Peak,Severe,5,Positive,Accessibility
779,"The ride was tiring, but about what I normally expect from a local bus.",52,Small Business,Morning Peak,Severe,11,Neutral,Comfort
780,"The inside looked maintained, which made the trip easier to tolerate.",37,Driver,Evening Peak,Moderate,8,Positive,Cleanliness
781,There was no clear information about where the bus would stop or how long the delay would be.,39,Driver,Evening Peak,High,24,Negative,Information
782,"Safety was okay today, though the boarding process could be better.",22,Teacher,Morning Peak,Low,9,Neutral,Safety
783,The fare is not the only issue—the unclear way they collect it creates arguments almost every day.,44,Student,Evening Peak,High,51,Negative,Cost
784,Availability was better today and I did not have to wait too long.,23,Driver,Morning Peak,Severe,5,Positive,Availability
785,Getting on the bus was difficult because it barely stopped near the designated stop.,50,Office Employee,Morning Peak,High,62,Negative,Accessibility
786,The bus did not stop properly and passengers had to get on while it was moving slowly. That is not safe at all.,48,Banker,Morning Peak,High,38,Negative,Safety
787,"The footpath near the stop was crowded and broken, so reaching the bus safely was not easy.",28,Banker,Evening Peak,High,49,Negative,Accessibility
788,Staff behavior was okay overall.,47,Office Employee,Morning Peak,High,10,Neutral,Staff Behavior
789,"Peak time e bus kom thake, tai sobai ekta bus er upor chap pore jay.",20,Driver,Morning Peak,High,39,Negative,Availability
790,Aajke bus er jonno eto wait korte holo je matha noshto hoye gelo. Peak hour e regular service thakar kotha.,51,Teacher,Evening Peak,High,28,Negative,Delay
791,Clear route and stop information would save passengers a lot of confusion.,59,Shopkeeper,Evening Peak,Severe,47,Negative,Information
792,"Compared with other days, today the cost felt reasonable.",18,Driver,Morning Peak,Moderate,10,Positive,Cost
793,This route is hard for elderly passengers. Even healthy people struggle to board during peak hours.,53,Banker,Morning Peak,High,37,Negative,Accessibility
794,A little politeness would make a big difference for regular commuters.,24,Teacher,Evening Peak,Severe,58,Negative,Staff Behavior
795,This route is hard for elderly passengers. Even healthy people struggle to board during peak hours.,20,Office Employee,Morning Peak,Severe,61,Negative,Accessibility
796,"Bus e kono clear information chilo na, especially notun passenger der jonno eta problem.",56,Banker,Evening Peak,Moderate,46,Negative,Information
797,"Boarding took some effort, but I managed without much trouble.",25,Driver,Evening Peak,High,12,Neutral,Accessibility
798,"Between heat, noise, and crowding, this felt like a very draining commute.",58,Job Seeker,Evening Peak,High,25,Negative,Comfort
799,"From Jatrabari to Badda, the delay was frustrating. I left early but still got late because the bus service was irregular.",29,Banker,Morning Peak,Severe,35,Negative,Delay
800,I paid more than usual today and there was no proper explanation from the conductor.,18,Freelancer,Morning Peak,Severe,27,Negative,Cost
801,"The footpath near the stop was crowded and broken, so reaching the bus safely was not easy.",35,Teacher,Evening Peak,High,60,Negative,Accessibility
802,"The ride was tiring, but about what I normally expect from a local bus.",50,Homemaker,Morning Peak,High,8,Neutral,Comfort
803,"The ride was still busy, but it felt more comfortable than usual.",34,Office Employee,Morning Peak,High,10,Positive,Comfort
804,"I found a bus fairly quickly, even during the rush.",58,Student,Evening Peak,Moderate,10,Positive,Availability
805,"There was pressure inside the bus, but not severe.",28,Small Business,Evening Peak,Severe,19,Neutral,Crowding
806,Route information was just about manageable.,31,Student,Evening Peak,Severe,16,Neutral,Information
807,Staff behavior made the whole ride more unpleasant than it needed to be.,30,Freelancer,Evening Peak,High,56,Negative,Staff Behavior
808,Rush hour e safety niye onek tension lage. Driver o helper duijon e khub aggressive chilo.,50,Homemaker,Evening Peak,Low,25,Negative,Safety
809,Ventilation was decent and the trip was less tiring today.,53,Teacher,Morning Peak,Moderate,10,Positive,Comfort
810,Accessibility er dike khub kom attention ache. Peak hour e nama-utha duitae kosto.,44,Freelancer,Morning Peak,High,43,Negative,Accessibility
811,I could stand comfortably enough without being pushed around too much.,30,Banker,Evening Peak,High,4,Positive,Crowding
812,"Bus e kono clear information chilo na, especially notun passenger der jonno eta problem.",18,Homemaker,Evening Peak,Moderate,37,Negative,Information
813,Travel time was reasonable today and the service felt more reliable than usual.,47,Office Employee,Morning Peak,Moderate,5,Positive,Delay
814,"If the service stays like this, the fare should not keep increasing.",59,Office Employee,Evening Peak,High,53,Negative,Cost
815,Rush hour e safety niye onek tension lage. Driver o helper duijon e khub aggressive chilo.,30,Freelancer,Morning Peak,High,31,Negative,Safety
816,"Compared with other days, today the cost felt reasonable.",21,Shopkeeper,Evening Peak,Moderate,11,Positive,Cost
817,Rush hour e safety niye onek tension lage. Driver o helper duijon e khub aggressive chilo.,41,Shopkeeper,Morning Peak,High,54,Negative,Safety
818,"Boarding was more orderly today, which made the trip feel safer.",24,Banker,Morning Peak,High,12,Positive,Safety
819,"If the service stays like this, the fare should not keep increasing.",49,Student,Evening Peak,High,59,Negative,Cost
820,"The bus was busy but still manageable, which is a relief during peak time.",44,Banker,Evening Peak,Low,9,Positive,Crowding
821,The conductor spoke politely and guided passengers clearly.,27,Banker,Morning Peak,Low,8,Positive,Staff Behavior
822,The driver was braking so hard that everyone almost fell forward. I honestly did not feel safe.,31,Teacher,Evening Peak,High,23,Negative,Safety
823,"The ride felt somewhat crowded, but I did not face any major safety issue.",28,Banker,Morning Peak,Severe,9,Neutral,Safety
824,There were far fewer buses than the number of waiting passengers. The line just kept getting longer.,20,Small Business,Evening Peak,Severe,52,Negative,Availability
825,"Vara ta service er sathe match kore na. Joto taka dei, toto quality pai na.",18,Job Seeker,Morning Peak,High,21,Negative,Cost
826,Ventilation was decent and the trip was less tiring today.,57,Job Seeker,Evening Peak,High,11,Positive,Comfort
827,"Too many passengers, no personal space, and constant pushing—this should not be normal.",57,Homemaker,Morning Peak,Low,49,Negative,Crowding
828,"The bus came sooner than I expected, which almost never happens during peak hour.",34,Shopkeeper,Morning Peak,High,10,Positive,Delay
829,Bus ta onek nongra chilo. Gari te uthar por thekei uncomfortable lagchilo.,19,Shopkeeper,Morning Peak,Severe,24,Negative,Cleanliness
830,"The ride was jerky, noisy, and uncomfortable, especially while standing.",40,Office Employee,Morning Peak,Moderate,22,Negative,Comfort
831,"There were buses on the route, but not enough to reduce waiting fully.",19,Homemaker,Evening Peak,Severe,12,Neutral,Availability
832,"Safety was okay today, though the boarding process could be better.",49,Student,Morning Peak,Moderate,8,Neutral,Safety
833,"The route details were clear enough today, so I did not have to guess much.",43,Freelancer,Morning Peak,Moderate,7,Positive,Information
834,The conductor kept shouting instead of answering simple fare questions calmly.,55,Banker,Evening Peak,High,48,Negative,Staff Behavior
835,A calm and respectful attitude from the staff made the ride easier.,44,Student,Evening Peak,Severe,3,Positive,Staff Behavior
836,The fare felt too high considering how crowded and uncomfortable the ride was.,50,Shopkeeper,Morning Peak,Moderate,24,Negative,Cost
837,Route information was just about manageable.,54,Shopkeeper,Evening Peak,Moderate,20,Neutral,Information
838,The fare is not the only issue—the unclear way they collect it creates arguments almost every day.,33,Student,Evening Peak,Severe,18,Negative,Cost
839,"The stop access felt manageable, even during the busy hour.",41,Job Seeker,Evening Peak,Severe,4,Positive,Accessibility
840,Ventilation was decent and the trip was less tiring today.,23,Shopkeeper,Evening Peak,Moderate,9,Positive,Comfort
841,Staff behavior made the whole ride more unpleasant than it needed to be.,33,Small Business,Morning Peak,Moderate,48,Negative,Staff Behavior
842,"I found a bus fairly quickly, even during the rush.",54,Homemaker,Morning Peak,Severe,12,Positive,Availability
843,There was no clear information about where the bus would stop or how long the delay would be.,27,Healthcare Worker,Evening Peak,High,46,Negative,Information
844,"Peak time e bus kom thake, tai sobai ekta bus er upor chap pore jay.",39,Freelancer,Morning Peak,High,18,Negative,Availability
845,The conductor spoke politely and guided passengers clearly.,45,Homemaker,Morning Peak,Moderate,4,Positive,Staff Behavior
846,"The bus was crowded, but that is normal during peak time.",23,Homemaker,Morning Peak,Moderate,8,Neutral,Crowding
847,"It was a typical weekday trip, neither smooth nor terrible.",47,Office Employee,Morning Peak,High,14,Neutral,Comfort
848,Bus e emon bhir chilo je neme jabar agei chinta hoye jacchilo kivabe gate porjonto jabo.,49,Homemaker,Evening Peak,High,32,Negative,Crowding
849,"The driver handled the bus carefully today, and the ride felt safer than usual.",30,Small Business,Morning Peak,Severe,6,Positive,Safety
850,"The bus was not very clean, but it was acceptable for a regular local bus trip.",26,Healthcare Worker,Morning Peak,Moderate,14,Neutral,Cleanliness
851,"Nothing serious happened, but the route still feels a little risky during rush hour.",24,Shopkeeper,Evening Peak,High,16,Neutral,Safety
852,"A bus came after some waiting, so availability was average today.",38,Homemaker,Evening Peak,High,9,Neutral,Availability
853,The fare felt fair enough for the distance I traveled.,55,Healthcare Worker,Morning Peak,High,5,Positive,Cost
854,"The bus came sooner than I expected, which almost never happens during peak hour.",45,Teacher,Evening Peak,Moderate,8,Positive,Delay
855,"I do not expect luxury, but at least the bus should be clean enough to sit comfortably.",59,Shopkeeper,Morning Peak,High,59,Negative,Cleanliness
856,There seemed to be more buses on the road than usual.,22,Factory Worker,Evening Peak,High,12,Positive,Availability
857,The bus did not stop properly and passengers had to get on while it was moving slowly. That is not safe at all.,58,Healthcare Worker,Evening Peak,Severe,25,Negative,Safety
858,"During office time, availability is still poor. Demand is clearly higher than supply.",33,Driver,Evening Peak,Moderate,22,Negative,Availability
859,"Same problem again—long wait, slow movement, and too many unnecessary stops. Morning peak in Dhaka feels impossible sometimes.",59,Driver,Evening Peak,Low,50,Negative,Delay
860,"The bus was crowded, but that is normal during peak time.",54,Small Business,Morning Peak,High,15,Neutral,Crowding
861,"The inside looked used and worn, but not worse than usual.",42,Small Business,Morning Peak,High,16,Neutral,Cleanliness
862,Getting on and off was smoother than usual.,19,Healthcare Worker,Evening Peak,Moderate,10,Positive,Accessibility
863,Ventilation was decent and the trip was less tiring today.,30,Shopkeeper,Morning Peak,High,11,Positive,Comfort
864,Communication from the conductor was average today.,20,Freelancer,Evening Peak,Severe,12,Neutral,Staff Behavior
865,"For a local bus, the condition was actually acceptable today.",26,Teacher,Morning Peak,Severe,9,Positive,Cleanliness
866,"The inside looked maintained, which made the trip easier to tolerate.",21,Job Seeker,Evening Peak,High,9,Positive,Cleanliness
867,"It was extremely hot inside the bus, and there was barely any airflow.",59,Student,Morning Peak,High,43,Negative,Comfort
868,Getting on the bus was difficult because it barely stopped near the designated stop.,52,Student,Morning Peak,High,41,Negative,Accessibility
869,Crowding made the ride stressful from start to finish. I could barely breathe comfortably.,40,Healthcare Worker,Evening Peak,Severe,42,Negative,Crowding
870,"If you miss one local bus on this route, you may have to wait a long time for the next one.",57,Office Employee,Evening Peak,Severe,57,Negative,Availability
871,A little politeness would make a big difference for regular commuters.,29,Job Seeker,Morning Peak,Low,32,Negative,Staff Behavior
872,"During office time, availability is still poor. Demand is clearly higher than supply.",28,Shopkeeper,Morning Peak,High,30,Negative,Availability
873,"The inside looked maintained, which made the trip easier to tolerate.",31,Teacher,Evening Peak,High,10,Positive,Cleanliness
874,The bus did not stop properly and passengers had to get on while it was moving slowly. That is not safe at all.,37,Homemaker,Morning Peak,Moderate,61,Negative,Safety
875,"The inside of the bus was dusty, the seats were dirty, and there was a bad smell the whole way.",24,Job Seeker,Evening Peak,High,46,Negative,Cleanliness
876,"If the service stays like this, the fare should not keep increasing.",48,Teacher,Morning Peak,High,62,Negative,Cost
877,"There were buses on the route, but not enough to reduce waiting fully.",18,Homemaker,Morning Peak,High,18,Neutral,Availability
878,The conductor kept shouting instead of answering simple fare questions calmly.,23,Banker,Morning Peak,Moderate,46,Negative,Staff Behavior
879,The fare is not the only issue—the unclear way they collect it creates arguments almost every day.,51,Small Business,Evening Peak,Moderate,24,Negative,Cost
880,"The inside looked used and worn, but not worse than usual.",20,Shopkeeper,Evening Peak,Severe,20,Neutral,Cleanliness
881,"Bus e kono clear information chilo na, especially notun passenger der jonno eta problem.",34,Teacher,Evening Peak,High,23,Negative,Information
882,"Same problem again—long wait, slow movement, and too many unnecessary stops. Morning peak in Dhaka feels impossible sometimes.",43,Teacher,Morning Peak,High,39,Negative,Delay
883,There was no clear information about where the bus would stop or how long the delay would be.,25,Job Seeker,Evening Peak,High,33,Negative,Information
884,"Everyone was squeezed together, and even moving one step inside felt impossible.",29,Banker,Morning Peak,High,56,Negative,Crowding
885,"The driver handled the bus carefully today, and the ride felt safer than usual.",28,Student,Evening Peak,High,8,Positive,Safety
886,Bus ta onek nongra chilo. Gari te uthar por thekei uncomfortable lagchilo.,21,Teacher,Evening Peak,Severe,44,Negative,Cleanliness
887,"For a local bus, the condition was actually acceptable today.",50,Job Seeker,Morning Peak,Moderate,6,Positive,Cleanliness
888,Aajke bus er jonno eto wait korte holo je matha noshto hoye gelo. Peak hour e regular service thakar kotha.,20,Shopkeeper,Evening Peak,Moderate,65,Negative,Delay
889,I had to ask three people before confirming whether this bus was going my way.,34,Healthcare Worker,Evening Peak,High,39,Negative,Information
890,"The bus was not very clean, but it was acceptable for a regular local bus trip.",32,Freelancer,Morning Peak,High,17,Neutral,Cleanliness
891,I could follow the stops without much confusion.,59,Small Business,Evening Peak,High,8,Positive,Information
892,Service frequency was neither very good nor very bad.,34,Teacher,Morning Peak,Moderate,12,Neutral,Availability
893,"Too many passengers, no personal space, and constant pushing—this should not be normal.",37,Student,Evening Peak,Moderate,18,Negative,Crowding
894,Rush hour e safety niye onek tension lage. Driver o helper duijon e khub aggressive chilo.,20,Homemaker,Evening Peak,High,42,Negative,Safety
895,A calm and respectful attitude from the staff made the ride easier.,58,Teacher,Morning Peak,Severe,4,Positive,Staff Behavior
896,There was no clear information about where the bus would stop or how long the delay would be.,60,Shopkeeper,Evening Peak,High,35,Negative,Information
897,"The bus came sooner than I expected, which almost never happens during peak hour.",57,Healthcare Worker,Evening Peak,Severe,10,Positive,Delay
898,Getting on the bus was difficult because it barely stopped near the designated stop.,47,Factory Worker,Evening Peak,High,33,Negative,Accessibility
899,Rush hour e safety niye onek tension lage. Driver o helper duijon e khub aggressive chilo.,57,Teacher,Evening Peak,Severe,63,Negative,Safety
900,"The route details were clear enough today, so I did not have to guess much.",20,Student,Morning Peak,Severe,8,Positive,Information
901,Aajke bus er jonno eto wait korte holo je matha noshto hoye gelo. Peak hour e regular service thakar kotha.,43,Shopkeeper,Evening Peak,Moderate,23,Negative,Delay
902,"The vehicle looked poorly maintained, and it made an already tiring trip feel worse.",43,Factory Worker,Morning Peak,Moderate,39,Negative,Cleanliness
903,"The footpath near the stop was crowded and broken, so reaching the bus safely was not easy.",28,Small Business,Morning Peak,High,35,Negative,Accessibility
904,"The ride was still busy, but it felt more comfortable than usual.",45,Small Business,Evening Peak,Severe,5,Positive,Comfort
905,I had to ask three people before confirming whether this bus was going my way.,23,Shopkeeper,Morning Peak,Low,24,Negative,Information
906,The fare is not the only issue—the unclear way they collect it creates arguments almost every day.,18,Office Employee,Morning Peak,Moderate,54,Negative,Cost
907,"Everyone was squeezed together, and even moving one step inside felt impossible.",55,Small Business,Morning Peak,Moderate,54,Negative,Crowding
908,"The bus was a bit late today, but not unusually late for a weekday in Dhaka.",52,Banker,Morning Peak,Moderate,12,Neutral,Delay
909,"If the service stays like this, the fare should not keep increasing.",45,Factory Worker,Morning Peak,High,22,Negative,Cost
910,"The bus was not very clean, but it was acceptable for a regular local bus trip.",34,Job Seeker,Morning Peak,High,17,Neutral,Cleanliness
911,"The bus was not very clean, but it was acceptable for a regular local bus trip.",52,Homemaker,Morning Peak,Severe,18,Neutral,Cleanliness
912,"People were pushing near the gate while boarding, and it felt risky, especially for women and older passengers.",35,Teacher,Morning Peak,High,64,Negative,Safety
913,This route is hard for elderly passengers. Even healthy people struggle to board during peak hours.,37,Office Employee,Evening Peak,High,18,Negative,Accessibility
914,"The inside of the bus was dusty, the seats were dirty, and there was a bad smell the whole way.",31,Driver,Morning Peak,High,55,Negative,Cleanliness
915,This route is hard for elderly passengers. Even healthy people struggle to board during peak hours.,20,Job Seeker,Evening Peak,Moderate,33,Negative,Accessibility
916,The bus was so packed that I kept worrying about my phone and wallet the whole trip.,56,Small Business,Evening Peak,High,57,Negative,Safety
917,"For a local bus, the condition was actually acceptable today.",52,Job Seeker,Evening Peak,High,11,Positive,Cleanliness
918,Staff behavior made the whole ride more unpleasant than it needed to be.,22,Banker,Morning Peak,Low,21,Negative,Staff Behavior
919,Ventilation was decent and the trip was less tiring today.,33,Driver,Morning Peak,Low,9,Positive,Comfort
920,I did not mind paying this fare because the trip was manageable.,59,Job Seeker,Evening Peak,Severe,11,Positive,Cost
921,Crowding was less intense than I expected today.,28,Small Business,Morning Peak,Severe,4,Positive,Crowding
922,"Peak time e bus kom thake, tai sobai ekta bus er upor chap pore jay.",28,Small Business,Morning Peak,Moderate,40,Negative,Availability
923,"The bus was crowded, but that is normal during peak time.",41,Shopkeeper,Evening Peak,Moderate,20,Neutral,Crowding
924,The bus was so full that I had to stand bent near the gate for almost the whole trip.,32,Banker,Morning Peak,High,59,Negative,Crowding
925,"The ride felt somewhat crowded, but I did not face any major safety issue.",46,Freelancer,Evening Peak,High,17,Neutral,Safety
926,"The bus was cleaner than I expected, and the seating area was in decent shape.",51,Healthcare Worker,Evening Peak,High,3,Positive,Cleanliness
927,I had to ask three people before confirming whether this bus was going my way.,47,Homemaker,Evening Peak,High,19,Negative,Information
928,"From Azimpur to Shahbagh, the delay was frustrating. I left early but still got late because the bus service was irregular.",23,Homemaker,Morning Peak,Moderate,46,Negative,Delay
929,"There was some waiting time, though it was still manageable.",45,Banker,Evening Peak,Moderate,13,Neutral,Delay
930,"For a local bus, the condition was actually acceptable today.",24,Teacher,Evening Peak,Moderate,9,Positive,Cleanliness
931,"Same problem again—long wait, slow movement, and too many unnecessary stops. Morning peak in Dhaka feels impossible sometimes.",44,Factory Worker,Morning Peak,Moderate,23,Negative,Delay
932,"Vara ta service er sathe match kore na. Joto taka dei, toto quality pai na.",48,Factory Worker,Evening Peak,High,21,Negative,Cost
933,"During office time, availability is still poor. Demand is clearly higher than supply.",31,Office Employee,Evening Peak,Moderate,58,Negative,Availability
934,"The ride was tiring, but about what I normally expect from a local bus.",38,Freelancer,Evening Peak,High,9,Neutral,Comfort
935,The driver was braking so hard that everyone almost fell forward. I honestly did not feel safe.,34,Student,Evening Peak,High,50,Negative,Safety
936,"There was pressure inside the bus, but not severe.",42,Small Business,Morning Peak,High,15,Neutral,Crowding
937,"The ride felt somewhat crowded, but I did not face any major safety issue.",29,Shopkeeper,Evening Peak,Low,8,Neutral,Safety
938,"Traffic slowed the trip, but overall it was average.",37,Student,Evening Peak,High,17,Neutral,Delay
939,I felt comparatively secure throughout the journey.,56,Office Employee,Evening Peak,High,4,Positive,Safety
940,"People were pushing near the gate while boarding, and it felt risky, especially for women and older passengers.",42,Freelancer,Morning Peak,Low,59,Negative,Safety
941,I had to ask three people before confirming whether this bus was going my way.,52,Small Business,Evening Peak,High,47,Negative,Information
942,"There was some confusion, but I still reached the right destination.",44,Teacher,Morning Peak,Moderate,20,Neutral,Information
943,"The footpath near the stop was crowded and broken, so reaching the bus safely was not easy.",41,Driver,Evening Peak,Severe,39,Negative,Accessibility
944,"The stop access felt manageable, even during the busy hour.",37,Homemaker,Evening Peak,Moderate,5,Positive,Accessibility
945,There were far fewer buses than the number of waiting passengers. The line just kept getting longer.,42,Freelancer,Evening Peak,Low,48,Negative,Availability
946,I had to ask three people before confirming whether this bus was going my way.,42,Shopkeeper,Evening Peak,High,40,Negative,Information
947,Travel time was reasonable today and the service felt more reliable than usual.,39,Student,Morning Peak,Moderate,11,Positive,Delay
948,Rush hour e safety niye onek tension lage. Driver o helper duijon e khub aggressive chilo.,31,Teacher,Morning Peak,Severe,45,Negative,Safety
949,"The bus came sooner than I expected, which almost never happens during peak hour.",32,Student,Evening Peak,Severe,12,Positive,Delay
950,"Compared with other days, today the cost felt reasonable.",22,Job Seeker,Evening Peak,Severe,5,Positive,Cost
951,There seemed to be more buses on the road than usual.,33,Homemaker,Evening Peak,High,4,Positive,Availability
952,There was no clear information about where the bus would stop or how long the delay would be.,54,Teacher,Morning Peak,Moderate,50,Negative,Information
953,This route is hard for elderly passengers. Even healthy people struggle to board during peak hours.,38,Healthcare Worker,Morning Peak,Severe,28,Negative,Accessibility
954,"The stop area was busy, though still usable.",32,Job Seeker,Morning Peak,Low,13,Neutral,Accessibility
955,"I was standing at Sayedabad for almost 41 minutes and still no bus came on time. For a weekday peak hour, this is exhausting.",39,Student,Evening Peak,High,28,Negative,Delay
956,"The ride felt somewhat crowded, but I did not face any major safety issue.",38,Job Seeker,Evening Peak,Low,12,Neutral,Safety
957,"The bus came sooner than I expected, which almost never happens during peak hour.",45,Shopkeeper,Evening Peak,Severe,12,Positive,Delay
958,"A bus came after some waiting, so availability was average today.",60,Driver,Morning Peak,Severe,14,Neutral,Availability
959,"A bus came after some waiting, so availability was average today.",58,Shopkeeper,Evening Peak,High,16,Neutral,Availability
960,The fare felt too high considering how crowded and uncomfortable the ride was.,22,Teacher,Morning Peak,High,49,Negative,Cost
961,"Traffic slowed the trip, but overall it was average.",26,Driver,Evening Peak,Moderate,16,Neutral,Delay
962,"Everyone was squeezed together, and even moving one step inside felt impossible.",55,Shopkeeper,Morning Peak,High,35,Negative,Crowding
963,"If you miss one local bus on this route, you may have to wait a long time for the next one.",42,Shopkeeper,Morning Peak,Moderate,40,Negative,Availability
964,"The bus was crowded, but that is normal during peak time.",26,Office Employee,Evening Peak,High,9,Neutral,Crowding
965,"For once, the trip moved smoothly and I reached on time.",40,Student,Morning Peak,High,10,Positive,Delay
966,Clear route and stop information would save passengers a lot of confusion.,55,Teacher,Morning Peak,High,37,Negative,Information
967,Availability was better today and I did not have to wait too long.,49,Teacher,Morning Peak,Moderate,5,Positive,Availability
968,"If you miss one local bus on this route, you may have to wait a long time for the next one.",58,Teacher,Evening Peak,High,36,Negative,Availability
969,"Everyone was squeezed together, and even moving one step inside felt impossible.",20,Teacher,Evening Peak,Moderate,63,Negative,Crowding
970,"The vehicle looked poorly maintained, and it made an already tiring trip feel worse.",58,Freelancer,Evening Peak,Moderate,21,Negative,Cleanliness
971,I felt comparatively secure throughout the journey.,60,Homemaker,Morning Peak,High,9,Positive,Safety
972,Availability was better today and I did not have to wait too long.,25,Student,Evening Peak,High,5,Positive,Availability
973,The seat condition was poor and there was no real comfort during the trip.,58,Freelancer,Morning Peak,Severe,41,Negative,Comfort
974,I had to ask three people before confirming whether this bus was going my way.,18,Job Seeker,Evening Peak,Moderate,55,Negative,Information
975,"Bus e kono clear information chilo na, especially notun passenger der jonno eta problem.",18,Homemaker,Morning Peak,Low,46,Negative,Information
976,"For daily commuting, the cleanliness is really below standard. The floor was messy and the windows looked untouched.",35,Banker,Evening Peak,Low,65,Negative,Cleanliness
977,"The bus was cleaner than I expected, and the seating area was in decent shape.",23,Factory Worker,Morning Peak,High,4,Positive,Cleanliness
978,I could stand comfortably enough without being pushed around too much.,47,Small Business,Evening Peak,High,12,Positive,Crowding
979,"The fare felt acceptable, though service quality could still improve.",42,Banker,Morning Peak,Moderate,17,Neutral,Cost
980,"During office time, availability is still poor. Demand is clearly higher than supply.",35,Student,Evening Peak,High,52,Negative,Availability
981,"During office time, availability is still poor. Demand is clearly higher than supply.",20,Homemaker,Morning Peak,High,42,Negative,Availability
982,I did not mind paying this fare because the trip was manageable.,46,Driver,Evening Peak,High,5,Positive,Cost
983,"The staff were not especially helpful, but they were not very rude either.",57,Student,Evening Peak,Moderate,19,Neutral,Staff Behavior
984,"The ride was tiring, but about what I normally expect from a local bus.",51,Office Employee,Morning Peak,High,14,Neutral,Comfort
985,"Compared with other days, today the cost felt reasonable.",26,Driver,Evening Peak,High,11,Positive,Cost
986,"I do not expect luxury, but at least the bus should be clean enough to sit comfortably.",27,Homemaker,Evening Peak,Severe,59,Negative,Cleanliness
987,A calm and respectful attitude from the staff made the ride easier.,23,Healthcare Worker,Evening Peak,Low,5,Positive,Staff Behavior
988,"The ride felt somewhat crowded, but I did not face any major safety issue.",60,Shopkeeper,Morning Peak,Severe,19,Neutral,Safety
989,Availability was better today and I did not have to wait too long.,28,Teacher,Morning Peak,High,4,Positive,Availability
990,"The bus was not very clean, but it was acceptable for a regular local bus trip.",55,Teacher,Morning Peak,High,9,Neutral,Cleanliness
991,"The footpath near the stop was crowded and broken, so reaching the bus safely was not easy.",26,Driver,Evening Peak,Moderate,21,Negative,Accessibility
992,The bus was so full that I had to stand bent near the gate for almost the whole trip.,49,Job Seeker,Morning Peak,Severe,64,Negative,Crowding
993,"For once, the trip moved smoothly and I reached on time.",25,Teacher,Evening Peak,High,7,Positive,Delay
994,Getting on the bus was difficult because it barely stopped near the designated stop.,51,Small Business,Evening Peak,Moderate,20,Negative,Accessibility
995,There was no clear information about where the bus would stop or how long the delay would be.,27,Freelancer,Evening Peak,Low,65,Negative,Information
996,There were far fewer buses than the number of waiting passengers. The line just kept getting longer.,29,Job Seeker,Morning Peak,Moderate,47,Negative,Availability
997,Even a small sign or proper announcement could have made this trip easier.,49,Homemaker,Evening Peak,High,39,Negative,Information
998,"There was some waiting time, though it was still manageable.",49,Factory Worker,Morning Peak,Low,10,Neutral,Delay
999,"Bus e kono clear information chilo na, especially notun passenger der jonno eta problem.",42,Shopkeeper,Morning Peak,High,24,Negative,Information
1000,"Safety was okay today, though the boarding process could be better.",27,Freelancer,Evening Peak,Severe,20,Neutral,Safety
1001,"I got enough information after asking around, though it was not very clear at first.",27,Office Employee,Evening Peak,Moderate,14,Neutral,Information
1002,"For daily commuting, the cleanliness is really below standard. The floor was messy and the windows looked untouched.",36,Shopkeeper,Evening Peak,Severe,63,Negative,Cleanliness
1003,I had to ask three people before confirming whether this bus was going my way.,22,Homemaker,Evening Peak,High,46,Negative,Information
1004,"From Azimpur to Shahbagh, the delay was frustrating. I left early but still got late because the bus service was irregular.",40,Healthcare Worker,Evening Peak,Severe,43,Negative,Delay
1005,"For a local bus, the condition was actually acceptable today.",42,Shopkeeper,Morning Peak,Moderate,10,Positive,Cleanliness
1006,"The staff were not especially helpful, but they were not very rude either.",31,Freelancer,Morning Peak,High,14,Neutral,Staff Behavior
1007,"The local bus showed up very late today. By the time I reached my office, I was already behind schedule.",48,Job Seeker,Morning Peak,High,53,Negative,Delay
1008,"The bus came sooner than I expected, which almost never happens during peak hour.",19,Shopkeeper,Evening Peak,Severe,3,Positive,Delay
1009,Accessibility er dike khub kom attention ache. Peak hour e nama-utha duitae kosto.,57,Factory Worker,Morning Peak,High,25,Negative,Accessibility
1010,I did not mind paying this fare because the trip was manageable.,34,Driver,Evening Peak,Moderate,6,Positive,Cost
1011,Accessibility er dike khub kom attention ache. Peak hour e nama-utha duitae kosto.,21,Freelancer,Morning Peak,Moderate,65,Negative,Accessibility
1012,"For a local bus, the condition was actually acceptable today.",18,Freelancer,Morning Peak,High,7,Positive,Cleanliness
1013,Helper er kotha bolar dhoron bhalo chilo na. Choto proshno korleo kharap bhabe jawab dicchilo.,41,Homemaker,Evening Peak,High,23,Negative,Staff Behavior
1014,"For daily commuting, the cleanliness is really below standard. The floor was messy and the windows looked untouched.",30,Small Business,Morning Peak,High,35,Negative,Cleanliness
1015,Rush hour e safety niye onek tension lage. Driver o helper duijon e khub aggressive chilo.,41,Teacher,Evening Peak,Severe,41,Negative,Safety
1016,"Too many passengers, no personal space, and constant pushing—this should not be normal.",52,Freelancer,Morning Peak,High,54,Negative,Crowding
1017,Route information was just about manageable.,39,Small Business,Evening Peak,Severe,14,Neutral,Information
1018,"If you miss one local bus on this route, you may have to wait a long time for the next one.",59,Office Employee,Evening Peak,Moderate,24,Negative,Availability
1019,"Compared with other days, today the cost felt reasonable.",36,Teacher,Morning Peak,Moderate,8,Positive,Cost
1020,Staff behavior was okay overall.,32,Freelancer,Morning Peak,High,15,Neutral,Staff Behavior
1021,"I do not expect luxury, but at least the bus should be clean enough to sit comfortably.",27,Student,Morning Peak,Severe,30,Negative,Cleanliness
1022,There seemed to be more buses on the road than usual.,21,Teacher,Morning Peak,High,11,Positive,Availability
1023,There seemed to be more buses on the road than usual.,43,Office Employee,Morning Peak,High,6,Positive,Availability
1024,Helper er kotha bolar dhoron bhalo chilo na. Choto proshno korleo kharap bhabe jawab dicchilo.,60,Homemaker,Evening Peak,Moderate,23,Negative,Staff Behavior
1025,"The bus was a bit late today, but not unusually late for a weekday in Dhaka.",37,Small Business,Evening Peak,High,14,Neutral,Delay
1026,"Everyone was squeezed together, and even moving one step inside felt impossible.",57,Small Business,Evening Peak,High,53,Negative,Crowding
1027,"If you miss one local bus on this route, you may have to wait a long time for the next one.",44,Freelancer,Morning Peak,Moderate,52,Negative,Availability
1028,The fare felt too high considering how crowded and uncomfortable the ride was.,33,Banker,Morning Peak,Low,21,Negative,Cost
1029,Communication from the conductor was average today.,27,Shopkeeper,Morning Peak,Moderate,18,Neutral,Staff Behavior
1030,"The fare felt acceptable, though service quality could still improve.",47,Job Seeker,Evening Peak,Severe,9,Neutral,Cost
1031,"The ride was tiring, but about what I normally expect from a local bus.",49,Factory Worker,Morning Peak,Low,19,Neutral,Comfort
1032,"Boarding was more orderly today, which made the trip feel safer.",18,Factory Worker,Evening Peak,High,11,Positive,Safety
1033,"Comfort was average—no major issue, no special improvement.",21,Homemaker,Morning Peak,Low,14,Neutral,Comfort
1034,"The stop access felt manageable, even during the busy hour.",20,Freelancer,Evening Peak,Moderate,12,Positive,Accessibility
1035,"The stop area was busy, though still usable.",40,Factory Worker,Evening Peak,Moderate,12,Neutral,Accessibility
1036,"The fare felt acceptable, though service quality could still improve.",56,Teacher,Morning Peak,Severe,19,Neutral,Cost
1037,The fare felt too high considering how crowded and uncomfortable the ride was.,44,Driver,Morning Peak,Moderate,43,Negative,Cost
1038,"The bus was not very clean, but it was acceptable for a regular local bus trip.",36,Student,Evening Peak,Low,16,Neutral,Cleanliness
1039,The helper was rude when passengers asked whether the bus would stop at the next point.,39,Homemaker,Morning Peak,Moderate,37,Negative,Staff Behavior
1040,There were far fewer buses than the number of waiting passengers. The line just kept getting longer.,23,Office Employee,Evening Peak,Moderate,35,Negative,Availability
1041,"Same problem again—long wait, slow movement, and too many unnecessary stops. Morning peak in Dhaka feels impossible sometimes.",55,Shopkeeper,Morning Peak,Severe,26,Negative,Delay
1042,The bus stopped properly and boarding was easier today.,24,Freelancer,Morning Peak,High,7,Positive,Accessibility
1043,"I do not expect luxury, but at least the bus should be clean enough to sit comfortably.",49,Student,Morning Peak,High,60,Negative,Cleanliness
1044,Clear route and stop information would save passengers a lot of confusion.,40,Factory Worker,Evening Peak,High,35,Negative,Information
1045,"Safety was okay today, though the boarding process could be better.",47,Job Seeker,Evening Peak,Severe,13,Neutral,Safety
1046,"The bus was not very clean, but it was acceptable for a regular local bus trip.",35,Student,Morning Peak,Severe,17,Neutral,Cleanliness
1047,Crowding made the ride stressful from start to finish. I could barely breathe comfortably.,21,Healthcare Worker,Morning Peak,Low,23,Negative,Crowding
1048,"The bus was a bit late today, but not unusually late for a weekday in Dhaka.",23,Driver,Evening Peak,High,12,Neutral,Delay
1049,The conductor kept shouting instead of answering simple fare questions calmly.,54,Office Employee,Morning Peak,High,21,Negative,Staff Behavior
1050,"I got enough information after asking around, though it was not very clear at first.",20,Banker,Evening Peak,High,11,Neutral,Information
1051,"The inside looked used and worn, but not worse than usual.",29,Small Business,Morning Peak,High,10,Neutral,Cleanliness
1052,"The route details were clear enough today, so I did not have to guess much.",31,Healthcare Worker,Evening Peak,High,7,Positive,Information
1053,The fare felt fair enough for the distance I traveled.,25,Driver,Morning Peak,Severe,7,Positive,Cost
1054,"The inside looked used and worn, but not worse than usual.",44,Shopkeeper,Evening Peak,Moderate,18,Neutral,Cleanliness
1055,"Boarding took some effort, but I managed without much trouble.",57,Freelancer,Morning Peak,High,8,Neutral,Accessibility
1056,Accessibility was average; it could be better for elderly passengers.,50,Driver,Morning Peak,High,12,Neutral,Accessibility
1057,"The inside of the bus was dusty, the seats were dirty, and there was a bad smell the whole way.",35,Teacher,Evening Peak,Low,31,Negative,Cleanliness
1058,Bus e emon bhir chilo je neme jabar agei chinta hoye jacchilo kivabe gate porjonto jabo.,57,Job Seeker,Morning Peak,Severe,53,Negative,Crowding
1059,"If the service stays like this, the fare should not keep increasing.",31,Job Seeker,Evening Peak,Low,40,Negative,Cost
1060,"Safety was okay today, though the boarding process could be better.",28,Shopkeeper,Evening Peak,Moderate,9,Neutral,Safety
1061,"The ride felt somewhat crowded, but I did not face any major safety issue.",34,Homemaker,Morning Peak,Low,15,Neutral,Safety
1062,The conductor kept shouting instead of answering simple fare questions calmly.,50,Healthcare Worker,Evening Peak,Moderate,52,Negative,Staff Behavior
1063,"I found a bus fairly quickly, even during the rush.",37,Factory Worker,Evening Peak,High,5,Positive,Availability
1064,"The vehicle looked poorly maintained, and it made an already tiring trip feel worse.",36,Teacher,Morning Peak,Severe,59,Negative,Cleanliness
1065,"People were pushing near the gate while boarding, and it felt risky, especially for women and older passengers.",40,Homemaker,Morning Peak,High,26,Negative,Safety
1066,The information given by staff was helpful and saved time.,48,Small Business,Evening Peak,Moderate,10,Positive,Information
1067,I could follow the stops without much confusion.,42,Banker,Evening Peak,Low,3,Positive,Information
1068,The bus stopped properly and boarding was easier today.,41,Student,Morning Peak,High,8,Positive,Accessibility
1069,"Peak time e bus kom thake, tai sobai ekta bus er upor chap pore jay.",48,Student,Evening Peak,High,31,Negative,Availability
1070,Getting on the bus was difficult because it barely stopped near the designated stop.,46,Job Seeker,Evening Peak,High,18,Negative,Accessibility
1071,The driver was braking so hard that everyone almost fell forward. I honestly did not feel safe.,30,Office Employee,Morning Peak,High,39,Negative,Safety
1072,Even a small sign or proper announcement could have made this trip easier.,50,Small Business,Morning Peak,Moderate,55,Negative,Information
1073,"During office time, availability is still poor. Demand is clearly higher than supply.",19,Homemaker,Evening Peak,High,29,Negative,Availability
1074,The conductor kept shouting instead of answering simple fare questions calmly.,36,Homemaker,Evening Peak,Moderate,39,Negative,Staff Behavior
1075,"The fare felt acceptable, though service quality could still improve.",19,Office Employee,Morning Peak,Severe,13,Neutral,Cost
1076,"Too many passengers, no personal space, and constant pushing—this should not be normal.",47,Freelancer,Morning Peak,High,26,Negative,Crowding
1077,"Too many passengers, no personal space, and constant pushing—this should not be normal.",47,Small Business,Morning Peak,High,52,Negative,Crowding
1078,"Safety was okay today, though the boarding process could be better.",21,Student,Morning Peak,Moderate,19,Neutral,Safety
1079,"Nothing serious happened, but the route still feels a little risky during rush hour.",50,Job Seeker,Evening Peak,High,17,Neutral,Safety
1080,"Between heat, noise, and crowding, this felt like a very draining commute.",36,Teacher,Evening Peak,Severe,30,Negative,Comfort
1081,"The bus was a bit late today, but not unusually late for a weekday in Dhaka.",38,Banker,Evening Peak,Low,19,Neutral,Delay
1082,"Everyone was squeezed together, and even moving one step inside felt impossible.",55,Job Seeker,Evening Peak,High,49,Negative,Crowding
1083,"I expected a rough commute, but it was actually manageable.",25,Office Employee,Evening Peak,Moderate,12,Positive,Comfort
1084,I paid more than usual today and there was no proper explanation from the conductor.,34,Job Seeker,Morning Peak,High,19,Negative,Cost
1085,The bus was so full that I had to stand bent near the gate for almost the whole trip.,50,Shopkeeper,Morning Peak,High,32,Negative,Crowding
1086,"The footpath near the stop was crowded and broken, so reaching the bus safely was not easy.",55,Teacher,Evening Peak,High,35,Negative,Accessibility
1087,"If the service stays like this, the fare should not keep increasing.",19,Freelancer,Morning Peak,High,29,Negative,Cost
1088,"There was pressure inside the bus, but not severe.",28,Small Business,Evening Peak,Severe,19,Neutral,Crowding
1089,"Nothing serious happened, but the route still feels a little risky during rush hour.",20,Office Employee,Evening Peak,Severe,20,Neutral,Safety
1090,"The stop area was busy, though still usable.",54,Student,Evening Peak,Moderate,19,Neutral,Accessibility
1091,Communication from the conductor was average today.,31,Teacher,Morning Peak,High,17,Neutral,Staff Behavior
1092,Staff behavior made the whole ride more unpleasant than it needed to be.,23,Banker,Evening Peak,High,46,Negative,Staff Behavior
1093,"The vehicle looked poorly maintained, and it made an already tiring trip feel worse.",37,Freelancer,Evening Peak,Moderate,42,Negative,Cleanliness
1094,"The vehicle looked poorly maintained, and it made an already tiring trip feel worse.",31,Freelancer,Morning Peak,High,21,Negative,Cleanliness
1095,"Peak hour e local bus e comfort expect kora jay na, but ajke situation aro kharap chilo.",58,Student,Morning Peak,High,34,Negative,Comfort
1096,Communication from the conductor was average today.,26,Teacher,Evening Peak,Moderate,10,Neutral,Staff Behavior
1097,Staff behavior made the whole ride more unpleasant than it needed to be.,43,Student,Evening Peak,High,42,Negative,Staff Behavior
1098,I felt comparatively secure throughout the journey.,19,Healthcare Worker,Morning Peak,High,12,Positive,Safety
1099,"Comfort was average—no major issue, no special improvement.",41,Homemaker,Morning Peak,Severe,11,Neutral,Comfort
1100,"Nothing serious happened, but the route still feels a little risky during rush hour.",27,Small Business,Evening Peak,Severe,13,Neutral,Safety
1101,"The vehicle looked poorly maintained, and it made an already tiring trip feel worse.",28,Office Employee,Evening Peak,High,37,Negative,Cleanliness
1102,"Comfort was average—no major issue, no special improvement.",35,Job Seeker,Evening Peak,Severe,14,Neutral,Comfort
1103,"The inside looked used and worn, but not worse than usual.",59,Job Seeker,Morning Peak,Moderate,12,Neutral,Cleanliness
1104,"I got enough information after asking around, though it was not very clear at first.",50,Small Business,Morning Peak,Moderate,20,Neutral,Information
1105,Crowding made the ride stressful from start to finish. I could barely breathe comfortably.,37,Freelancer,Evening Peak,High,38,Negative,Crowding
1106,"The route details were clear enough today, so I did not have to guess much.",33,Healthcare Worker,Evening Peak,Moderate,4,Positive,Information
1107,There was no clear information about where the bus would stop or how long the delay would be.,30,Job Seeker,Morning Peak,Severe,47,Negative,Information
1108,"Between heat, noise, and crowding, this felt like a very draining commute.",42,Healthcare Worker,Evening Peak,Severe,62,Negative,Comfort
1109,"I was standing at Shahbagh for almost 52 minutes and still no bus came on time. For a weekday peak hour, this is exhausting.",34,Healthcare Worker,Morning Peak,High,20,Negative,Delay
1110,"Too many passengers, no personal space, and constant pushing—this should not be normal.",20,Driver,Evening Peak,Moderate,24,Negative,Crowding
1111,"Peak time e bus kom thake, tai sobai ekta bus er upor chap pore jay.",56,Freelancer,Evening Peak,High,42,Negative,Availability
1112,"The stop access felt manageable, even during the busy hour.",50,Freelancer,Morning Peak,High,4,Positive,Accessibility
1113,Availability was better today and I did not have to wait too long.,38,Factory Worker,Evening Peak,High,5,Positive,Availability
1114,Staff behavior made the whole ride more unpleasant than it needed to be.,20,Banker,Morning Peak,Moderate,24,Negative,Staff Behavior
1115,The fare is not the only issue—the unclear way they collect it creates arguments almost every day.,44,Student,Evening Peak,High,20,Negative,Cost
1116,Service frequency was neither very good nor very bad.,25,Small Business,Morning Peak,High,20,Neutral,Availability
1117,"For once, the trip moved smoothly and I reached on time.",46,Driver,Morning Peak,High,11,Positive,Delay
1118,"It was extremely hot inside the bus, and there was barely any airflow.",33,Healthcare Worker,Morning Peak,High,42,Negative,Comfort
1119,"Between heat, noise, and crowding, this felt like a very draining commute.",56,Homemaker,Evening Peak,Low,35,Negative,Comfort
1120,"The ride was jerky, noisy, and uncomfortable, especially while standing.",45,Freelancer,Morning Peak,Moderate,32,Negative,Comfort
1121,"Bus e kono clear information chilo na, especially notun passenger der jonno eta problem.",51,Shopkeeper,Evening Peak,Severe,53,Negative,Information
1122,"The bus was busy but still manageable, which is a relief during peak time.",26,Factory Worker,Morning Peak,Moderate,12,Positive,Crowding
1123,"The bus came sooner than I expected, which almost never happens during peak hour.",21,Shopkeeper,Morning Peak,High,6,Positive,Delay
1124,"From New Market to Science Lab, the delay was frustrating. I left early but still got late because the bus service was irregular.",51,Small Business,Evening Peak,High,33,Negative,Delay
1125,Ventilation was decent and the trip was less tiring today.,44,Factory Worker,Evening Peak,Moderate,4,Positive,Comfort
1126,"If the service stays like this, the fare should not keep increasing.",49,Factory Worker,Morning Peak,Moderate,38,Negative,Cost
1127,"There was some confusion, but I still reached the right destination.",20,Teacher,Evening Peak,Severe,17,Neutral,Information
1128,Availability was better today and I did not have to wait too long.,29,Homemaker,Evening Peak,High,8,Positive,Availability
1129,"There was some confusion, but I still reached the right destination.",39,Shopkeeper,Morning Peak,Moderate,20,Neutral,Information
1130,A little politeness would make a big difference for regular commuters.,45,Job Seeker,Evening Peak,High,60,Negative,Staff Behavior
1131,"It was a typical weekday trip, neither smooth nor terrible.",22,Driver,Evening Peak,Severe,9,Neutral,Comfort
1132,Even a small sign or proper announcement could have made this trip easier.,30,Student,Morning Peak,Moderate,22,Negative,Information
1133,A little politeness would make a big difference for regular commuters.,50,Teacher,Morning Peak,High,25,Negative,Staff Behavior
1134,"Between heat, noise, and crowding, this felt like a very draining commute.",28,Factory Worker,Morning Peak,Moderate,43,Negative,Comfort
1135,"The local bus showed up very late today. By the time I reached my hospital, I was already behind schedule.",48,Office Employee,Morning Peak,Moderate,55,Negative,Delay
1136,"The footpath near the stop was crowded and broken, so reaching the bus safely was not easy.",22,Driver,Evening Peak,High,51,Negative,Accessibility
1137,Even a small sign or proper announcement could have made this trip easier.,56,Job Seeker,Evening Peak,High,35,Negative,Information
1138,Crowding was less intense than I expected today.,59,Job Seeker,Evening Peak,High,3,Positive,Crowding
1139,"For once, the trip moved smoothly and I reached on time.",40,Homemaker,Morning Peak,Low,5,Positive,Delay
1140,Accessibility was average; it could be better for elderly passengers.,31,Homemaker,Evening Peak,Severe,12,Neutral,Accessibility
1141,Route information was just about manageable.,22,Homemaker,Morning Peak,High,17,Neutral,Information
1142,Rush hour e safety niye onek tension lage. Driver o helper duijon e khub aggressive chilo.,54,Driver,Evening Peak,Severe,46,Negative,Safety
1143,"From Motijheel to Rampura, the delay was frustrating. I left early but still got late because the bus service was irregular.",28,Healthcare Worker,Morning Peak,High,52,Negative,Delay
1144,Aajke bus er jonno eto wait korte holo je matha noshto hoye gelo. Peak hour e regular service thakar kotha.,48,Factory Worker,Morning Peak,High,64,Negative,Delay
1145,Aajke bus er jonno eto wait korte holo je matha noshto hoye gelo. Peak hour e regular service thakar kotha.,60,Office Employee,Morning Peak,High,49,Negative,Delay
1146,"Between heat, noise, and crowding, this felt like a very draining commute.",50,Factory Worker,Morning Peak,Severe,34,Negative,Comfort
1147,There seemed to be more buses on the road than usual.,23,Teacher,Morning Peak,High,12,Positive,Availability
1148,The bus doors were crowded and there was no support for people who need extra time to board.,57,Banker,Morning Peak,Moderate,47,Negative,Accessibility
1149,"I had to stand for part of the journey, though it was manageable.",57,Office Employee,Evening Peak,Severe,15,Neutral,Crowding
1150,"It was extremely hot inside the bus, and there was barely any airflow.",53,Driver,Evening Peak,High,35,Negative,Comfort
1151,"From Mohakhali to Badda, the delay was frustrating. I left early but still got late because the bus service was irregular.",40,Teacher,Morning Peak,High,43,Negative,Delay
1152,The seat condition was poor and there was no real comfort during the trip.,22,Job Seeker,Morning Peak,High,26,Negative,Comfort
1153,"The stop access felt manageable, even during the busy hour.",36,Student,Morning Peak,Low,10,Positive,Accessibility
1154,"There were buses on the route, but not enough to reduce waiting fully.",53,Driver,Evening Peak,Moderate,16,Neutral,Availability
1155,"The vehicle looked poorly maintained, and it made an already tiring trip feel worse.",33,Driver,Evening Peak,High,34,Negative,Cleanliness
1156,This route is hard for elderly passengers. Even healthy people struggle to board during peak hours.,31,Banker,Morning Peak,Moderate,52,Negative,Accessibility
1157,"It was not cheap, but not unreasonable either.",48,Homemaker,Morning Peak,High,8,Neutral,Cost
1158,Getting on and off was smoother than usual.,18,Job Seeker,Evening Peak,Moderate,9,Positive,Accessibility
1159,The seat condition was poor and there was no real comfort during the trip.,45,Teacher,Morning Peak,High,59,Negative,Comfort
1160,"I expected more buses on New Market to Science Lab, but service frequency was disappointing today.",26,Shopkeeper,Morning Peak,High,55,Negative,Availability
1161,"A bus came after some waiting, so availability was average today.",30,Freelancer,Morning Peak,High,9,Neutral,Availability
1162,"There was some confusion, but I still reached the right destination.",35,Small Business,Morning Peak,High,16,Neutral,Information
1163,"Compared with other days, today the cost felt reasonable.",37,Student,Morning Peak,High,10,Positive,Cost
1164,"Safety was okay today, though the boarding process could be better.",36,Shopkeeper,Morning Peak,Severe,15,Neutral,Safety
1165,"From Farmgate to Mohakhali, the delay was frustrating. I left early but still got late because the bus service was irregular.",24,Office Employee,Morning Peak,High,30,Negative,Delay
1166,"Bus e kono clear information chilo na, especially notun passenger der jonno eta problem.",28,Small Business,Evening Peak,High,36,Negative,Information
1167,"The bus came sooner than I expected, which almost never happens during peak hour.",57,Healthcare Worker,Morning Peak,Severe,3,Positive,Delay
1168,The fare felt too high considering how crowded and uncomfortable the ride was.,35,Factory Worker,Morning Peak,Severe,35,Negative,Cost
1169,"The ride was still busy, but it felt more comfortable than usual.",41,Office Employee,Evening Peak,High,7,Positive,Comfort
1170,"Between heat, noise, and crowding, this felt like a very draining commute.",48,Teacher,Morning Peak,Moderate,54,Negative,Comfort
1171,"Peak hour e local bus e comfort expect kora jay na, but ajke situation aro kharap chilo.",31,Healthcare Worker,Evening Peak,High,57,Negative,Comfort
1172,"There were buses on the route, but not enough to reduce waiting fully.",56,Banker,Evening Peak,High,19,Neutral,Availability
1173,"It was extremely hot inside the bus, and there was barely any airflow.",54,Teacher,Evening Peak,Severe,40,Negative,Comfort
1174,The fare is not the only issue—the unclear way they collect it creates arguments almost every day.,38,Job Seeker,Morning Peak,High,19,Negative,Cost
1175,"Cleanliness was average today—nothing impressive, nothing terrible.",59,Factory Worker,Morning Peak,Severe,13,Neutral,Cleanliness
1176,Aajke bus er jonno eto wait korte holo je matha noshto hoye gelo. Peak hour e regular service thakar kotha.,41,Teacher,Evening Peak,Severe,57,Negative,Delay
1177,Getting on and off was smoother than usual.,43,Small Business,Morning Peak,Moderate,12,Positive,Accessibility
1178,The fare felt too high considering how crowded and uncomfortable the ride was.,26,Office Employee,Evening Peak,High,62,Negative,Cost
1179,Rush hour e safety niye onek tension lage. Driver o helper duijon e khub aggressive chilo.,38,Student,Evening Peak,High,52,Negative,Safety
1180,"Boarding was more orderly today, which made the trip feel safer.",35,Office Employee,Morning Peak,High,12,Positive,Safety
1181,"I expected more buses on Farmgate to Mohakhali, but service frequency was disappointing today.",45,Homemaker,Evening Peak,Moderate,28,Negative,Availability
1182,"The inside of the bus was dusty, the seats were dirty, and there was a bad smell the whole way.",23,Teacher,Evening Peak,Severe,59,Negative,Cleanliness
1183,Staff behavior was better today; they were helpful without being rude.,36,Freelancer,Morning Peak,Severe,7,Positive,Staff Behavior
1184,"Peak hour e local bus e comfort expect kora jay na, but ajke situation aro kharap chilo.",38,Office Employee,Morning Peak,Moderate,22,Negative,Comfort
1185,"During office time, availability is still poor. Demand is clearly higher than supply.",35,Banker,Evening Peak,High,61,Negative,Availability
1186,Staff behavior was okay overall.,52,Shopkeeper,Evening Peak,Low,13,Neutral,Staff Behavior
1187,"Traffic slowed the trip, but overall it was average.",28,Teacher,Evening Peak,Severe,15,Neutral,Delay
1188,"The stop area was busy, though still usable.",41,Job Seeker,Morning Peak,Severe,15,Neutral,Accessibility
1189,"Boarding was more orderly today, which made the trip feel safer.",50,Job Seeker,Morning Peak,High,6,Positive,Safety
1190,"Peak hour e local bus e comfort expect kora jay na, but ajke situation aro kharap chilo.",54,Healthcare Worker,Morning Peak,High,34,Negative,Comfort
1191,"There were buses on the route, but not enough to reduce waiting fully.",22,Healthcare Worker,Evening Peak,High,16,Neutral,Availability
1192,"There were buses on the route, but not enough to reduce waiting fully.",57,Job Seeker,Morning Peak,Severe,12,Neutral,Availability
1193,"I expected a rough commute, but it was actually manageable.",28,Healthcare Worker,Evening Peak,Severe,4,Positive,Comfort
1194,"Same problem again—long wait, slow movement, and too many unnecessary stops. Morning peak in Dhaka feels impossible sometimes.",47,Student,Morning Peak,High,27,Negative,Delay
1195,I could follow the stops without much confusion.,21,Homemaker,Evening Peak,High,7,Positive,Information
1196,I paid more than usual today and there was no proper explanation from the conductor.,48,Student,Evening Peak,High,37,Negative,Cost
1197,I had to ask three people before confirming whether this bus was going my way.,43,Student,Evening Peak,High,55,Negative,Information
1198,"The local bus showed up very late today. By the time I reached my campus, I was already behind schedule.",33,Student,Evening Peak,High,64,Negative,Delay
1199,Travel time was reasonable today and the service felt more reliable than usual.,55,Factory Worker,Morning Peak,Severe,5,Positive,Delay
1200,"The staff were not especially helpful, but they were not very rude either.",18,Factory Worker,Morning Peak,High,17,Neutral,Staff Behavior
1201,"Boarding was more orderly today, which made the trip feel safer.",60,Factory Worker,Morning Peak,High,8,Positive,Safety
1202,"The bus was busy but still manageable, which is a relief during peak time.",31,Healthcare Worker,Evening Peak,Moderate,4,Positive,Crowding
1203,"The ride was jerky, noisy, and uncomfortable, especially while standing.",50,Banker,Morning Peak,Moderate,20,Negative,Comfort
1204,The information given by staff was helpful and saved time.,26,Factory Worker,Evening Peak,Severe,8,Positive,Information
1205,Bus e emon bhir chilo je neme jabar agei chinta hoye jacchilo kivabe gate porjonto jabo.,56,Healthcare Worker,Morning Peak,Low,25,Negative,Crowding
1206,"Nothing serious happened, but the route still feels a little risky during rush hour.",35,Healthcare Worker,Morning Peak,High,16,Neutral,Safety
1207,The driver was braking so hard that everyone almost fell forward. I honestly did not feel safe.,60,Healthcare Worker,Morning Peak,Severe,55,Negative,Safety
1208,The helper was rude when passengers asked whether the bus would stop at the next point.,42,Job Seeker,Morning Peak,Severe,33,Negative,Staff Behavior
1209,"The vehicle looked poorly maintained, and it made an already tiring trip feel worse.",45,Factory Worker,Morning Peak,Severe,56,Negative,Cleanliness
1210,"There was some waiting time, though it was still manageable.",24,Healthcare Worker,Morning Peak,High,14,Neutral,Delay
1211,"Peak time e bus kom thake, tai sobai ekta bus er upor chap pore jay.",41,Job Seeker,Evening Peak,Moderate,21,Negative,Availability
1212,The bus stopped properly and boarding was easier today.,56,Freelancer,Evening Peak,Moderate,11,Positive,Accessibility
1213,"Traffic slowed the trip, but overall it was average.",43,Student,Morning Peak,Moderate,12,Neutral,Delay
1214,A little politeness would make a big difference for regular commuters.,38,Homemaker,Morning Peak,Low,58,Negative,Staff Behavior
1215,The fare felt too high considering how crowded and uncomfortable the ride was.,52,Student,Evening Peak,Moderate,53,Negative,Cost
1216,The conductor kept shouting instead of answering simple fare questions calmly.,38,Shopkeeper,Evening Peak,High,24,Negative,Staff Behavior
1217,Ventilation was decent and the trip was less tiring today.,32,Student,Morning Peak,High,9,Positive,Comfort
1218,"The ride was still busy, but it felt more comfortable than usual.",37,Banker,Evening Peak,Severe,11,Positive,Comfort
1219,"Traffic slowed the trip, but overall it was average.",38,Teacher,Evening Peak,Moderate,19,Neutral,Delay
1220,"I expected a rough commute, but it was actually manageable.",21,Small Business,Evening Peak,Low,3,Positive,Comfort
1221,"Peak hour e local bus e comfort expect kora jay na, but ajke situation aro kharap chilo.",22,Freelancer,Evening Peak,Moderate,59,Negative,Comfort
1222,"The fare felt acceptable, though service quality could still improve.",57,Job Seeker,Morning Peak,Moderate,20,Neutral,Cost
1223,Clear route and stop information would save passengers a lot of confusion.,53,Factory Worker,Evening Peak,Severe,43,Negative,Information
1224,The driver was braking so hard that everyone almost fell forward. I honestly did not feel safe.,59,Factory Worker,Evening Peak,Low,52,Negative,Safety
1225,A little politeness would make a big difference for regular commuters.,37,Shopkeeper,Morning Peak,High,47,Negative,Staff Behavior
1226,"Between heat, noise, and crowding, this felt like a very draining commute.",18,Office Employee,Evening Peak,Severe,42,Negative,Comfort
1227,"The inside looked used and worn, but not worse than usual.",58,Banker,Morning Peak,High,20,Neutral,Cleanliness
1228,"I was standing at Kuril for almost 22 minutes and still no bus came on time. For a weekday peak hour, this is exhausting.",58,Student,Evening Peak,Severe,29,Negative,Delay
1229,The fare is not the only issue—the unclear way they collect it creates arguments almost every day.,51,Job Seeker,Morning Peak,High,22,Negative,Cost
1230,Even a small sign or proper announcement could have made this trip easier.,39,Shopkeeper,Evening Peak,Severe,27,Negative,Information
1231,"Peak time e bus kom thake, tai sobai ekta bus er upor chap pore jay.",19,Small Business,Morning Peak,Moderate,19,Negative,Availability
1232,There was no clear information about where the bus would stop or how long the delay would be.,26,Small Business,Evening Peak,High,20,Negative,Information
1233,I had to ask three people before confirming whether this bus was going my way.,32,Driver,Morning Peak,Severe,45,Negative,Information
1234,The fare felt fair enough for the distance I traveled.,52,Factory Worker,Evening Peak,High,7,Positive,Cost
1235,Aajke bus er jonno eto wait korte holo je matha noshto hoye gelo. Peak hour e regular service thakar kotha.,23,Small Business,Morning Peak,High,30,Negative,Delay
1236,The conductor spoke politely and guided passengers clearly.,45,Homemaker,Evening Peak,Low,7,Positive,Staff Behavior
1237,A calm and respectful attitude from the staff made the ride easier.,35,Job Seeker,Evening Peak,High,10,Positive,Staff Behavior
1238,"Cleanliness was average today—nothing impressive, nothing terrible.",50,Student,Evening Peak,Severe,12,Neutral,Cleanliness
1239,"The local bus showed up very late today. By the time I reached my class, I was already behind schedule.",52,Job Seeker,Morning Peak,Moderate,29,Negative,Delay
1240,"Bus e kono clear information chilo na, especially notun passenger der jonno eta problem.",52,Student,Evening Peak,Moderate,65,Negative,Information
1241,Availability was better today and I did not have to wait too long.,18,Teacher,Morning Peak,High,8,Positive,Availability
1242,"The bus was not very clean, but it was acceptable for a regular local bus trip.",49,Freelancer,Morning Peak,Severe,11,Neutral,Cleanliness
1243,The information given by staff was helpful and saved time.,31,Driver,Morning Peak,High,4,Positive,Information
1244,The conductor kept shouting instead of answering simple fare questions calmly.,22,Driver,Morning Peak,High,36,Negative,Staff Behavior
1245,"The bus was cleaner than I expected, and the seating area was in decent shape.",43,Teacher,Morning Peak,Severe,6,Positive,Cleanliness
1246,Getting on the bus was difficult because it barely stopped near the designated stop.,48,Freelancer,Morning Peak,Severe,25,Negative,Accessibility
1247,Helper er kotha bolar dhoron bhalo chilo na. Choto proshno korleo kharap bhabe jawab dicchilo.,49,Small Business,Morning Peak,Moderate,18,Negative,Staff Behavior
1248,"I got enough information after asking around, though it was not very clear at first.",57,Freelancer,Evening Peak,Moderate,10,Neutral,Information
1249,"Peak time e bus kom thake, tai sobai ekta bus er upor chap pore jay.",35,Small Business,Evening Peak,High,41,Negative,Availability
1250,"For a local bus, the condition was actually acceptable today.",39,Banker,Morning Peak,High,12,Positive,Cleanliness
1251,"Cleanliness was average today—nothing impressive, nothing terrible.",24,Banker,Evening Peak,Severe,12,Neutral,Cleanliness
1252,"The ride was jerky, noisy, and uncomfortable, especially while standing.",31,Banker,Evening Peak,High,58,Negative,Comfort
1253,"The driver handled the bus carefully today, and the ride felt safer than usual.",35,Banker,Morning Peak,High,3,Positive,Safety
1254,The fare felt fair enough for the distance I traveled.,20,Freelancer,Morning Peak,High,5,Positive,Cost
1255,"The footpath near the stop was crowded and broken, so reaching the bus safely was not easy.",60,Banker,Morning Peak,Moderate,22,Negative,Accessibility
1256,Ventilation was decent and the trip was less tiring today.,28,Freelancer,Evening Peak,Moderate,5,Positive,Comfort
1257,Rush hour e safety niye onek tension lage. Driver o helper duijon e khub aggressive chilo.,54,Freelancer,Evening Peak,Moderate,60,Negative,Safety
1258,"Comfort was average—no major issue, no special improvement.",24,Driver,Evening Peak,High,13,Neutral,Comfort
1259,The bus was so packed that I kept worrying about my phone and wallet the whole trip.,20,Healthcare Worker,Morning Peak,High,22,Negative,Safety
1260,"Everyone was squeezed together, and even moving one step inside felt impossible.",38,Student,Morning Peak,Low,29,Negative,Crowding
1261,Staff behavior was okay overall.,18,Homemaker,Morning Peak,High,11,Neutral,Staff Behavior
1262,There seemed to be more buses on the road than usual.,24,Freelancer,Evening Peak,Severe,9,Positive,Availability
1263,"There were buses on the route, but not enough to reduce waiting fully.",32,Job Seeker,Morning Peak,Severe,16,Neutral,Availability
1264,"The ride was jerky, noisy, and uncomfortable, especially while standing.",52,Driver,Morning Peak,High,26,Negative,Comfort
1265,The seat condition was poor and there was no real comfort during the trip.,23,Shopkeeper,Morning Peak,High,23,Negative,Comfort
1266,"Too many passengers, no personal space, and constant pushing—this should not be normal.",44,Office Employee,Evening Peak,High,19,Negative,Crowding
1267,There seemed to be more buses on the road than usual.,52,Office Employee,Morning Peak,High,5,Positive,Availability
1268,I did not mind paying this fare because the trip was manageable.,20,Shopkeeper,Morning Peak,High,5,Positive,Cost
1269,"The inside of the bus was dusty, the seats were dirty, and there was a bad smell the whole way.",36,Freelancer,Evening Peak,High,64,Negative,Cleanliness
1270,The seat condition was poor and there was no real comfort during the trip.,40,Small Business,Evening Peak,Moderate,33,Negative,Comfort
1271,"Cleanliness was average today—nothing impressive, nothing terrible.",51,Healthcare Worker,Morning Peak,Moderate,14,Neutral,Cleanliness
1272,"The bus was not very clean, but it was acceptable for a regular local bus trip.",41,Office Employee,Evening Peak,High,20,Neutral,Cleanliness
1273,Accessibility was average; it could be better for elderly passengers.,25,Small Business,Morning Peak,Severe,9,Neutral,Accessibility
1274,The bus was so full that I had to stand bent near the gate for almost the whole trip.,50,Freelancer,Morning Peak,High,53,Negative,Crowding
1275,"I was standing at Shahbagh for almost 44 minutes and still no bus came on time. For a weekday peak hour, this is exhausting.",60,Office Employee,Evening Peak,High,54,Negative,Delay
1276,The helper was rude when passengers asked whether the bus would stop at the next point.,37,Banker,Morning Peak,High,62,Negative,Staff Behavior
1277,Crowding was less intense than I expected today.,54,Driver,Evening Peak,High,10,Positive,Crowding
1278,"I do not expect luxury, but at least the bus should be clean enough to sit comfortably.",31,Shopkeeper,Evening Peak,High,42,Negative,Cleanliness
1279,I would say the cost was average for this route.,36,Healthcare Worker,Evening Peak,Severe,18,Neutral,Cost
1280,"During office time, availability is still poor. Demand is clearly higher than supply.",24,Job Seeker,Evening Peak,Moderate,34,Negative,Availability
1281,Bus e emon bhir chilo je neme jabar agei chinta hoye jacchilo kivabe gate porjonto jabo.,24,Driver,Morning Peak,High,51,Negative,Crowding
1282,Crowding made the ride stressful from start to finish. I could barely breathe comfortably.,32,Office Employee,Morning Peak,Severe,23,Negative,Crowding
1283,The bus did not stop properly and passengers had to get on while it was moving slowly. That is not safe at all.,20,Office Employee,Evening Peak,High,53,Negative,Safety
1284,Clear route and stop information would save passengers a lot of confusion.,32,Healthcare Worker,Morning Peak,Moderate,60,Negative,Information
1285,Bus e emon bhir chilo je neme jabar agei chinta hoye jacchilo kivabe gate porjonto jabo.,22,Shopkeeper,Morning Peak,High,37,Negative,Crowding
1286,"Same problem again—long wait, slow movement, and too many unnecessary stops. Morning peak in Dhaka feels impossible sometimes.",20,Teacher,Evening Peak,Moderate,18,Negative,Delay
1287,Helper er kotha bolar dhoron bhalo chilo na. Choto proshno korleo kharap bhabe jawab dicchilo.,39,Teacher,Morning Peak,High,26,Negative,Staff Behavior
1288,"Cleanliness was average today—nothing impressive, nothing terrible.",44,Job Seeker,Evening Peak,High,11,Neutral,Cleanliness
1289,Staff behavior was better today; they were helpful without being rude.,41,Freelancer,Morning Peak,Severe,9,Positive,Staff Behavior
1290,Clear route and stop information would save passengers a lot of confusion.,18,Healthcare Worker,Morning Peak,Moderate,45,Negative,Information
1291,Helper er kotha bolar dhoron bhalo chilo na. Choto proshno korleo kharap bhabe jawab dicchilo.,24,Shopkeeper,Morning Peak,Severe,44,Negative,Staff Behavior
1292,The seat condition was poor and there was no real comfort during the trip.,55,Homemaker,Evening Peak,Low,52,Negative,Comfort
1293,Helper er kotha bolar dhoron bhalo chilo na. Choto proshno korleo kharap bhabe jawab dicchilo.,19,Job Seeker,Morning Peak,High,31,Negative,Staff Behavior
1294,"There was some confusion, but I still reached the right destination.",23,Factory Worker,Evening Peak,Moderate,14,Neutral,Information
1295,"The inside of the bus was dusty, the seats were dirty, and there was a bad smell the whole way.",30,Office Employee,Evening Peak,Severe,41,Negative,Cleanliness
1296,"The vehicle looked poorly maintained, and it made an already tiring trip feel worse.",18,Office Employee,Morning Peak,Moderate,30,Negative,Cleanliness
1297,I would say the cost was average for this route.,25,Homemaker,Morning Peak,Moderate,17,Neutral,Cost
1298,"The stop access felt manageable, even during the busy hour.",18,Office Employee,Morning Peak,Severe,12,Positive,Accessibility
1299,"There were buses on the route, but not enough to reduce waiting fully.",43,Small Business,Morning Peak,Severe,18,Neutral,Availability
1300,Helper er kotha bolar dhoron bhalo chilo na. Choto proshno korleo kharap bhabe jawab dicchilo.,52,Teacher,Morning Peak,High,58,Negative,Staff Behavior
1301,The driver was braking so hard that everyone almost fell forward. I honestly did not feel safe.,39,Factory Worker,Morning Peak,Severe,45,Negative,Safety
1302,"The bus was crowded, but that is normal during peak time.",35,Shopkeeper,Morning Peak,High,8,Neutral,Crowding
1303,The bus was so full that I had to stand bent near the gate for almost the whole trip.,43,Banker,Evening Peak,High,48,Negative,Crowding
1304,"Everyone was squeezed together, and even moving one step inside felt impossible.",22,Banker,Evening Peak,High,65,Negative,Crowding
1305,There were far fewer buses than the number of waiting passengers. The line just kept getting longer.,34,Homemaker,Evening Peak,High,18,Negative,Availability
1306,Service frequency was neither very good nor very bad.,44,Factory Worker,Morning Peak,Severe,15,Neutral,Availability
1307,Bus e emon bhir chilo je neme jabar agei chinta hoye jacchilo kivabe gate porjonto jabo.,60,Freelancer,Morning Peak,Moderate,22,Negative,Crowding
1308,"Vara ta service er sathe match kore na. Joto taka dei, toto quality pai na.",26,Homemaker,Evening Peak,Severe,44,Negative,Cost
1309,Crowding was less intense than I expected today.,55,Driver,Morning Peak,Severe,10,Positive,Crowding
1310,"I got enough information after asking around, though it was not very clear at first.",53,Factory Worker,Morning Peak,Severe,14,Neutral,Information
1311,"There was pressure inside the bus, but not severe.",36,Small Business,Morning Peak,High,19,Neutral,Crowding
1312,"Peak hour e local bus e comfort expect kora jay na, but ajke situation aro kharap chilo.",28,Teacher,Evening Peak,High,47,Negative,Comfort
1313,The helper was rude when passengers asked whether the bus would stop at the next point.,59,Freelancer,Morning Peak,High,60,Negative,Staff Behavior
1314,"For daily commuting, the cleanliness is really below standard. The floor was messy and the windows looked untouched.",45,Freelancer,Morning Peak,Severe,57,Negative,Cleanliness
1315,"During office time, availability is still poor. Demand is clearly higher than supply.",38,Small Business,Evening Peak,Moderate,47,Negative,Availability
1316,"From Gulistan to Farmgate, the delay was frustrating. I left early but still got late because the bus service was irregular.",36,Job Seeker,Evening Peak,Severe,25,Negative,Delay
1317,The driver was braking so hard that everyone almost fell forward. I honestly did not feel safe.,47,Banker,Evening Peak,Moderate,39,Negative,Safety
1318,"It was extremely hot inside the bus, and there was barely any airflow.",31,Shopkeeper,Evening Peak,High,27,Negative,Comfort
1319,"The footpath near the stop was crowded and broken, so reaching the bus safely was not easy.",20,Healthcare Worker,Evening Peak,Low,47,Negative,Accessibility
1320,"It was not cheap, but not unreasonable either.",46,Teacher,Evening Peak,Severe,18,Neutral,Cost
1321,The driver was braking so hard that everyone almost fell forward. I honestly did not feel safe.,26,Homemaker,Morning Peak,High,18,Negative,Safety
1322,The conductor kept shouting instead of answering simple fare questions calmly.,42,Job Seeker,Morning Peak,High,42,Negative,Staff Behavior
1323,The seat condition was poor and there was no real comfort during the trip.,35,Student,Evening Peak,High,21,Negative,Comfort
1324,"The bus was not very clean, but it was acceptable for a regular local bus trip.",40,Healthcare Worker,Evening Peak,Severe,14,Neutral,Cleanliness
1325,"The fare felt acceptable, though service quality could still improve.",60,Freelancer,Morning Peak,Moderate,18,Neutral,Cost
1326,Helper er kotha bolar dhoron bhalo chilo na. Choto proshno korleo kharap bhabe jawab dicchilo.,45,Driver,Evening Peak,Severe,39,Negative,Staff Behavior
1327,Aajke bus er jonno eto wait korte holo je matha noshto hoye gelo. Peak hour e regular service thakar kotha.,18,Homemaker,Morning Peak,High,19,Negative,Delay
1328,"If the service stays like this, the fare should not keep increasing.",50,Teacher,Morning Peak,High,18,Negative,Cost
1329,"There were buses on the route, but not enough to reduce waiting fully.",23,Job Seeker,Evening Peak,High,10,Neutral,Availability
1330,Communication from the conductor was average today.,54,Factory Worker,Evening Peak,Low,18,Neutral,Staff Behavior
1331,Staff behavior made the whole ride more unpleasant than it needed to be.,49,Homemaker,Morning Peak,High,49,Negative,Staff Behavior
1332,"There was some confusion, but I still reached the right destination.",39,Student,Morning Peak,Moderate,12,Neutral,Information
1333,"Boarding took some effort, but I managed without much trouble.",58,Small Business,Evening Peak,Low,20,Neutral,Accessibility
1334,"Boarding was more orderly today, which made the trip feel safer.",43,Student,Evening Peak,Moderate,5,Positive,Safety
1335,Getting on the bus was difficult because it barely stopped near the designated stop.,31,Teacher,Morning Peak,High,29,Negative,Accessibility
1336,"The inside looked used and worn, but not worse than usual.",54,Student,Evening Peak,High,18,Neutral,Cleanliness
1337,The bus did not stop properly and passengers had to get on while it was moving slowly. That is not safe at all.,48,Driver,Morning Peak,High,65,Negative,Safety
1338,Clear route and stop information would save passengers a lot of confusion.,50,Small Business,Morning Peak,High,61,Negative,Information
1339,There were far fewer buses than the number of waiting passengers. The line just kept getting longer.,33,Driver,Evening Peak,Severe,55,Negative,Availability
1340,The bus was so packed that I kept worrying about my phone and wallet the whole trip.,41,Driver,Morning Peak,Severe,54,Negative,Safety
1341,"During office time, availability is still poor. Demand is clearly higher than supply.",39,Office Employee,Morning Peak,Severe,36,Negative,Availability
1342,"The stop area was busy, though still usable.",60,Student,Evening Peak,Severe,19,Neutral,Accessibility
1343,"I had to stand for part of the journey, though it was manageable.",55,Small Business,Morning Peak,High,14,Neutral,Crowding
1344,"I expected more buses on New Market to Science Lab, but service frequency was disappointing today.",35,Small Business,Morning Peak,Moderate,20,Negative,Availability
1345,"From Uttara to Airport, the delay was frustrating. I left early but still got late because the bus service was irregular.",22,Healthcare Worker,Evening Peak,High,45,Negative,Delay
1346,"People were pushing near the gate while boarding, and it felt risky, especially for women and older passengers.",40,Job Seeker,Evening Peak,High,31,Negative,Safety
1347,A calm and respectful attitude from the staff made the ride easier.,22,Small Business,Morning Peak,Severe,5,Positive,Staff Behavior
1348,The helper was rude when passengers asked whether the bus would stop at the next point.,28,Teacher,Evening Peak,Severe,55,Negative,Staff Behavior
1349,There was no clear information about where the bus would stop or how long the delay would be.,42,Driver,Morning Peak,Severe,63,Negative,Information
1350,Staff behavior made the whole ride more unpleasant than it needed to be.,29,Homemaker,Morning Peak,High,38,Negative,Staff Behavior
1351,"I was standing at Farmgate for almost 60 minutes and still no bus came on time. For a weekday peak hour, this is exhausting.",31,Driver,Evening Peak,Moderate,61,Negative,Delay
1352,Bus ta onek nongra chilo. Gari te uthar por thekei uncomfortable lagchilo.,29,Freelancer,Evening Peak,Severe,51,Negative,Cleanliness
1353,"I had to stand for part of the journey, though it was manageable.",41,Banker,Morning Peak,High,20,Neutral,Crowding
1354,"The ride felt somewhat crowded, but I did not face any major safety issue.",51,Office Employee,Evening Peak,Moderate,18,Neutral,Safety
1355,There was no clear information about where the bus would stop or how long the delay would be.,21,Driver,Morning Peak,High,27,Negative,Information
1356,"A bus came after some waiting, so availability was average today.",31,Shopkeeper,Morning Peak,Low,10,Neutral,Availability
1357,"If the service stays like this, the fare should not keep increasing.",25,Factory Worker,Morning Peak,Severe,29,Negative,Cost
1358,"Cleanliness was average today—nothing impressive, nothing terrible.",28,Teacher,Morning Peak,Severe,10,Neutral,Cleanliness
1359,The helper was rude when passengers asked whether the bus would stop at the next point.,21,Office Employee,Morning Peak,Severe,62,Negative,Staff Behavior
1360,"The ride felt somewhat crowded, but I did not face any major safety issue.",19,Homemaker,Morning Peak,Moderate,15,Neutral,Safety
1361,Crowding made the ride stressful from start to finish. I could barely breathe comfortably.,31,Shopkeeper,Morning Peak,High,48,Negative,Crowding
1362,"The bus came sooner than I expected, which almost never happens during peak hour.",39,Driver,Evening Peak,High,3,Positive,Delay
1363,"The stop area was busy, though still usable.",23,Small Business,Evening Peak,Moderate,15,Neutral,Accessibility
1364,"The bus was not very clean, but it was acceptable for a regular local bus trip.",35,Homemaker,Evening Peak,Severe,20,Neutral,Cleanliness
1365,The bus was so packed that I kept worrying about my phone and wallet the whole trip.,54,Driver,Morning Peak,Moderate,64,Negative,Safety
1366,The bus doors were crowded and there was no support for people who need extra time to board.,31,Freelancer,Evening Peak,Moderate,35,Negative,Accessibility
1367,"The stop area was busy, though still usable.",52,Driver,Evening Peak,High,19,Neutral,Accessibility
1368,The fare is not the only issue—the unclear way they collect it creates arguments almost every day.,45,Freelancer,Evening Peak,Moderate,21,Negative,Cost
1369,Clear route and stop information would save passengers a lot of confusion.,24,Teacher,Evening Peak,Severe,55,Negative,Information
1370,I would say the cost was average for this route.,27,Factory Worker,Evening Peak,Severe,11,Neutral,Cost
1371,Bus e emon bhir chilo je neme jabar agei chinta hoye jacchilo kivabe gate porjonto jabo.,37,Office Employee,Evening Peak,Severe,56,Negative,Crowding
1372,The bus doors were crowded and there was no support for people who need extra time to board.,41,Office Employee,Morning Peak,Moderate,35,Negative,Accessibility
1373,"From Azimpur to Shahbagh, the delay was frustrating. I left early but still got late because the bus service was irregular.",21,Banker,Morning Peak,High,45,Negative,Delay
1374,"The ride felt somewhat crowded, but I did not face any major safety issue.",48,Small Business,Morning Peak,High,8,Neutral,Safety
1375,Ventilation was decent and the trip was less tiring today.,22,Homemaker,Morning Peak,Moderate,9,Positive,Comfort
1376,Clear route and stop information would save passengers a lot of confusion.,53,Shopkeeper,Morning Peak,High,62,Negative,Information
1377,"I expected a rough commute, but it was actually manageable.",46,Healthcare Worker,Morning Peak,Moderate,6,Positive,Comfort
1378,Helper er kotha bolar dhoron bhalo chilo na. Choto proshno korleo kharap bhabe jawab dicchilo.,30,Teacher,Evening Peak,Severe,59,Negative,Staff Behavior
1379,The conductor spoke politely and guided passengers clearly.,38,Teacher,Morning Peak,Moderate,10,Positive,Staff Behavior
1380,The conductor spoke politely and guided passengers clearly.,22,Homemaker,Evening Peak,Severe,6,Positive,Staff Behavior
1381,"I expected more buses on Motijheel to Rampura, but service frequency was disappointing today.",37,Driver,Morning Peak,Severe,33,Negative,Availability
1382,"The ride felt somewhat crowded, but I did not face any major safety issue.",26,Factory Worker,Evening Peak,High,13,Neutral,Safety
1383,"Comfort was average—no major issue, no special improvement.",49,Office Employee,Morning Peak,High,19,Neutral,Comfort
1384,"During office time, availability is still poor. Demand is clearly higher than supply.",18,Freelancer,Morning Peak,Low,61,Negative,Availability
1385,The bus doors were crowded and there was no support for people who need extra time to board.,53,Small Business,Morning Peak,High,27,Negative,Accessibility
1386,The seat condition was poor and there was no real comfort during the trip.,24,Student,Evening Peak,Moderate,52,Negative,Comfort
1387,Aajke bus er jonno eto wait korte holo je matha noshto hoye gelo. Peak hour e regular service thakar kotha.,29,Homemaker,Morning Peak,High,62,Negative,Delay
1388,The conductor kept shouting instead of answering simple fare questions calmly.,59,Factory Worker,Evening Peak,Moderate,59,Negative,Staff Behavior
1389,Service frequency was neither very good nor very bad.,47,Job Seeker,Morning Peak,High,18,Neutral,Availability
1390,The conductor kept shouting instead of answering simple fare questions calmly.,23,Small Business,Morning Peak,High,41,Negative,Staff Behavior
1391,"Same problem again—long wait, slow movement, and too many unnecessary stops. Morning peak in Dhaka feels impossible sometimes.",48,Shopkeeper,Evening Peak,Severe,62,Negative,Delay
1392,The fare felt too high considering how crowded and uncomfortable the ride was.,45,Healthcare Worker,Morning Peak,High,19,Negative,Cost
1393,The driver was braking so hard that everyone almost fell forward. I honestly did not feel safe.,48,Teacher,Evening Peak,Severe,18,Negative,Safety
1394,"The route details were clear enough today, so I did not have to guess much.",59,Small Business,Evening Peak,High,9,Positive,Information
1395,"Same problem again—long wait, slow movement, and too many unnecessary stops. Morning peak in Dhaka feels impossible sometimes.",30,Freelancer,Morning Peak,High,30,Negative,Delay
1396,Even a small sign or proper announcement could have made this trip easier.,40,Shopkeeper,Evening Peak,High,60,Negative,Information
1397,Even a small sign or proper announcement could have made this trip easier.,30,Factory Worker,Morning Peak,Severe,37,Negative,Information
1398,The bus was so full that I had to stand bent near the gate for almost the whole trip.,22,Banker,Morning Peak,High,61,Negative,Crowding
1399,The driver was braking so hard that everyone almost fell forward. I honestly did not feel safe.,35,Student,Morning Peak,Severe,49,Negative,Safety
1400,"I got enough information after asking around, though it was not very clear at first.",22,Freelancer,Morning Peak,High,8,Neutral,Information
1401,"There was some waiting time, though it was still manageable.",24,Freelancer,Evening Peak,High,13,Neutral,Delay
1402,"I was standing at Mohakhali for almost 35 minutes and still no bus came on time. For a weekday peak hour, this is exhausting.",43,Freelancer,Evening Peak,Severe,42,Negative,Delay
1403,The fare felt too high considering how crowded and uncomfortable the ride was.,39,Freelancer,Morning Peak,Moderate,51,Negative,Cost
1404,"I expected more buses on Mirpur to Shahbagh, but service frequency was disappointing today.",32,Shopkeeper,Morning Peak,Low,46,Negative,Availability
1405,"The footpath near the stop was crowded and broken, so reaching the bus safely was not easy.",33,Freelancer,Morning Peak,High,19,Negative,Accessibility
1406,"Bus e kono clear information chilo na, especially notun passenger der jonno eta problem.",24,Small Business,Evening Peak,High,61,Negative,Information
1407,Route information was just about manageable.,23,Factory Worker,Evening Peak,High,14,Neutral,Information
1408,A calm and respectful attitude from the staff made the ride easier.,33,Banker,Morning Peak,High,5,Positive,Staff Behavior
1409,"Vara ta service er sathe match kore na. Joto taka dei, toto quality pai na.",31,Shopkeeper,Morning Peak,High,51,Negative,Cost
1410,Ventilation was decent and the trip was less tiring today.,46,Student,Morning Peak,Severe,6,Positive,Comfort
1411,Staff behavior made the whole ride more unpleasant than it needed to be.,60,Freelancer,Morning Peak,Moderate,64,Negative,Staff Behavior
1412,"From Azimpur to Shahbagh, the delay was frustrating. I left early but still got late because the bus service was irregular.",20,Teacher,Morning Peak,High,49,Negative,Delay
1413,Getting on the bus was difficult because it barely stopped near the designated stop.,50,Teacher,Evening Peak,Low,39,Negative,Accessibility
1414,The fare felt too high considering how crowded and uncomfortable the ride was.,42,Job Seeker,Evening Peak,Moderate,54,Negative,Cost
1415,The bus was so full that I had to stand bent near the gate for almost the whole trip.,38,Healthcare Worker,Morning Peak,Severe,20,Negative,Crowding
1416,"The ride was tiring, but about what I normally expect from a local bus.",23,Shopkeeper,Morning Peak,High,9,Neutral,Comfort
1417,Helper er kotha bolar dhoron bhalo chilo na. Choto proshno korleo kharap bhabe jawab dicchilo.,34,Teacher,Morning Peak,High,37,Negative,Staff Behavior
1418,Accessibility er dike khub kom attention ache. Peak hour e nama-utha duitae kosto.,26,Shopkeeper,Evening Peak,Severe,27,Negative,Accessibility
1419,"The vehicle looked poorly maintained, and it made an already tiring trip feel worse.",41,Homemaker,Evening Peak,High,30,Negative,Cleanliness
1420,"Nothing serious happened, but the route still feels a little risky during rush hour.",29,Banker,Evening Peak,Moderate,8,Neutral,Safety
1421,I could follow the stops without much confusion.,41,Job Seeker,Morning Peak,Severe,4,Positive,Information
1422,I paid more than usual today and there was no proper explanation from the conductor.,30,Office Employee,Evening Peak,Severe,40,Negative,Cost
1423,Crowding was less intense than I expected today.,44,Driver,Morning Peak,High,12,Positive,Crowding
1424,"Traffic slowed the trip, but overall it was average.",26,Job Seeker,Morning Peak,Severe,18,Neutral,Delay
1425,Rush hour e safety niye onek tension lage. Driver o helper duijon e khub aggressive chilo.,38,Student,Evening Peak,Moderate,37,Negative,Safety
1426,Helper er kotha bolar dhoron bhalo chilo na. Choto proshno korleo kharap bhabe jawab dicchilo.,42,Freelancer,Morning Peak,High,43,Negative,Staff Behavior
1427,I did not mind paying this fare because the trip was manageable.,58,Student,Morning Peak,High,3,Positive,Cost
1428,"If you miss one local bus on this route, you may have to wait a long time for the next one.",22,Shopkeeper,Morning Peak,Low,56,Negative,Availability
1429,I paid more than usual today and there was no proper explanation from the conductor.,49,Office Employee,Morning Peak,High,18,Negative,Cost
1430,Getting on the bus was difficult because it barely stopped near the designated stop.,31,Shopkeeper,Evening Peak,Moderate,23,Negative,Accessibility
1431,The conductor spoke politely and guided passengers clearly.,30,Student,Morning Peak,Severe,8,Positive,Staff Behavior
1432,"I got enough information after asking around, though it was not very clear at first.",37,Driver,Evening Peak,High,12,Neutral,Information
1433,"The ride felt somewhat crowded, but I did not face any major safety issue.",52,Student,Evening Peak,High,10,Neutral,Safety
1434,Staff behavior was okay overall.,46,Teacher,Morning Peak,High,14,Neutral,Staff Behavior
1435,"Traffic slowed the trip, but overall it was average.",40,Freelancer,Morning Peak,Severe,17,Neutral,Delay
1436,"It was not cheap, but not unreasonable either.",34,Job Seeker,Morning Peak,Severe,9,Neutral,Cost
1437,The seat condition was poor and there was no real comfort during the trip.,44,Factory Worker,Morning Peak,Moderate,54,Negative,Comfort
1438,Communication from the conductor was average today.,47,Homemaker,Morning Peak,Moderate,17,Neutral,Staff Behavior
1439,"Too many passengers, no personal space, and constant pushing—this should not be normal.",60,Office Employee,Evening Peak,High,63,Negative,Crowding
1440,"I expected a rough commute, but it was actually manageable.",21,Student,Morning Peak,Severe,11,Positive,Comfort
1441,"Cleanliness was average today—nothing impressive, nothing terrible.",41,Banker,Morning Peak,Severe,10,Neutral,Cleanliness
1442,There was no clear information about where the bus would stop or how long the delay would be.,18,Freelancer,Morning Peak,High,31,Negative,Information
1443,"Bus e kono clear information chilo na, especially notun passenger der jonno eta problem.",54,Homemaker,Morning Peak,High,22,Negative,Information
1444,Communication from the conductor was average today.,30,Teacher,Evening Peak,Low,11,Neutral,Staff Behavior
1445,I paid more than usual today and there was no proper explanation from the conductor.,60,Factory Worker,Evening Peak,Moderate,64,Negative,Cost
1446,"Peak hour e local bus e comfort expect kora jay na, but ajke situation aro kharap chilo.",44,Driver,Morning Peak,Severe,37,Negative,Comfort
1447,"From Mirpur to Farmgate, the delay was frustrating. I left early but still got late because the bus service was irregular.",27,Banker,Morning Peak,High,46,Negative,Delay
1448,Even a small sign or proper announcement could have made this trip easier.,19,Shopkeeper,Evening Peak,Moderate,31,Negative,Information
1449,The helper was rude when passengers asked whether the bus would stop at the next point.,19,Banker,Evening Peak,High,20,Negative,Staff Behavior
1450,I would say the cost was average for this route.,47,Homemaker,Morning Peak,Moderate,14,Neutral,Cost
1451,"It was extremely hot inside the bus, and there was barely any airflow.",35,Driver,Evening Peak,Severe,30,Negative,Comfort
1452,Rush hour e safety niye onek tension lage. Driver o helper duijon e khub aggressive chilo.,19,Job Seeker,Morning Peak,Moderate,43,Negative,Safety
1453,"I expected more buses on Motijheel to Rampura, but service frequency was disappointing today.",50,Homemaker,Evening Peak,Low,65,Negative,Availability
1454,I paid more than usual today and there was no proper explanation from the conductor.,36,Small Business,Morning Peak,Moderate,23,Negative,Cost
1455,"The vehicle looked poorly maintained, and it made an already tiring trip feel worse.",50,Driver,Morning Peak,Moderate,29,Negative,Cleanliness
1456,Staff behavior was okay overall.,40,Job Seeker,Evening Peak,High,19,Neutral,Staff Behavior
1457,"The fare felt acceptable, though service quality could still improve.",27,Office Employee,Evening Peak,Severe,14,Neutral,Cost
1458,Crowding made the ride stressful from start to finish. I could barely breathe comfortably.,47,Shopkeeper,Evening Peak,Moderate,19,Negative,Crowding
1459,"There was some waiting time, though it was still manageable.",47,Office Employee,Morning Peak,Severe,16,Neutral,Delay
1460,"The staff were not especially helpful, but they were not very rude either.",39,Shopkeeper,Morning Peak,High,16,Neutral,Staff Behavior
1461,I had to ask three people before confirming whether this bus was going my way.,54,Freelancer,Evening Peak,Severe,24,Negative,Information
1462,Accessibility er dike khub kom attention ache. Peak hour e nama-utha duitae kosto.,53,Office Employee,Morning Peak,High,61,Negative,Accessibility
1463,"Peak hour e local bus e comfort expect kora jay na, but ajke situation aro kharap chilo.",19,Healthcare Worker,Evening Peak,High,52,Negative,Comfort
1464,"Traffic slowed the trip, but overall it was average.",20,Driver,Morning Peak,Moderate,10,Neutral,Delay
1465,The fare is not the only issue—the unclear way they collect it creates arguments almost every day.,33,Freelancer,Morning Peak,High,45,Negative,Cost
1466,"Bus e kono clear information chilo na, especially notun passenger der jonno eta problem.",20,Teacher,Morning Peak,Moderate,39,Negative,Information
1467,Staff behavior was okay overall.,58,Banker,Morning Peak,Severe,20,Neutral,Staff Behavior
1468,"The route details were clear enough today, so I did not have to guess much.",44,Banker,Morning Peak,Severe,4,Positive,Information
1469,"During office time, availability is still poor. Demand is clearly higher than supply.",22,Student,Morning Peak,High,38,Negative,Availability
1470,"It was not cheap, but not unreasonable either.",57,Office Employee,Evening Peak,Low,13,Neutral,Cost
1471,Route information was just about manageable.,42,Office Employee,Morning Peak,Moderate,9,Neutral,Information
1472,"For once, the trip moved smoothly and I reached on time.",54,Driver,Morning Peak,Severe,6,Positive,Delay
1473,"I was standing at Gulistan for almost 59 minutes and still no bus came on time. For a weekday peak hour, this is exhausting.",39,Small Business,Evening Peak,High,25,Negative,Delay
1474,The bus was so packed that I kept worrying about my phone and wallet the whole trip.,19,Job Seeker,Evening Peak,High,61,Negative,Safety
1475,"I got enough information after asking around, though it was not very clear at first.",39,Driver,Evening Peak,High,13,Neutral,Information
1476,Staff behavior was better today; they were helpful without being rude.,34,Small Business,Evening Peak,High,11,Positive,Staff Behavior
1477,"The vehicle looked poorly maintained, and it made an already tiring trip feel worse.",38,Homemaker,Morning Peak,High,51,Negative,Cleanliness
1478,"I do not expect luxury, but at least the bus should be clean enough to sit comfortably.",29,Office Employee,Evening Peak,High,63,Negative,Cleanliness
1479,The bus was so packed that I kept worrying about my phone and wallet the whole trip.,30,Shopkeeper,Morning Peak,Severe,35,Negative,Safety
1480,This route is hard for elderly passengers. Even healthy people struggle to board during peak hours.,47,Shopkeeper,Morning Peak,Moderate,50,Negative,Accessibility
1481,"The footpath near the stop was crowded and broken, so reaching the bus safely was not easy.",60,Freelancer,Evening Peak,High,30,Negative,Accessibility
1482,Crowding made the ride stressful from start to finish. I could barely breathe comfortably.,18,Office Employee,Evening Peak,Moderate,28,Negative,Crowding
1483,"Cleanliness was average today—nothing impressive, nothing terrible.",43,Factory Worker,Evening Peak,High,10,Neutral,Cleanliness
1484,"Between heat, noise, and crowding, this felt like a very draining commute.",35,Banker,Morning Peak,Moderate,34,Negative,Comfort
1485,There was no clear information about where the bus would stop or how long the delay would be.,21,Small Business,Morning Peak,High,25,Negative,Information
1486,I could follow the stops without much confusion.,37,Factory Worker,Evening Peak,Moderate,11,Positive,Information
1487,"It was not cheap, but not unreasonable either.",60,Small Business,Morning Peak,High,16,Neutral,Cost
1488,Service frequency was neither very good nor very bad.,41,Factory Worker,Evening Peak,Severe,20,Neutral,Availability
1489,Even a small sign or proper announcement could have made this trip easier.,56,Student,Morning Peak,High,53,Negative,Information
1490,The conductor kept shouting instead of answering simple fare questions calmly.,54,Driver,Morning Peak,Low,47,Negative,Staff Behavior
1491,The bus was so full that I had to stand bent near the gate for almost the whole trip.,50,Student,Evening Peak,High,18,Negative,Crowding
1492,There was no clear information about where the bus would stop or how long the delay would be.,29,Student,Evening Peak,High,63,Negative,Information
1493,"Compared with other days, today the cost felt reasonable.",35,Banker,Morning Peak,Severe,4,Positive,Cost
1494,There were far fewer buses than the number of waiting passengers. The line just kept getting longer.,56,Office Employee,Morning Peak,Moderate,37,Negative,Availability
1495,"I expected a rough commute, but it was actually manageable.",46,Freelancer,Morning Peak,Severe,7,Positive,Comfort
1496,"The bus was crowded, but that is normal during peak time.",56,Small Business,Morning Peak,Moderate,8,Neutral,Crowding
1497,"There was some waiting time, though it was still manageable.",28,Driver,Evening Peak,High,10,Neutral,Delay
1498,Accessibility er dike khub kom attention ache. Peak hour e nama-utha duitae kosto.,26,Small Business,Evening Peak,Severe,30,Negative,Accessibility
1499,"Everyone was squeezed together, and even moving one step inside felt impossible.",39,Driver,Morning Peak,High,52,Negative,Crowding
1500,The bus was so packed that I kept worrying about my phone and wallet the whole trip.,47,Freelancer,Morning Peak,Moderate,54,Negative,Safety
