response_id,city,mode,route_sample,day_type,time_period,age,profession,gender,weather,travel_frequency,primary_category,subcategory,comment_text,sentiment_label,sentiment_score,overall_satisfaction_1to5,service_reliability_1to5,safety_1to5,cleanliness_1to5,cost_fairness_1to5,accessibility_1to5,availability_1to5,comfort_1to5,crowding_level,waiting_time_min,in_vehicle_time_min,fare_bdt,accessibility_need,would_recommend,complaint_channel
1,Dhaka,Local Bus,Uttara–Airport,Weekday,Evening Peak,52,Teacher,Prefer not to say,Dry,Daily,Comfort,Too noisy,"I expected a rough commute, but it was actually manageable.",Positive,2,5,2,4,2,2,2,2,5,Severe,6,72,60,Elderly support,Yes,Survey Form
2,Dhaka,Local Bus,Motijheel–Rampura,Weekday,Morning Peak,44,Job Seeker,Prefer not to say,Heavy Rain,4-5 days/week,Accessibility,No elderly support,Accessibility er dike khub kom attention ache. Peak hour e nama-utha duitae kosto.,Negative,-1,1,2,2,4,2,1,4,3,Low,35,54,60,None,No,Online Form
3,Dhaka,Local Bus,Uttara–Airport,Weekday,Morning Peak,55,Factory Worker,Female,Dry,Occasional,Accessibility,Weak disability access,Getting on the bus was difficult because it barely stopped near the designated stop.,Negative,-1,1,3,2,4,4,1,2,4,Moderate,51,81,50,None,No,Interview
4,Dhaka,Local Bus,Jatrabari–Badda,Weekday,Morning Peak,21,Shopkeeper,Prefer not to say,Dry,2-3 days/week,Cost,Unclear fare,The fare felt fair enough for the distance I traveled.,Positive,2,5,4,3,3,5,4,2,4,Severe,11,63,25,None,Yes,Survey Form
5,Dhaka,Local Bus,Mohakhali–Badda,Weekday,Evening Peak,58,Freelancer,Female,Dry,Occasional,Staff Behavior,Aggressive conductor,A calm and respectful attitude from the staff made the ride easier.,Positive,2,4,2,3,4,2,4,2,4,High,5,57,35,None,Yes,Online Form
6,Dhaka,Local Bus,Azimpur–Shahbagh,Weekday,Morning Peak,54,Shopkeeper,Prefer not to say,Dry,Daily,Staff Behavior,Rude helper,A little politeness would make a big difference for regular commuters.,Negative,-2,2,3,3,2,2,3,3,3,Moderate,31,42,60,Elderly support,No,Survey Form
7,Dhaka,Local Bus,Mirpur–Farmgate,Weekday,Morning Peak,19,Office Employee,Female,Dry,Occasional,Safety,Unsafe boarding,"The ride felt somewhat crowded, but I did not face any major safety issue.",Neutral,0,3,3,3,4,4,2,2,4,Severe,13,99,45,None,Maybe,Survey Form
8,Dhaka,Local Bus,Mirpur–Shahbagh,Weekday,Morning Peak,36,Job Seeker,Female,Dry,2-3 days/week,Comfort,Seat discomfort,The seat condition was poor and there was no real comfort during the trip.,Negative,-1,1,2,2,4,3,3,4,1,High,41,94,25,None,No,Survey Form
9,Dhaka,Local Bus,New Market–Science Lab,Weekday,Morning Peak,53,Job Seeker,Male,Dry,Occasional,Crowding,Queue too long,The bus was so full that I had to stand bent near the gate for almost the whole trip.,Negative,-2,1,4,2,2,3,4,3,1,High,50,66,30,Elderly support,No,Online Form
10,Dhaka,Local Bus,Jatrabari–Badda,Weekday,Morning Peak,49,Small Business,Male,Dry,2-3 days/week,Comfort,Poor ventilation,The seat condition was poor and there was no real comfort during the trip.,Negative,-1,2,2,2,4,3,3,3,2,Severe,50,85,20,None,No,Interview
11,Dhaka,Local Bus,Uttara–Airport,Weekday,Evening Peak,35,Healthcare Worker,Male,Dry,Occasional,Cost,Extra charge,"It was not cheap, but not unreasonable either.",Neutral,0,3,4,2,3,3,4,3,3,Severe,12,87,25,Elderly support,Maybe,Interview
12,Dhaka,Local Bus,Mirpur–Shahbagh,Weekday,Morning Peak,58,Shopkeeper,Female,Dry,4-5 days/week,Cost,Extra charge,"Compared with other days, today the cost felt reasonable.",Positive,1,5,2,2,3,5,2,4,3,High,6,71,45,None,Yes,Interview
13,Dhaka,Local Bus,New Market–Science Lab,Weekday,Evening Peak,29,Office Employee,Female,Dry,Daily,Staff Behavior,Rude helper,The helper was rude when passengers asked whether the bus would stop at the next point.,Negative,-2,2,2,3,4,4,3,4,3,High,59,63,15,None,No,Online Form
14,Dhaka,Local Bus,Mirpur–Farmgate,Weekday,Evening Peak,40,Factory Worker,Female,Heavy Rain,Daily,Comfort,Hot interior,"Comfort was average—no major issue, no special improvement.",Neutral,0,3,3,3,2,2,4,2,3,Severe,14,101,20,None,Maybe,No formal complaint
15,Dhaka,Local Bus,Mohakhali–Badda,Weekday,Evening Peak,35,Student,Male,Heavy Rain,Occasional,Safety,Unsafe boarding,The bus was so packed that I kept worrying about my phone and wallet the whole trip.,Negative,-2,2,3,2,3,2,4,3,2,Moderate,52,88,15,None,No,Survey Form
16,Dhaka,Local Bus,Gulistan–Farmgate,Weekday,Morning Peak,38,Office Employee,Prefer not to say,Dry,Occasional,Comfort,Too noisy,The seat condition was poor and there was no real comfort during the trip.,Negative,-2,2,2,3,2,3,4,3,2,Moderate,34,102,60,None,No,Interview
17,Dhaka,Local Bus,Jatrabari–Badda,Weekday,Evening Peak,38,Banker,Male,Light Rain,Daily,Cost,Unclear fare,"Compared with other days, today the cost felt reasonable.",Positive,1,5,2,2,2,5,3,2,3,Severe,9,35,60,None,Yes,Survey Form
18,Dhaka,Local Bus,Uttara–Airport,Weekday,Morning Peak,55,Small Business,Prefer not to say,Light Rain,Occasional,Comfort,Seat discomfort,"The ride was tiring, but about what I normally expect from a local bus.",Neutral,0,3,2,2,3,4,2,4,3,High,8,78,45,None,Maybe,Survey Form
19,Dhaka,Local Bus,Mirpur–Shahbagh,Weekday,Morning Peak,47,Factory Worker,Female,Dry,Occasional,Accessibility,Poor stop access,Getting on the bus was difficult because it barely stopped near the designated stop.,Negative,-2,1,3,2,3,2,1,4,4,Moderate,34,63,60,None,No,Survey Form
20,Dhaka,Local Bus,Azimpur–Shahbagh,Weekday,Morning Peak,24,Shopkeeper,Male,Dry,2-3 days/week,Staff Behavior,Poor communication,Staff behavior was okay overall.,Neutral,0,3,2,2,4,4,4,2,3,High,19,82,45,None,Maybe,No formal complaint
21,Dhaka,Local Bus,Gulistan–Farmgate,Weekday,Morning Peak,55,Driver,Female,Light Rain,Occasional,Information,No route info,Clear route and stop information would save passengers a lot of confusion.,Negative,-2,2,2,3,3,4,4,4,4,Moderate,31,84,35,Elderly support,No,Online Form
22,Dhaka,Local Bus,Uttara–Airport,Weekday,Morning Peak,37,Student,Male,Dry,Daily,Delay,Late departure,"Same problem again—long wait, slow movement, and too many unnecessary stops. Morning peak in Dhaka feels impossible sometimes.",Negative,-1,2,2,2,3,3,2,4,2,High,19,100,30,Wheelchair access,No,No formal complaint
23,Dhaka,Local Bus,Sayedabad–Kuril,Weekday,Evening Peak,29,Freelancer,Female,Dry,Daily,Information,No timing info,"Bus e kono clear information chilo na, especially notun passenger der jonno eta problem.",Negative,-1,2,1,2,4,2,3,4,3,High,31,91,35,None,No,Online Form
24,Dhaka,Local Bus,Mirpur–Shahbagh,Weekday,Morning Peak,33,Student,Male,Dry,Daily,Accessibility,Weak disability access,"The stop area was busy, though still usable.",Neutral,0,3,2,4,4,3,3,4,3,Severe,8,62,40,None,Maybe,Interview
25,Dhaka,Local Bus,Jatrabari–Gulistan,Weekday,Evening Peak,57,Office Employee,Prefer not to say,Dry,Occasional,Comfort,Poor ventilation,"The ride was tiring, but about what I normally expect from a local bus.",Neutral,0,3,4,2,3,3,2,3,3,Moderate,17,100,60,Wheelchair access,Maybe,Interview
26,Dhaka,Local Bus,Sayedabad–Kuril,Weekday,Morning Peak,57,Banker,Prefer not to say,Light Rain,Occasional,Information,No timing info,I had to ask three people before confirming whether this bus was going my way.,Negative,-1,2,2,2,3,4,3,4,4,Moderate,61,72,50,None,No,Survey Form
27,Dhaka,Local Bus,Sayedabad–Kuril,Weekday,Morning Peak,19,Office Employee,Female,Dry,Occasional,Comfort,Too noisy,"The ride was jerky, noisy, and uncomfortable, especially while standing.",Negative,-1,1,4,2,2,3,2,3,1,Severe,27,40,20,None,No,Online Form
28,Dhaka,Local Bus,Uttara–Airport,Weekday,Morning Peak,33,Freelancer,Male,Dry,Occasional,Comfort,Too noisy,"I expected a rough commute, but it was actually manageable.",Positive,2,5,2,3,2,2,3,4,5,Severe,8,81,60,Traveling with child,Yes,Online Form
29,Dhaka,Local Bus,Mirpur–Farmgate,Weekday,Evening Peak,33,Small Business,Male,Dry,Occasional,Cleanliness,Bad odor,"For daily commuting, the cleanliness is really below standard. The floor was messy and the windows looked untouched.",Negative,-1,1,3,4,1,2,2,2,4,Severe,40,57,40,None,No,Survey Form
30,Dhaka,Local Bus,Uttara–Airport,Weekday,Evening Peak,31,Shopkeeper,Female,Dry,4-5 days/week,Accessibility,Weak disability access,Getting on the bus was difficult because it barely stopped near the designated stop.,Negative,-1,1,4,3,4,2,1,4,3,High,35,85,50,None,No,Survey Form
31,Dhaka,Local Bus,Gulistan–Farmgate,Weekday,Morning Peak,50,Job Seeker,Male,Dry,4-5 days/week,Availability,Long headway,There were far fewer buses than the number of waiting passengers. The line just kept getting longer.,Negative,-2,1,1,2,3,4,2,1,4,Severe,21,46,25,None,No,No formal complaint
32,Dhaka,Local Bus,Uttara–Airport,Weekday,Morning Peak,30,Small Business,Female,Light Rain,2-3 days/week,Safety,Reckless driving,"Nothing serious happened, but the route still feels a little risky during rush hour.",Neutral,0,3,2,3,3,2,2,3,3,High,9,80,25,None,Maybe,Online Form
33,Dhaka,Local Bus,Farmgate–Mohakhali,Weekday,Morning Peak,28,Healthcare Worker,Male,Light Rain,Daily,Safety,Reckless driving,Rush hour e safety niye onek tension lage. Driver o helper duijon e khub aggressive chilo.,Negative,-2,2,4,2,4,3,3,4,2,Severe,63,95,20,None,No,Online Form
34,Dhaka,Local Bus,Farmgate–Mohakhali,Weekday,Morning Peak,49,Shopkeeper,Male,Dry,2-3 days/week,Availability,No seat available,"During office time, availability is still poor. Demand is clearly higher than supply.",Negative,-1,1,1,4,2,4,4,1,3,Moderate,41,99,15,None,No,No formal complaint
35,Dhaka,Local Bus,Mirpur–Farmgate,Weekday,Morning Peak,42,Shopkeeper,Prefer not to say,Dry,Occasional,Crowding,Door blocked,"Everyone was squeezed together, and even moving one step inside felt impossible.",Negative,-1,1,4,3,3,4,4,2,1,Moderate,42,80,15,None,No,No formal complaint
36,Dhaka,Local Bus,New Market–Science Lab,Weekday,Evening Peak,42,Teacher,Female,Dry,Occasional,Comfort,Seat discomfort,"The ride was still busy, but it felt more comfortable than usual.",Positive,2,4,3,3,3,4,2,3,3,Severe,11,58,60,None,Yes,Interview
37,Dhaka,Local Bus,Motijheel–Rampura,Weekday,Morning Peak,48,Student,Prefer not to say,Dry,Occasional,Availability,Long headway,"During office time, availability is still poor. Demand is clearly higher than supply.",Negative,-2,2,2,4,3,3,3,2,2,Moderate,49,31,35,Wheelchair access,No,Online Form
38,Dhaka,Local Bus,Mirpur–Farmgate,Weekday,Morning Peak,40,Job Seeker,Male,Dry,4-5 days/week,Delay,Irregular service,"For once, the trip moved smoothly and I reached on time.",Positive,2,4,3,2,4,3,2,3,2,Severe,5,89,20,None,Yes,No formal complaint
39,Dhaka,Local Bus,Motijheel–Rampura,Weekday,Evening Peak,60,Office Employee,Male,Dry,2-3 days/week,Availability,Route shortage,Service frequency was neither very good nor very bad.,Neutral,0,3,3,4,3,3,3,3,4,Severe,12,42,40,None,Maybe,No formal complaint
40,Dhaka,Local Bus,Gulistan–Farmgate,Weekday,Morning Peak,36,Job Seeker,Prefer not to say,Dry,2-3 days/week,Crowding,Door blocked,The bus was so full that I had to stand bent near the gate for almost the whole trip.,Negative,-2,1,2,3,4,3,4,4,1,Low,50,85,40,None,No,No formal complaint
41,Dhaka,Local Bus,Mirpur–Shahbagh,Weekday,Morning Peak,49,Healthcare Worker,Prefer not to say,Light Rain,Daily,Cleanliness,Litter inside,"For daily commuting, the cleanliness is really below standard. The floor was messy and the windows looked untouched.",Negative,-1,2,2,3,1,2,3,4,2,Severe,34,85,35,Wheelchair access,No,Interview
42,Dhaka,Local Bus,Jatrabari–Gulistan,Weekday,Morning Peak,18,Healthcare Worker,Female,Heavy Rain,4-5 days/week,Crowding,Overcrowded bus,"Everyone was squeezed together, and even moving one step inside felt impossible.",Negative,-2,2,3,3,3,4,4,4,2,Severe,54,38,35,None,No,Interview
43,Dhaka,Local Bus,Azimpur–Shahbagh,Weekday,Evening Peak,44,Small Business,Prefer not to say,Heavy Rain,4-5 days/week,Delay,Irregular service,"I was standing at Mirpur for almost 36 minutes and still no bus came on time. For a weekday peak hour, this is exhausting.",Negative,-2,1,1,2,2,2,2,2,4,Severe,44,62,45,None,No,Online Form
44,Dhaka,Local Bus,Sayedabad–Kuril,Weekday,Morning Peak,24,Office Employee,Male,Dry,4-5 days/week,Accessibility,Difficult boarding,Getting on the bus was difficult because it barely stopped near the designated stop.,Negative,-1,1,4,4,4,4,1,2,4,Severe,41,69,30,None,No,Interview
45,Dhaka,Local Bus,Gulistan–Farmgate,Weekday,Evening Peak,51,Homemaker,Prefer not to say,Dry,Daily,Staff Behavior,Aggressive conductor,Staff behavior was better today; they were helpful without being rude.,Positive,1,4,4,4,3,3,4,4,2,Moderate,10,97,45,Elderly support,Yes,Interview
46,Dhaka,Local Bus,New Market–Science Lab,Weekday,Morning Peak,25,Homemaker,Prefer not to say,Light Rain,Occasional,Accessibility,Weak disability access,"Boarding took some effort, but I managed without much trouble.",Neutral,0,3,3,4,4,2,3,4,3,Severe,17,73,30,None,Maybe,Interview
47,Dhaka,Local Bus,New Market–Science Lab,Weekday,Evening Peak,52,Job Seeker,Male,Light Rain,4-5 days/week,Accessibility,Weak disability access,Accessibility er dike khub kom attention ache. Peak hour e nama-utha duitae kosto.,Negative,-1,2,2,2,4,4,2,2,3,Severe,53,104,45,None,No,Interview
48,Dhaka,Local Bus,New Market–Science Lab,Weekday,Morning Peak,40,Healthcare Worker,Female,Dry,4-5 days/week,Cleanliness,Poor maintenance,"For daily commuting, the cleanliness is really below standard. The floor was messy and the windows looked untouched.",Negative,-1,1,3,4,1,3,4,2,3,High,50,85,25,None,No,Interview
49,Dhaka,Local Bus,Uttara–Airport,Weekday,Evening Peak,60,Job Seeker,Female,Light Rain,Daily,Comfort,Hot interior,"It was extremely hot inside the bus, and there was barely any airflow.",Negative,-1,2,4,2,3,3,4,3,1,High,20,44,35,None,No,Interview
50,Dhaka,Local Bus,Azimpur–Shahbagh,Weekday,Morning Peak,47,Small Business,Female,Light Rain,4-5 days/week,Staff Behavior,Rude helper,The helper was rude when passengers asked whether the bus would stop at the next point.,Negative,-1,1,4,3,3,2,2,2,3,Severe,61,71,30,None,No,Online Form
51,Dhaka,Local Bus,Azimpur–Shahbagh,Weekday,Evening Peak,41,Student,Male,Light Rain,Occasional,Safety,Pickpocket risk,The bus did not stop properly and passengers had to get on while it was moving slowly. That is not safe at all.,Negative,-2,2,2,1,2,4,2,3,3,Severe,22,42,25,None,No,Interview
52,Dhaka,Local Bus,Azimpur–Shahbagh,Weekday,Morning Peak,35,Small Business,Male,Dry,4-5 days/week,Accessibility,Difficult boarding,"The stop area was busy, though still usable.",Neutral,0,3,2,2,4,3,3,3,4,Moderate,8,100,35,None,Maybe,Interview
53,Dhaka,Local Bus,Motijheel–Rampura,Weekday,Morning Peak,57,Homemaker,Male,Light Rain,Occasional,Information,No route info,Route information was just about manageable.,Neutral,0,3,3,4,4,3,2,3,2,High,17,100,60,None,Maybe,No formal complaint
54,Dhaka,Local Bus,Gulistan–Farmgate,Weekday,Evening Peak,58,Small Business,Female,Dry,Daily,Cost,High fare,I paid more than usual today and there was no proper explanation from the conductor.,Negative,-2,1,2,4,4,1,2,3,4,Low,25,59,35,Wheelchair access,No,Online Form
55,Dhaka,Local Bus,Motijheel–Rampura,Weekday,Morning Peak,47,Freelancer,Male,Dry,4-5 days/week,Availability,Route shortage,"A bus came after some waiting, so availability was average today.",Neutral,0,3,3,3,2,4,4,2,3,High,16,50,45,None,Maybe,Interview
56,Dhaka,Local Bus,Jatrabari–Badda,Weekday,Evening Peak,45,Shopkeeper,Male,Light Rain,Daily,Crowding,Standing entire trip,Crowding was less intense than I expected today.,Positive,1,4,4,2,2,4,4,2,3,High,6,38,15,None,Yes,Online Form
57,Dhaka,Local Bus,Jatrabari–Gulistan,Weekday,Evening Peak,32,Shopkeeper,Female,Dry,Occasional,Delay,Traffic congestion,"From Jatrabari–Gulistan, the delay was frustrating. I left early but still got late because the bus service was irregular.",Negative,-2,2,2,4,3,3,3,4,2,Severe,62,32,30,None,No,Survey Form
58,Dhaka,Local Bus,Azimpur–Shahbagh,Weekday,Evening Peak,18,Driver,Female,Heavy Rain,Daily,Staff Behavior,Rude helper,A little politeness would make a big difference for regular commuters.,Negative,-1,2,4,2,4,3,2,3,3,Severe,20,38,40,None,No,No formal complaint
59,Dhaka,Local Bus,Mirpur–Shahbagh,Weekday,Morning Peak,42,Small Business,Female,Light Rain,Occasional,Cleanliness,Bad odor,"The inside of the bus was dusty, the seats were dirty, and there was a bad smell the whole way.",Negative,-2,2,2,4,2,4,3,3,4,High,23,52,15,None,No,Interview
60,Dhaka,Local Bus,Jatrabari–Badda,Weekday,Evening Peak,45,Freelancer,Male,Dry,2-3 days/week,Accessibility,Poor stop access,"The footpath near the stop was crowded and broken, so reaching the bus safely was not easy.",Negative,-1,2,2,4,2,2,1,3,4,High,24,66,50,Elderly support,No,Online Form
61,Dhaka,Local Bus,Mirpur–Farmgate,Weekday,Evening Peak,36,Homemaker,Prefer not to say,Light Rain,Daily,Safety,Pickpocket risk,"The ride felt somewhat crowded, but I did not face any major safety issue.",Neutral,0,3,3,3,3,2,3,2,2,High,10,72,15,None,Maybe,No formal complaint
62,Dhaka,Local Bus,Gulistan–Farmgate,Weekday,Morning Peak,53,Student,Male,Dry,4-5 days/week,Delay,Long waiting time,"The local bus showed up very late today. By the time I reached my work, I was already behind schedule.",Negative,-1,1,1,2,3,3,2,2,2,Severe,32,90,60,None,No,No formal complaint
63,Dhaka,Local Bus,Jatrabari–Badda,Weekday,Morning Peak,19,Shopkeeper,Prefer not to say,Heavy Rain,2-3 days/week,Cost,High fare,The fare is not the only issue—the unclear way they collect it creates arguments almost every day.,Negative,-1,1,3,2,4,1,3,4,3,High,21,30,20,None,No,Interview
64,Dhaka,Local Bus,Gulistan–Farmgate,Weekday,Morning Peak,32,Driver,Male,Dry,4-5 days/week,Cost,Extra charge,The fare felt too high considering how crowded and uncomfortable the ride was.,Negative,-1,1,3,3,4,1,3,3,2,Moderate,37,61,30,None,No,No formal complaint
65,Dhaka,Local Bus,Mirpur–Shahbagh,Weekday,Morning Peak,49,Freelancer,Female,Dry,Occasional,Delay,Late departure,Aajke bus er jonno eto wait korte holo je matha noshto hoye gelo. Peak hour e regular service thakar kotha.,Negative,-1,1,1,4,2,4,2,4,4,High,52,55,15,Elderly support,No,Interview
66,Dhaka,Local Bus,Jatrabari–Badda,Weekday,Evening Peak,19,Shopkeeper,Female,Dry,Daily,Crowding,Queue too long,"The bus was crowded, but that is normal during peak time.",Neutral,0,3,4,3,4,2,3,4,2,Severe,10,45,60,None,Maybe,Online Form
67,Dhaka,Local Bus,New Market–Science Lab,Weekday,Morning Peak,35,Office Employee,Prefer not to say,Dry,2-3 days/week,Safety,Unsafe boarding,Rush hour e safety niye onek tension lage. Driver o helper duijon e khub aggressive chilo.,Negative,-1,1,3,1,4,4,4,4,4,High,33,45,60,None,No,No formal complaint
68,Dhaka,Local Bus,Mirpur–Shahbagh,Weekday,Evening Peak,36,Freelancer,Prefer not to say,Dry,4-5 days/week,Staff Behavior,Aggressive conductor,The conductor kept shouting instead of answering simple fare questions calmly.,Negative,-2,2,4,2,3,4,3,2,3,High,27,69,35,None,No,No formal complaint
69,Dhaka,Local Bus,Motijheel–Rampura,Weekday,Morning Peak,30,Small Business,Female,Light Rain,2-3 days/week,Availability,Too few buses,"I expected more buses on Motijheel–Rampura, but service frequency was disappointing today.",Negative,-2,1,1,4,2,3,4,1,4,Moderate,24,85,45,None,No,Online Form
70,Dhaka,Local Bus,Uttara–Airport,Weekday,Evening Peak,28,Small Business,Female,Heavy Rain,2-3 days/week,Cost,Extra charge,The fare is not the only issue—the unclear way they collect it creates arguments almost every day.,Negative,-2,2,3,4,3,2,2,3,3,Severe,48,90,60,None,No,Interview
71,Dhaka,Local Bus,Azimpur–Shahbagh,Weekday,Evening Peak,19,Office Employee,Female,Dry,2-3 days/week,Information,No route info,Route information was just about manageable.,Neutral,0,3,3,2,4,2,4,2,2,High,11,36,60,None,Maybe,No formal complaint
72,Dhaka,Local Bus,Jatrabari–Badda,Weekday,Evening Peak,38,Driver,Female,Light Rain,2-3 days/week,Availability,No seat available,"There were buses on the route, but not enough to reduce waiting fully.",Neutral,0,3,3,4,2,2,3,3,3,Low,18,83,20,None,Maybe,Online Form
73,Dhaka,Local Bus,Gulistan–Farmgate,Weekday,Morning Peak,38,Shopkeeper,Female,Light Rain,Occasional,Accessibility,Poor stop access,"The stop access felt manageable, even during the busy hour.",Positive,1,4,2,2,2,3,3,2,3,High,6,49,50,None,Yes,Survey Form
74,Dhaka,Local Bus,Gulistan–Farmgate,Weekday,Morning Peak,38,Driver,Male,Dry,2-3 days/week,Crowding,Standing entire trip,"There was pressure inside the bus, but not severe.",Neutral,0,3,4,3,2,3,4,4,3,Low,16,72,30,None,Maybe,Online Form
75,Dhaka,Local Bus,Sayedabad–Kuril,Weekday,Evening Peak,27,Office Employee,Prefer not to say,Dry,Occasional,Staff Behavior,Helpful staff,The conductor spoke politely and guided passengers clearly.,Positive,1,5,2,2,3,3,3,3,2,High,3,41,15,None,Yes,Online Form
76,Dhaka,Local Bus,Jatrabari–Gulistan,Weekday,Morning Peak,45,Office Employee,Male,Light Rain,Daily,Delay,Irregular service,"For once, the trip moved smoothly and I reached on time.",Positive,2,5,4,3,4,4,4,3,2,Severe,4,82,25,None,Yes,Online Form
77,Dhaka,Local Bus,Motijheel–Rampura,Weekday,Morning Peak,58,Driver,Female,Dry,2-3 days/week,Crowding,Overcrowded bus,I could stand comfortably enough without being pushed around too much.,Positive,2,4,3,2,4,3,3,3,3,Moderate,10,86,50,None,Yes,Online Form
78,Dhaka,Local Bus,Jatrabari–Badda,Weekday,Morning Peak,47,Freelancer,Male,Dry,4-5 days/week,Crowding,Queue too long,The bus was so full that I had to stand bent near the gate for almost the whole trip.,Negative,-2,1,4,4,3,2,3,4,1,High,52,92,35,None,No,Online Form
79,Dhaka,Local Bus,New Market–Science Lab,Weekday,Morning Peak,32,Office Employee,Prefer not to say,Light Rain,2-3 days/week,Delay,Long waiting time,Aajke bus er jonno eto wait korte holo je matha noshto hoye gelo. Peak hour e regular service thakar kotha.,Negative,-1,2,2,3,4,4,3,4,3,Severe,61,59,45,None,No,Survey Form
80,Dhaka,Local Bus,Mirpur–Shahbagh,Weekday,Evening Peak,48,Student,Male,Light Rain,Daily,Safety,Harassment concern,"Safety was okay today, though the boarding process could be better.",Neutral,0,3,2,3,4,2,4,2,3,High,8,86,20,None,Maybe,Survey Form
81,Dhaka,Local Bus,Jatrabari–Badda,Weekday,Evening Peak,60,Office Employee,Male,Dry,4-5 days/week,Cleanliness,Dirty seats,"The vehicle looked poorly maintained, and it made an already tiring trip feel worse.",Negative,-1,1,2,3,1,2,4,2,4,High,60,51,40,None,No,Interview
82,Dhaka,Local Bus,Motijheel–Rampura,Weekday,Morning Peak,24,Banker,Male,Dry,2-3 days/week,Information,Wrong stop info,"I got enough information after asking around, though it was not very clear at first.",Neutral,0,3,3,4,2,4,4,2,3,High,8,75,25,None,Maybe,Survey Form
83,Dhaka,Local Bus,New Market–Science Lab,Weekday,Evening Peak,39,Freelancer,Female,Dry,4-5 days/week,Safety,Unsafe boarding,I felt comparatively secure throughout the journey.,Positive,1,4,3,4,3,2,2,4,2,High,4,103,25,None,Yes,No formal complaint
84,Dhaka,Local Bus,Mohakhali–Badda,Weekday,Morning Peak,29,Healthcare Worker,Female,Heavy Rain,Occasional,Comfort,Seat discomfort,"Peak hour e local bus e comfort expect kora jay na, but ajke situation aro kharap chilo.",Negative,-1,1,3,3,3,2,2,3,1,Severe,58,39,30,None,No,Survey Form
85,Dhaka,Local Bus,Motijheel–Rampura,Weekday,Evening Peak,18,Job Seeker,Prefer not to say,Light Rain,4-5 days/week,Accessibility,Weak disability access,Accessibility was average; it could be better for elderly passengers.,Neutral,0,3,3,3,2,4,3,2,4,Severe,16,62,25,None,Maybe,Interview
86,Dhaka,Local Bus,Farmgate–Mohakhali,Weekday,Evening Peak,18,Student,Prefer not to say,Light Rain,Daily,Cost,Fair fare,"It was not cheap, but not unreasonable either.",Neutral,0,3,2,2,4,3,3,2,3,Severe,17,48,25,None,Maybe,Interview
87,Dhaka,Local Bus,Motijheel–Rampura,Weekday,Evening Peak,32,Student,Female,Dry,2-3 days/week,Information,No timing info,"There was some confusion, but I still reached the right destination.",Neutral,0,3,3,3,2,2,3,4,4,High,14,88,60,None,Maybe,No formal complaint
88,Dhaka,Local Bus,Sayedabad–Kuril,Weekday,Morning Peak,39,Homemaker,Male,Dry,Occasional,Safety,Unsafe boarding,The bus was so packed that I kept worrying about my phone and wallet the whole trip.,Negative,-1,1,3,1,3,4,4,2,4,Moderate,32,59,60,None,No,No formal complaint
89,Dhaka,Local Bus,Mohakhali–Badda,Weekday,Evening Peak,21,Homemaker,Prefer not to say,Dry,4-5 days/week,Safety,Harassment concern,"Nothing serious happened, but the route still feels a little risky during rush hour.",Neutral,0,3,4,2,3,3,4,4,2,Severe,15,63,35,None,Maybe,Online Form
90,Dhaka,Local Bus,Motijheel–Rampura,Weekday,Morning Peak,37,Shopkeeper,Male,Heavy Rain,Occasional,Information,No timing info,There was no clear information about where the bus would stop or how long the delay would be.,Negative,-2,1,1,3,2,3,4,2,3,Severe,40,50,35,None,No,Survey Form
91,Dhaka,Local Bus,Gulistan–Farmgate,Weekday,Morning Peak,28,Driver,Female,Dry,Daily,Information,Wrong stop info,"There was some confusion, but I still reached the right destination.",Neutral,0,3,2,3,4,4,4,3,3,Moderate,20,98,45,None,Maybe,Online Form
92,Dhaka,Local Bus,Azimpur–Shahbagh,Weekday,Morning Peak,18,Homemaker,Male,Light Rain,2-3 days/week,Information,No route info,"I got enough information after asking around, though it was not very clear at first.",Neutral,0,3,3,3,4,3,4,4,4,Moderate,13,50,40,None,Maybe,Interview
93,Dhaka,Local Bus,Motijheel–Rampura,Weekday,Evening Peak,30,Factory Worker,Female,Dry,4-5 days/week,Safety,Reckless driving,"Boarding was more orderly today, which made the trip feel safer.",Positive,1,4,4,4,3,4,2,4,4,High,10,100,40,None,Yes,Interview
94,Dhaka,Local Bus,Gulistan–Farmgate,Weekday,Morning Peak,55,Driver,Prefer not to say,Light Rain,2-3 days/week,Crowding,Overcrowded bus,"Everyone was squeezed together, and even moving one step inside felt impossible.",Negative,-2,2,3,4,4,4,2,3,2,High,36,45,15,None,No,Survey Form
95,Dhaka,Local Bus,Mohakhali–Badda,Weekday,Evening Peak,45,Student,Female,Dry,4-5 days/week,Availability,Route shortage,"I expected more buses on Mohakhali–Badda, but service frequency was disappointing today.",Negative,-2,1,1,2,2,3,4,1,4,High,37,95,15,None,No,Interview
96,Dhaka,Local Bus,Mohakhali–Badda,Weekday,Morning Peak,30,Office Employee,Prefer not to say,Dry,Daily,Cleanliness,Dirty seats,"The inside looked maintained, which made the trip easier to tolerate.",Positive,2,4,2,3,4,2,3,2,2,High,4,65,30,None,Yes,Interview
97,Dhaka,Local Bus,Mirpur–Shahbagh,Weekday,Morning Peak,41,Student,Prefer not to say,Dry,2-3 days/week,Accessibility,No elderly support,Getting on the bus was difficult because it barely stopped near the designated stop.,Negative,-1,2,4,2,4,2,1,2,3,High,55,61,15,Wheelchair access,No,Survey Form
98,Dhaka,Local Bus,Mirpur–Shahbagh,Weekday,Morning Peak,57,Freelancer,Female,Dry,2-3 days/week,Cost,Unclear fare,"It was not cheap, but not unreasonable either.",Neutral,0,3,4,4,3,2,4,3,4,Severe,20,75,20,None,Maybe,No formal complaint
99,Dhaka,Local Bus,Jatrabari–Badda,Weekday,Evening Peak,38,Healthcare Worker,Female,Dry,Daily,Cleanliness,Dirty seats,"The inside looked maintained, which made the trip easier to tolerate.",Positive,1,5,3,4,4,4,4,2,4,Moderate,3,49,35,None,Yes,Online Form
100,Dhaka,Local Bus,Jatrabari–Gulistan,Weekday,Evening Peak,31,Job Seeker,Prefer not to say,Dry,2-3 days/week,Staff Behavior,Helpful staff,Staff behavior made the whole ride more unpleasant than it needed to be.,Negative,-1,1,4,4,3,4,3,2,3,High,41,73,25,None,No,Survey Form
101,Dhaka,Local Bus,Jatrabari–Badda,Weekday,Evening Peak,47,Office Employee,Male,Dry,Occasional,Cost,Extra charge,"If the service stays like this, the fare should not keep increasing.",Negative,-1,2,2,2,2,1,3,4,4,High,33,56,25,None,No,Interview
102,Dhaka,Local Bus,Farmgate–Mohakhali,Weekday,Evening Peak,20,Teacher,Female,Dry,2-3 days/week,Availability,No seat available,"I expected more buses on Farmgate–Mohakhali, but service frequency was disappointing today.",Negative,-1,1,1,2,4,3,2,1,3,High,20,41,15,None,No,Survey Form
103,Dhaka,Local Bus,New Market–Science Lab,Weekday,Morning Peak,22,Banker,Female,Dry,Daily,Information,Wrong stop info,The information given by staff was helpful and saved time.,Positive,1,5,4,4,4,4,3,4,3,Moderate,11,33,30,None,Yes,Interview
104,Dhaka,Local Bus,Motijheel–Rampura,Weekday,Morning Peak,28,Shopkeeper,Male,Dry,2-3 days/week,Information,Poor signage,"Bus e kono clear information chilo na, especially notun passenger der jonno eta problem.",Negative,-2,1,1,3,2,4,3,3,2,Severe,58,55,40,None,No,Survey Form
105,Dhaka,Local Bus,New Market–Science Lab,Weekday,Evening Peak,43,Freelancer,Female,Dry,Occasional,Staff Behavior,Aggressive conductor,Staff behavior made the whole ride more unpleasant than it needed to be.,Negative,-1,2,2,3,4,2,4,3,2,High,27,57,20,None,No,Interview
106,Dhaka,Local Bus,Mohakhali–Badda,Weekday,Evening Peak,36,Homemaker,Female,Heavy Rain,Occasional,Availability,Long headway,"Peak time e bus kom thake, tai sobai ekta bus er upor chap pore jay.",Negative,-1,1,1,2,2,4,3,1,3,Moderate,46,59,35,None,No,No formal complaint
107,Dhaka,Local Bus,Jatrabari–Gulistan,Weekday,Evening Peak,45,Healthcare Worker,Male,Light Rain,2-3 days/week,Safety,Pickpocket risk,I felt comparatively secure throughout the journey.,Positive,1,4,3,3,4,3,2,3,3,High,8,35,40,None,Yes,Survey Form
108,Dhaka,Local Bus,Mirpur–Shahbagh,Weekday,Morning Peak,38,Healthcare Worker,Prefer not to say,Dry,2-3 days/week,Accessibility,Weak disability access,The bus stopped properly and boarding was easier today.,Positive,2,4,2,3,3,3,4,4,3,High,12,83,25,None,Yes,No formal complaint
109,Dhaka,Local Bus,Motijheel–Rampura,Weekday,Morning Peak,30,Homemaker,Prefer not to say,Dry,2-3 days/week,Availability,No seat available,There seemed to be more buses on the road than usual.,Positive,2,5,5,2,3,3,3,4,4,High,4,51,20,None,Yes,No formal complaint
110,Dhaka,Local Bus,Gulistan–Farmgate,Weekday,Morning Peak,26,Shopkeeper,Male,Dry,Daily,Cost,High fare,"Vara ta service er sathe match kore na. Joto taka dei, toto quality pai na.",Negative,-1,1,3,3,3,1,2,3,2,High,61,81,40,None,No,Online Form
111,Dhaka,Local Bus,Uttara–Airport,Weekday,Evening Peak,41,Freelancer,Male,Dry,Occasional,Cost,High fare,"The fare felt acceptable, though service quality could still improve.",Neutral,0,3,2,3,2,3,4,4,3,Severe,15,61,35,None,Maybe,Survey Form
112,Dhaka,Local Bus,Mirpur–Farmgate,Weekday,Morning Peak,24,Healthcare Worker,Prefer not to say,Dry,4-5 days/week,Accessibility,No elderly support,"The footpath near the stop was crowded and broken, so reaching the bus safely was not easy.",Negative,-2,2,2,4,2,4,2,3,2,Moderate,21,71,25,None,No,Survey Form
113,Dhaka,Local Bus,Mirpur–Farmgate,Weekday,Morning Peak,49,Small Business,Female,Dry,4-5 days/week,Information,Wrong stop info,I could follow the stops without much confusion.,Positive,2,5,5,3,3,3,4,2,3,Moderate,11,63,40,None,Yes,No formal complaint
114,Dhaka,Local Bus,Gulistan–Farmgate,Weekday,Evening Peak,43,Factory Worker,Prefer not to say,Dry,Daily,Information,No route info,"Bus e kono clear information chilo na, especially notun passenger der jonno eta problem.",Negative,-1,1,1,3,4,4,3,4,4,Severe,43,95,60,None,No,Interview
115,Dhaka,Local Bus,Mirpur–Shahbagh,Weekday,Morning Peak,48,Factory Worker,Male,Dry,Daily,Information,No route info,I had to ask three people before confirming whether this bus was going my way.,Negative,-1,2,1,2,3,2,4,4,3,Severe,53,59,30,None,No,No formal complaint
116,Dhaka,Local Bus,Farmgate–Mohakhali,Weekday,Morning Peak,44,Driver,Prefer not to say,Dry,4-5 days/week,Cost,High fare,The fare felt fair enough for the distance I traveled.,Positive,2,5,4,2,4,5,2,4,3,Severe,9,33,20,None,Yes,Interview
117,Dhaka,Local Bus,Mirpur–Farmgate,Weekday,Evening Peak,22,Teacher,Female,Dry,Daily,Cleanliness,Litter inside,"The inside of the bus was dusty, the seats were dirty, and there was a bad smell the whole way.",Negative,-1,2,4,2,2,4,4,3,4,Severe,34,102,60,None,No,Interview
118,Dhaka,Local Bus,New Market–Science Lab,Weekday,Evening Peak,28,Freelancer,Prefer not to say,Dry,Daily,Delay,Traffic congestion,"Traffic slowed the trip, but overall it was average.",Neutral,0,3,2,2,3,4,3,3,4,High,10,99,35,None,Maybe,Online Form
119,Dhaka,Local Bus,Mirpur–Farmgate,Weekday,Evening Peak,47,Healthcare Worker,Prefer not to say,Dry,2-3 days/week,Delay,Long waiting time,"The local bus showed up very late today. By the time I reached my campus, I was already behind schedule.",Negative,-2,2,1,4,3,2,4,2,3,Moderate,50,76,45,None,No,Survey Form
120,Dhaka,Local Bus,Azimpur–Shahbagh,Weekday,Evening Peak,48,Homemaker,Male,Dry,Daily,Delay,Irregular service,"Same problem again—long wait, slow movement, and too many unnecessary stops. Morning peak in Dhaka feels impossible sometimes.",Negative,-1,2,2,3,4,2,2,4,2,High,64,46,15,None,No,Interview
121,Dhaka,Local Bus,Jatrabari–Badda,Weekday,Evening Peak,21,Office Employee,Male,Dry,Occasional,Crowding,Standing entire trip,"Too many passengers, no personal space, and constant pushing—this should not be normal.",Negative,-2,1,3,2,4,4,3,3,1,High,57,31,15,None,No,Interview
122,Dhaka,Local Bus,Azimpur–Shahbagh,Weekday,Morning Peak,40,Homemaker,Male,Dry,Daily,Safety,Reckless driving,The bus was so packed that I kept worrying about my phone and wallet the whole trip.,Negative,-2,1,2,1,3,3,2,3,3,Moderate,63,67,35,Traveling with child,No,Survey Form
123,Dhaka,Local Bus,Gulistan–Farmgate,Weekday,Morning Peak,48,Banker,Prefer not to say,Light Rain,4-5 days/week,Staff Behavior,Poor communication,A calm and respectful attitude from the staff made the ride easier.,Positive,1,4,2,2,3,3,4,4,3,Moderate,11,81,50,None,Yes,Survey Form
124,Dhaka,Local Bus,Gulistan–Farmgate,Weekday,Morning Peak,33,Banker,Female,Light Rain,2-3 days/week,Staff Behavior,Poor communication,Communication from the conductor was average today.,Neutral,0,3,2,4,4,3,2,3,4,High,19,100,25,None,Maybe,Online Form
125,Dhaka,Local Bus,Jatrabari–Badda,Weekday,Evening Peak,48,Banker,Female,Dry,Daily,Cost,Fair fare,"It was not cheap, but not unreasonable either.",Neutral,0,3,4,3,4,2,4,4,2,Severe,13,102,45,None,Maybe,Interview
126,Dhaka,Local Bus,Jatrabari–Gulistan,Weekday,Morning Peak,28,Student,Female,Dry,4-5 days/week,Cleanliness,Poor maintenance,"The bus was not very clean, but it was acceptable for a regular local bus trip.",Neutral,0,3,2,3,2,3,4,4,4,High,15,57,45,Traveling with child,Maybe,Survey Form
127,Dhaka,Local Bus,Farmgate–Mohakhali,Weekday,Morning Peak,52,Healthcare Worker,Prefer not to say,Light Rain,2-3 days/week,Information,Poor signage,Even a small sign or proper announcement could have made this trip easier.,Negative,-2,2,2,2,2,3,3,4,3,Severe,61,62,15,Elderly support,No,Interview
128,Dhaka,Local Bus,Motijheel–Rampura,Weekday,Evening Peak,27,Banker,Prefer not to say,Dry,Daily,Cost,Unclear fare,"The fare felt acceptable, though service quality could still improve.",Neutral,0,3,3,3,4,3,4,4,3,Moderate,18,42,50,None,Maybe,Survey Form
129,Dhaka,Local Bus,Azimpur–Shahbagh,Weekday,Evening Peak,20,Factory Worker,Prefer not to say,Heavy Rain,2-3 days/week,Accessibility,Poor stop access,Accessibility was average; it could be better for elderly passengers.,Neutral,0,3,2,2,4,2,3,2,2,Severe,8,100,40,Traveling with child,Maybe,Interview
130,Dhaka,Local Bus,Mirpur–Farmgate,Weekday,Evening Peak,50,Teacher,Female,Light Rain,Daily,Safety,Unsafe boarding,"The ride felt somewhat crowded, but I did not face any major safety issue.",Neutral,0,3,2,2,4,3,3,3,2,Moderate,18,33,60,None,Maybe,No formal complaint
131,Dhaka,Local Bus,Jatrabari–Badda,Weekday,Evening Peak,50,Healthcare Worker,Prefer not to say,Dry,4-5 days/week,Information,No route info,There was no clear information about where the bus would stop or how long the delay would be.,Negative,-1,2,2,2,2,3,4,3,3,Severe,54,83,45,None,No,Survey Form
132,Dhaka,Local Bus,Gulistan–Farmgate,Weekday,Evening Peak,48,Teacher,Male,Light Rain,Occasional,Cleanliness,Dirty seats,"The inside of the bus was dusty, the seats were dirty, and there was a bad smell the whole way.",Negative,-2,2,4,2,2,2,3,4,4,Severe,62,46,40,None,No,Survey Form
133,Dhaka,Local Bus,Sayedabad–Kuril,Weekday,Morning Peak,41,Banker,Female,Dry,Occasional,Delay,Irregular service,"There was some waiting time, though it was still manageable.",Neutral,0,3,3,3,2,2,4,4,2,High,10,81,25,None,Maybe,Interview
134,Dhaka,Local Bus,Gulistan–Farmgate,Weekday,Morning Peak,47,Factory Worker,Female,Light Rain,2-3 days/week,Delay,Late departure,"Traffic slowed the trip, but overall it was average.",Neutral,0,3,3,4,2,3,4,2,2,Moderate,13,71,40,None,Maybe,Online Form
135,Dhaka,Local Bus,Jatrabari–Badda,Weekday,Morning Peak,20,Office Employee,Female,Heavy Rain,4-5 days/week,Cleanliness,Bad odor,"The bus was not very clean, but it was acceptable for a regular local bus trip.",Neutral,0,3,3,2,3,2,4,4,3,High,11,34,15,None,Maybe,No formal complaint
136,Dhaka,Local Bus,Mirpur–Shahbagh,Weekday,Morning Peak,45,Small Business,Male,Dry,Occasional,Delay,Long waiting time,"The local bus showed up very late today. By the time I reached my class, I was already behind schedule.",Negative,-1,2,2,4,3,3,4,4,2,High,54,64,15,None,No,Survey Form
137,Dhaka,Local Bus,Mirpur–Farmgate,Weekday,Evening Peak,48,Job Seeker,Male,Dry,Occasional,Information,No timing info,The information given by staff was helpful and saved time.,Positive,2,5,4,3,4,2,4,4,4,Severe,7,101,45,None,Yes,Survey Form
138,Dhaka,Local Bus,Mirpur–Farmgate,Weekday,Morning Peak,26,Small Business,Prefer not to say,Dry,Daily,Cost,High fare,I would say the cost was average for this route.,Neutral,0,3,2,4,4,3,4,2,2,Severe,8,69,40,None,Maybe,Interview
139,Dhaka,Local Bus,Mohakhali–Badda,Weekday,Morning Peak,42,Job Seeker,Male,Dry,Daily,Staff Behavior,Aggressive conductor,Staff behavior was better today; they were helpful without being rude.,Positive,2,5,3,3,2,3,2,4,2,Low,5,72,15,None,Yes,Online Form
140,Dhaka,Local Bus,Azimpur–Shahbagh,Weekday,Evening Peak,54,Small Business,Prefer not to say,Dry,2-3 days/week,Cleanliness,Poor maintenance,"The bus was not very clean, but it was acceptable for a regular local bus trip.",Neutral,0,3,2,4,3,2,3,2,2,Moderate,8,39,20,None,Maybe,Interview
141,Dhaka,Local Bus,Farmgate–Mohakhali,Weekday,Morning Peak,53,Homemaker,Prefer not to say,Dry,Daily,Information,Poor signage,I had to ask three people before confirming whether this bus was going my way.,Negative,-1,1,1,4,2,2,2,2,3,High,65,35,40,Wheelchair access,No,No formal complaint
142,Dhaka,Local Bus,Jatrabari–Gulistan,Weekday,Morning Peak,49,Driver,Male,Dry,2-3 days/week,Information,No route info,"I got enough information after asking around, though it was not very clear at first.",Neutral,0,3,3,2,3,2,3,4,3,High,17,76,50,Traveling with child,Maybe,No formal complaint
143,Dhaka,Local Bus,Jatrabari–Badda,Weekday,Evening Peak,27,Shopkeeper,Female,Dry,Daily,Information,Poor signage,I had to ask three people before confirming whether this bus was going my way.,Negative,-2,2,2,3,4,2,2,3,2,Severe,38,35,45,None,No,Survey Form
144,Dhaka,Local Bus,Jatrabari–Gulistan,Weekday,Morning Peak,29,Driver,Male,Heavy Rain,4-5 days/week,Information,Poor signage,"There was some confusion, but I still reached the right destination.",Neutral,0,3,3,4,4,2,4,4,3,Moderate,15,92,35,None,Maybe,Online Form
145,Dhaka,Local Bus,Uttara–Airport,Weekday,Evening Peak,34,Office Employee,Male,Heavy Rain,4-5 days/week,Delay,Irregular service,"From Uttara–Airport, the delay was frustrating. I left early but still got late because the bus service was irregular.",Negative,-2,2,1,4,3,2,4,2,2,Severe,62,37,20,None,No,Online Form
146,Dhaka,Local Bus,Sayedabad–Kuril,Weekday,Evening Peak,45,Office Employee,Female,Light Rain,Occasional,Delay,Late departure,"Traffic slowed the trip, but overall it was average.",Neutral,0,3,2,3,2,2,3,3,4,High,8,54,50,None,Maybe,Interview
147,Dhaka,Local Bus,Mohakhali–Badda,Weekday,Evening Peak,51,Freelancer,Male,Dry,Occasional,Crowding,Queue too long,Bus e emon bhir chilo je neme jabar agei chinta hoye jacchilo kivabe gate porjonto jabo.,Negative,-2,2,3,2,4,3,2,4,1,High,63,73,45,None,No,Online Form
148,Dhaka,Local Bus,Jatrabari–Gulistan,Weekday,Morning Peak,41,Shopkeeper,Female,Light Rain,Daily,Safety,Reckless driving,"Nothing serious happened, but the route still feels a little risky during rush hour.",Neutral,0,3,2,3,4,3,4,4,3,Severe,13,89,15,None,Maybe,No formal complaint
149,Dhaka,Local Bus,Uttara–Airport,Weekday,Morning Peak,34,Banker,Male,Dry,2-3 days/week,Staff Behavior,Helpful staff,The helper was rude when passengers asked whether the bus would stop at the next point.,Negative,-1,1,3,2,4,2,2,4,3,Severe,45,51,60,None,No,Survey Form
150,Dhaka,Local Bus,New Market–Science Lab,Weekday,Evening Peak,26,Freelancer,Female,Light Rain,Occasional,Cleanliness,Poor maintenance,Bus ta onek nongra chilo. Gari te uthar por thekei uncomfortable lagchilo.,Negative,-2,1,4,2,1,4,4,3,3,High,51,46,30,Elderly support,No,No formal complaint
151,Dhaka,Local Bus,New Market–Science Lab,Weekday,Morning Peak,37,Job Seeker,Female,Light Rain,2-3 days/week,Cleanliness,Bad odor,"The bus was cleaner than I expected, and the seating area was in decent shape.",Positive,2,5,3,3,4,3,2,4,4,High,10,35,45,None,Yes,No formal complaint
152,Dhaka,Local Bus,Mirpur–Shahbagh,Weekday,Morning Peak,21,Job Seeker,Female,Heavy Rain,4-5 days/week,Crowding,Overcrowded bus,Crowding was less intense than I expected today.,Positive,2,5,3,4,4,3,3,2,4,Severe,6,78,20,None,Yes,Interview
153,Dhaka,Local Bus,Farmgate–Mohakhali,Weekday,Morning Peak,41,Job Seeker,Male,Heavy Rain,2-3 days/week,Information,Poor signage,I had to ask three people before confirming whether this bus was going my way.,Negative,-2,2,2,3,2,3,2,4,4,High,46,105,25,None,No,No formal complaint
154,Dhaka,Local Bus,Motijheel–Rampura,Weekday,Evening Peak,54,Factory Worker,Prefer not to say,Light Rain,Occasional,Delay,Late departure,"Traffic slowed the trip, but overall it was average.",Neutral,0,3,3,3,2,4,4,4,3,High,20,90,25,Elderly support,Maybe,No formal complaint
155,Dhaka,Local Bus,Farmgate–Mohakhali,Weekday,Evening Peak,26,Office Employee,Female,Dry,Occasional,Accessibility,Weak disability access,This route is hard for elderly passengers. Even healthy people struggle to board during peak hours.,Negative,-2,1,3,2,4,2,1,2,3,High,54,46,50,None,No,No formal complaint
156,Dhaka,Local Bus,Jatrabari–Badda,Weekday,Evening Peak,44,Teacher,Female,Light Rain,Occasional,Delay,Long waiting time,Aajke bus er jonno eto wait korte holo je matha noshto hoye gelo. Peak hour e regular service thakar kotha.,Negative,-1,2,2,3,4,3,3,3,4,Moderate,51,73,15,None,No,No formal complaint
157,Dhaka,Local Bus,Uttara–Airport,Weekday,Evening Peak,46,Shopkeeper,Female,Heavy Rain,Daily,Accessibility,Poor stop access,The bus stopped properly and boarding was easier today.,Positive,1,4,3,3,2,2,4,2,3,Severe,9,105,60,None,Yes,No formal complaint
158,Dhaka,Local Bus,Motijheel–Rampura,Weekday,Evening Peak,51,Factory Worker,Male,Dry,2-3 days/week,Cost,High fare,The fare is not the only issue—the unclear way they collect it creates arguments almost every day.,Negative,-2,1,3,2,3,1,2,3,2,High,56,95,30,None,No,Interview
159,Dhaka,Local Bus,Gulistan–Farmgate,Weekday,Evening Peak,31,Factory Worker,Prefer not to say,Light Rain,Occasional,Cleanliness,Dirty seats,"I do not expect luxury, but at least the bus should be clean enough to sit comfortably.",Negative,-2,1,3,3,1,3,4,4,3,High,65,96,40,Elderly support,No,No formal complaint
160,Dhaka,Local Bus,Uttara–Airport,Weekday,Evening Peak,59,Banker,Female,Dry,2-3 days/week,Cleanliness,Dirty seats,Bus ta onek nongra chilo. Gari te uthar por thekei uncomfortable lagchilo.,Negative,-2,1,4,4,1,2,2,2,3,Moderate,39,79,15,None,No,No formal complaint
161,Dhaka,Local Bus,Motijheel–Rampura,Weekday,Morning Peak,49,Healthcare Worker,Male,Dry,4-5 days/week,Availability,No seat available,There were far fewer buses than the number of waiting passengers. The line just kept getting longer.,Negative,-2,1,1,3,3,4,2,1,3,Severe,46,45,25,None,No,Online Form
162,Dhaka,Local Bus,Farmgate–Mohakhali,Weekday,Evening Peak,23,Factory Worker,Female,Light Rain,4-5 days/week,Cleanliness,Poor maintenance,"I do not expect luxury, but at least the bus should be clean enough to sit comfortably.",Negative,-1,2,3,3,2,2,4,4,2,Moderate,33,68,45,None,No,Survey Form
163,Dhaka,Local Bus,Mirpur–Shahbagh,Weekday,Evening Peak,32,Factory Worker,Prefer not to say,Dry,Daily,Cost,Unclear fare,"Vara ta service er sathe match kore na. Joto taka dei, toto quality pai na.",Negative,-2,2,4,2,4,1,2,4,4,Moderate,62,70,30,None,No,No formal complaint
164,Dhaka,Local Bus,Sayedabad–Kuril,Weekday,Evening Peak,53,Healthcare Worker,Female,Heavy Rain,Occasional,Staff Behavior,Poor communication,Staff behavior made the whole ride more unpleasant than it needed to be.,Negative,-1,2,4,3,3,3,2,3,2,Moderate,56,54,45,Traveling with child,No,No formal complaint
165,Dhaka,Local Bus,Motijheel–Rampura,Weekday,Evening Peak,60,Banker,Prefer not to say,Dry,2-3 days/week,Delay,Late departure,"For once, the trip moved smoothly and I reached on time.",Positive,2,4,3,4,2,2,3,4,3,Moderate,4,66,60,None,Yes,Survey Form
166,Dhaka,Local Bus,Jatrabari–Badda,Weekday,Evening Peak,31,Homemaker,Female,Heavy Rain,4-5 days/week,Information,Poor signage,Clear route and stop information would save passengers a lot of confusion.,Negative,-1,2,1,3,4,4,2,2,2,Moderate,54,89,50,Traveling with child,No,Survey Form
167,Dhaka,Local Bus,Uttara–Airport,Weekday,Evening Peak,22,Student,Prefer not to say,Dry,Occasional,Information,No timing info,"I got enough information after asking around, though it was not very clear at first.",Neutral,0,3,3,2,4,4,2,2,3,High,18,103,60,None,Maybe,Online Form
168,Dhaka,Local Bus,Mirpur–Farmgate,Weekday,Morning Peak,42,Freelancer,Male,Dry,Occasional,Staff Behavior,Rude helper,Staff behavior was okay overall.,Neutral,0,3,3,4,2,2,4,2,3,Low,18,82,20,None,Maybe,Online Form
169,Dhaka,Local Bus,Motijheel–Rampura,Weekday,Evening Peak,28,Driver,Prefer not to say,Dry,Occasional,Cost,Unclear fare,The fare felt fair enough for the distance I traveled.,Positive,2,4,2,4,3,3,3,3,4,High,5,30,45,Wheelchair access,Yes,No formal complaint
170,Dhaka,Local Bus,Jatrabari–Gulistan,Weekday,Evening Peak,39,Banker,Female,Light Rain,2-3 days/week,Staff Behavior,Aggressive conductor,Communication from the conductor was average today.,Neutral,0,3,3,4,2,2,4,4,4,Severe,20,87,35,None,Maybe,Interview
171,Dhaka,Local Bus,Jatrabari–Badda,Weekday,Evening Peak,47,Office Employee,Female,Heavy Rain,2-3 days/week,Information,Wrong stop info,I had to ask three people before confirming whether this bus was going my way.,Negative,-1,2,2,4,3,4,2,2,4,High,44,63,40,None,No,Survey Form
172,Dhaka,Local Bus,Farmgate–Mohakhali,Weekday,Evening Peak,53,Homemaker,Male,Dry,Occasional,Delay,Traffic congestion,"I was standing at Kuril for almost 37 minutes and still no bus came on time. For a weekday peak hour, this is exhausting.",Negative,-2,1,1,4,3,2,2,2,3,Moderate,55,62,30,None,No,No formal complaint
173,Dhaka,Local Bus,Azimpur–Shahbagh,Weekday,Evening Peak,44,Teacher,Prefer not to say,Light Rain,2-3 days/week,Safety,Harassment concern,"Nothing serious happened, but the route still feels a little risky during rush hour.",Neutral,0,3,4,3,3,2,3,3,3,Severe,15,85,35,Wheelchair access,Maybe,Interview
174,Dhaka,Local Bus,Mirpur–Farmgate,Weekday,Evening Peak,54,Factory Worker,Female,Dry,Daily,Cleanliness,Dirty seats,"For daily commuting, the cleanliness is really below standard. The floor was messy and the windows looked untouched.",Negative,-2,1,3,4,1,4,2,3,4,High,50,105,20,None,No,Interview
175,Dhaka,Local Bus,Gulistan–Farmgate,Weekday,Morning Peak,57,Homemaker,Prefer not to say,Light Rain,4-5 days/week,Crowding,Standing entire trip,Crowding made the ride stressful from start to finish. I could barely breathe comfortably.,Negative,-2,1,2,3,3,2,3,4,1,High,22,36,35,Traveling with child,No,Interview
176,Dhaka,Local Bus,Gulistan–Farmgate,Weekday,Evening Peak,33,Teacher,Prefer not to say,Dry,2-3 days/week,Availability,Route shortage,"If you miss one local bus on this route, you may have to wait a long time for the next one.",Negative,-2,1,1,2,3,4,4,1,3,Severe,24,56,50,Elderly support,No,Interview
177,Dhaka,Local Bus,Jatrabari–Gulistan,Weekday,Evening Peak,59,Small Business,Prefer not to say,Dry,2-3 days/week,Safety,Unsafe boarding,"The driver handled the bus carefully today, and the ride felt safer than usual.",Positive,1,5,4,4,4,2,3,3,3,Severe,11,82,60,None,Yes,Interview
178,Dhaka,Local Bus,Gulistan–Farmgate,Weekday,Morning Peak,33,Small Business,Female,Dry,2-3 days/week,Availability,Long headway,"There were buses on the route, but not enough to reduce waiting fully.",Neutral,0,3,2,3,4,3,3,2,3,High,19,43,35,None,Maybe,Online Form
179,Dhaka,Local Bus,Jatrabari–Badda,Weekday,Morning Peak,26,Office Employee,Female,Dry,4-5 days/week,Cost,High fare,The fare is not the only issue—the unclear way they collect it creates arguments almost every day.,Negative,-2,2,3,2,4,1,2,3,2,High,38,59,45,Elderly support,No,Survey Form
180,Dhaka,Local Bus,Mirpur–Farmgate,Weekday,Morning Peak,59,Healthcare Worker,Prefer not to say,Dry,Daily,Availability,Long headway,"If you miss one local bus on this route, you may have to wait a long time for the next one.",Negative,-2,1,1,3,2,3,2,1,2,High,35,71,50,None,No,No formal complaint
181,Dhaka,Local Bus,Sayedabad–Kuril,Weekday,Morning Peak,29,Factory Worker,Male,Dry,Occasional,Cleanliness,Bad odor,Bus ta onek nongra chilo. Gari te uthar por thekei uncomfortable lagchilo.,Negative,-1,1,3,3,1,4,2,4,4,Severe,42,33,40,None,No,No formal complaint
182,Dhaka,Local Bus,Jatrabari–Gulistan,Weekday,Evening Peak,55,Homemaker,Male,Heavy Rain,Daily,Delay,Irregular service,Aajke bus er jonno eto wait korte holo je matha noshto hoye gelo. Peak hour e regular service thakar kotha.,Negative,-2,2,2,2,3,2,4,2,2,Moderate,28,84,15,None,No,Online Form
183,Dhaka,Local Bus,Motijheel–Rampura,Weekday,Morning Peak,53,Shopkeeper,Male,Dry,2-3 days/week,Comfort,Too noisy,Ventilation was decent and the trip was less tiring today.,Positive,2,5,3,4,3,3,3,4,5,Severe,5,60,30,None,Yes,Interview
184,Dhaka,Local Bus,New Market–Science Lab,Weekday,Evening Peak,57,Banker,Prefer not to say,Light Rain,Daily,Staff Behavior,Aggressive conductor,The conductor spoke politely and guided passengers clearly.,Positive,1,4,4,4,4,2,2,4,4,Severe,8,44,25,Elderly support,Yes,Survey Form
185,Dhaka,Local Bus,Motijheel–Rampura,Weekday,Morning Peak,57,Small Business,Male,Dry,4-5 days/week,Cleanliness,Bad odor,"The inside looked used and worn, but not worse than usual.",Neutral,0,3,2,4,2,4,3,3,4,Moderate,17,59,40,None,Maybe,Interview
186,Dhaka,Local Bus,New Market–Science Lab,Weekday,Morning Peak,60,Factory Worker,Prefer not to say,Dry,2-3 days/week,Cost,Fair fare,I did not mind paying this fare because the trip was manageable.,Positive,1,5,4,2,2,5,4,3,3,Severe,9,72,40,None,Yes,Online Form
187,Dhaka,Local Bus,Jatrabari–Badda,Weekday,Morning Peak,22,Student,Female,Dry,Occasional,Safety,Pickpocket risk,The bus was so packed that I kept worrying about my phone and wallet the whole trip.,Negative,-1,1,2,1,4,3,4,4,4,Severe,61,71,20,Traveling with child,No,Online Form
188,Dhaka,Local Bus,Mirpur–Shahbagh,Weekday,Evening Peak,59,Small Business,Prefer not to say,Dry,Daily,Accessibility,Poor stop access,Getting on the bus was difficult because it barely stopped near the designated stop.,Negative,-2,1,3,2,3,4,1,4,2,Moderate,39,65,60,None,No,No formal complaint
189,Dhaka,Local Bus,Mirpur–Shahbagh,Weekday,Evening Peak,32,Driver,Male,Dry,2-3 days/week,Availability,Too few buses,Service frequency was neither very good nor very bad.,Neutral,0,3,2,2,2,4,2,3,4,Severe,20,61,45,None,Maybe,Online Form
190,Dhaka,Local Bus,Motijheel–Rampura,Weekday,Evening Peak,18,Office Employee,Prefer not to say,Dry,4-5 days/week,Comfort,Too noisy,"The ride was tiring, but about what I normally expect from a local bus.",Neutral,0,3,4,4,4,4,4,3,3,Moderate,10,48,15,None,Maybe,Survey Form
191,Dhaka,Local Bus,Gulistan–Farmgate,Weekday,Morning Peak,45,Banker,Female,Dry,4-5 days/week,Cleanliness,Bad odor,"The bus was not very clean, but it was acceptable for a regular local bus trip.",Neutral,0,3,3,4,3,3,3,2,2,High,18,55,20,Elderly support,Maybe,No formal complaint
192,Dhaka,Local Bus,Jatrabari–Gulistan,Weekday,Evening Peak,59,Shopkeeper,Prefer not to say,Light Rain,2-3 days/week,Cost,Unclear fare,The fare felt fair enough for the distance I traveled.,Positive,2,4,4,4,2,4,4,2,2,High,11,52,30,None,Yes,No formal complaint
193,Dhaka,Local Bus,New Market–Science Lab,Weekday,Evening Peak,30,Healthcare Worker,Prefer not to say,Dry,Daily,Comfort,Hot interior,"The ride was tiring, but about what I normally expect from a local bus.",Neutral,0,3,4,2,4,4,4,2,3,High,10,70,20,None,Maybe,Interview
194,Dhaka,Local Bus,New Market–Science Lab,Weekday,Morning Peak,27,Driver,Female,Heavy Rain,2-3 days/week,Staff Behavior,Poor communication,Communication from the conductor was average today.,Neutral,0,3,3,3,3,2,2,2,4,High,17,50,40,None,Maybe,Survey Form
195,Dhaka,Local Bus,Azimpur–Shahbagh,Weekday,Evening Peak,29,Banker,Male,Dry,2-3 days/week,Safety,Harassment concern,"The driver handled the bus carefully today, and the ride felt safer than usual.",Positive,1,5,4,4,3,4,3,2,2,High,10,68,25,None,Yes,Survey Form
196,Dhaka,Local Bus,Mohakhali–Badda,Weekday,Morning Peak,53,Banker,Female,Dry,Occasional,Crowding,Standing entire trip,"Everyone was squeezed together, and even moving one step inside felt impossible.",Negative,-2,2,4,4,2,3,2,4,2,Moderate,45,57,60,None,No,Survey Form
197,Dhaka,Local Bus,Mirpur–Shahbagh,Weekday,Morning Peak,42,Office Employee,Female,Dry,Occasional,Cleanliness,Litter inside,"I do not expect luxury, but at least the bus should be clean enough to sit comfortably.",Negative,-2,2,2,2,2,2,4,4,3,Low,22,82,50,None,No,Interview
198,Dhaka,Local Bus,New Market–Science Lab,Weekday,Morning Peak,39,Factory Worker,Male,Light Rain,4-5 days/week,Delay,Long waiting time,"The bus was a bit late today, but not unusually late for a weekday in Dhaka.",Neutral,0,3,3,3,2,3,3,4,3,High,10,87,35,None,Maybe,Online Form
199,Dhaka,Local Bus,Mirpur–Shahbagh,Weekday,Morning Peak,48,Factory Worker,Male,Dry,2-3 days/week,Crowding,Standing entire trip,Crowding made the ride stressful from start to finish. I could barely breathe comfortably.,Negative,-1,2,3,3,3,4,4,4,1,Severe,51,73,30,None,No,No formal complaint
200,Dhaka,Local Bus,Mirpur–Farmgate,Weekday,Evening Peak,37,Homemaker,Prefer not to say,Dry,Occasional,Information,Wrong stop info,Clear route and stop information would save passengers a lot of confusion.,Negative,-1,1,1,4,3,3,4,3,4,High,57,86,60,None,No,Interview
201,Dhaka,Local Bus,Azimpur–Shahbagh,Weekday,Morning Peak,48,Student,Female,Dry,4-5 days/week,Crowding,Door blocked,"The bus was busy but still manageable, which is a relief during peak time.",Positive,2,5,3,4,2,3,2,2,5,Moderate,12,77,25,None,Yes,Interview
202,Dhaka,Local Bus,New Market–Science Lab,Weekday,Morning Peak,42,Small Business,Male,Heavy Rain,Occasional,Staff Behavior,Aggressive conductor,A little politeness would make a big difference for regular commuters.,Negative,-1,1,4,4,2,2,2,3,4,Severe,40,74,30,None,No,Survey Form
203,Dhaka,Local Bus,Mirpur–Shahbagh,Weekday,Evening Peak,49,Shopkeeper,Female,Heavy Rain,Occasional,Information,No route info,The information given by staff was helpful and saved time.,Positive,2,5,4,3,3,4,3,3,3,Severe,10,90,15,None,Yes,Survey Form
204,Dhaka,Local Bus,Farmgate–Mohakhali,Weekday,Morning Peak,19,Driver,Male,Dry,4-5 days/week,Information,Poor signage,Clear route and stop information would save passengers a lot of confusion.,Negative,-2,2,1,3,3,4,2,3,2,High,61,90,50,Elderly support,No,Online Form
205,Dhaka,Local Bus,Jatrabari–Badda,Weekday,Morning Peak,18,Homemaker,Male,Dry,4-5 days/week,Delay,Irregular service,"Traffic slowed the trip, but overall it was average.",Neutral,0,3,2,2,3,3,3,4,4,Severe,12,34,15,None,Maybe,No formal complaint
206,Dhaka,Local Bus,Azimpur–Shahbagh,Weekday,Evening Peak,36,Shopkeeper,Female,Dry,Occasional,Safety,Unsafe boarding,"Boarding was more orderly today, which made the trip feel safer.",Positive,1,4,4,4,2,2,4,4,2,Severe,5,62,25,None,Yes,Interview
207,Dhaka,Local Bus,Sayedabad–Kuril,Weekday,Evening Peak,45,Freelancer,Male,Light Rain,Occasional,Information,No timing info,I could follow the stops without much confusion.,Positive,1,5,5,3,4,4,4,3,3,Severe,11,101,50,None,Yes,Interview
208,Dhaka,Local Bus,Farmgate–Mohakhali,Weekday,Morning Peak,35,Teacher,Female,Dry,2-3 days/week,Delay,Traffic congestion,"The bus came sooner than I expected, which almost never happens during peak hour.",Positive,2,5,5,2,4,3,4,2,2,Moderate,5,96,60,None,Yes,Online Form
209,Dhaka,Local Bus,Azimpur–Shahbagh,Weekday,Morning Peak,36,Student,Male,Light Rain,4-5 days/week,Safety,Unsafe boarding,I felt comparatively secure throughout the journey.,Positive,1,4,3,4,3,3,3,3,3,Severe,6,68,60,None,Yes,Survey Form
210,Dhaka,Local Bus,New Market–Science Lab,Weekday,Morning Peak,58,Small Business,Female,Dry,2-3 days/week,Comfort,Too noisy,"The ride was jerky, noisy, and uncomfortable, especially while standing.",Negative,-1,1,3,2,3,4,2,2,1,Moderate,42,103,20,None,No,Survey Form
211,Dhaka,Local Bus,Jatrabari–Badda,Weekday,Morning Peak,33,Office Employee,Male,Dry,4-5 days/week,Availability,Too few buses,"I expected more buses on Jatrabari–Badda, but service frequency was disappointing today.",Negative,-1,1,1,2,3,3,2,1,4,Moderate,19,54,15,None,No,Interview
212,Dhaka,Local Bus,Sayedabad–Kuril,Weekday,Morning Peak,18,Homemaker,Male,Heavy Rain,2-3 days/week,Staff Behavior,Poor communication,Staff behavior was okay overall.,Neutral,0,3,4,3,2,4,3,3,3,Severe,14,101,25,Wheelchair access,Maybe,Online Form
213,Dhaka,Local Bus,Sayedabad–Kuril,Weekday,Evening Peak,19,Freelancer,Prefer not to say,Dry,2-3 days/week,Safety,Reckless driving,"The driver handled the bus carefully today, and the ride felt safer than usual.",Positive,2,4,3,3,4,4,4,4,3,High,4,81,40,None,Yes,Interview
214,Dhaka,Local Bus,Jatrabari–Gulistan,Weekday,Morning Peak,19,Shopkeeper,Female,Light Rain,Daily,Safety,Reckless driving,"The driver handled the bus carefully today, and the ride felt safer than usual.",Positive,1,5,2,5,2,4,4,3,4,Moderate,6,74,40,None,Yes,Survey Form
215,Dhaka,Local Bus,Jatrabari–Gulistan,Weekday,Evening Peak,59,Student,Female,Dry,2-3 days/week,Staff Behavior,Aggressive conductor,The helper was rude when passengers asked whether the bus would stop at the next point.,Negative,-1,2,3,3,3,3,4,4,4,Moderate,19,90,25,None,No,Online Form
216,Dhaka,Local Bus,Mohakhali–Badda,Weekday,Evening Peak,25,Healthcare Worker,Prefer not to say,Dry,Occasional,Crowding,Door blocked,"Everyone was squeezed together, and even moving one step inside felt impossible.",Negative,-2,2,2,4,4,2,4,4,2,Moderate,39,88,30,Traveling with child,No,Survey Form
217,Dhaka,Local Bus,Farmgate–Mohakhali,Weekday,Morning Peak,44,Healthcare Worker,Male,Dry,4-5 days/week,Cost,Fair fare,"It was not cheap, but not unreasonable either.",Neutral,0,3,2,4,2,3,2,2,3,High,19,49,15,None,Maybe,Online Form
218,Dhaka,Local Bus,Azimpur–Shahbagh,Weekday,Evening Peak,40,Office Employee,Female,Light Rain,Occasional,Cost,High fare,"It was not cheap, but not unreasonable either.",Neutral,0,3,3,2,2,2,4,2,2,High,17,85,60,None,Maybe,Survey Form
219,Dhaka,Local Bus,Gulistan–Farmgate,Weekday,Morning Peak,38,Driver,Male,Dry,Occasional,Information,No timing info,"Bus e kono clear information chilo na, especially notun passenger der jonno eta problem.",Negative,-1,1,1,3,3,3,3,2,2,High,50,38,30,None,No,Survey Form
220,Dhaka,Local Bus,Mirpur–Shahbagh,Weekday,Morning Peak,36,Banker,Male,Dry,Occasional,Crowding,Standing entire trip,Bus e emon bhir chilo je neme jabar agei chinta hoye jacchilo kivabe gate porjonto jabo.,Negative,-1,2,2,4,4,2,3,3,2,Moderate,29,87,45,None,No,Survey Form
221,Dhaka,Local Bus,Mirpur–Shahbagh,Weekday,Morning Peak,32,Office Employee,Male,Dry,4-5 days/week,Staff Behavior,Rude helper,Staff behavior was better today; they were helpful without being rude.,Positive,1,4,2,2,3,3,2,3,2,High,3,46,35,None,Yes,Online Form
222,Dhaka,Local Bus,Azimpur–Shahbagh,Weekday,Morning Peak,37,Freelancer,Female,Dry,Occasional,Staff Behavior,Poor communication,A little politeness would make a big difference for regular commuters.,Negative,-1,1,2,2,3,4,2,3,2,High,64,69,60,None,No,Online Form
223,Dhaka,Local Bus,Sayedabad–Kuril,Weekday,Evening Peak,44,Banker,Female,Light Rain,Occasional,Crowding,Standing entire trip,"Everyone was squeezed together, and even moving one step inside felt impossible.",Negative,-2,1,2,4,2,3,3,2,1,Moderate,25,42,20,None,No,No formal complaint
224,Dhaka,Local Bus,Azimpur–Shahbagh,Weekday,Morning Peak,30,Student,Male,Dry,Daily,Crowding,Queue too long,Crowding made the ride stressful from start to finish. I could barely breathe comfortably.,Negative,-1,2,3,3,2,4,4,3,2,High,55,46,15,None,No,Survey Form
225,Dhaka,Local Bus,Azimpur–Shahbagh,Weekday,Evening Peak,20,Student,Prefer not to say,Light Rain,Daily,Delay,Irregular service,"From Azimpur–Shahbagh, the delay was frustrating. I left early but still got late because the bus service was irregular.",Negative,-2,1,1,3,2,2,4,3,4,Severe,28,51,25,None,No,Interview
226,Dhaka,Local Bus,New Market–Science Lab,Weekday,Evening Peak,47,Small Business,Male,Light Rain,2-3 days/week,Staff Behavior,Helpful staff,A calm and respectful attitude from the staff made the ride easier.,Positive,2,4,2,4,3,3,4,2,2,Severe,7,32,30,None,Yes,Survey Form
227,Dhaka,Local Bus,Mirpur–Farmgate,Weekday,Evening Peak,36,Office Employee,Male,Dry,4-5 days/week,Information,No timing info,The information given by staff was helpful and saved time.,Positive,2,4,3,3,3,3,2,2,3,Severe,3,81,60,None,Yes,Interview
228,Dhaka,Local Bus,Mohakhali–Badda,Weekday,Morning Peak,23,Teacher,Female,Dry,4-5 days/week,Accessibility,Difficult boarding,Getting on and off was smoother than usual.,Positive,1,5,2,4,2,4,5,4,3,Severe,5,63,25,None,Yes,Online Form
229,Dhaka,Local Bus,Sayedabad–Kuril,Weekday,Evening Peak,53,Healthcare Worker,Prefer not to say,Light Rain,4-5 days/week,Comfort,Seat discomfort,"I expected a rough commute, but it was actually manageable.",Positive,1,4,2,3,4,3,3,2,4,High,12,78,20,Elderly support,Yes,Interview
230,Dhaka,Local Bus,Uttara–Airport,Weekday,Evening Peak,26,Freelancer,Prefer not to say,Heavy Rain,Occasional,Availability,No seat available,"During office time, availability is still poor. Demand is clearly higher than supply.",Negative,-2,2,1,4,2,4,4,2,2,Moderate,42,47,40,None,No,Survey Form
231,Dhaka,Local Bus,Mohakhali–Badda,Weekday,Evening Peak,50,Small Business,Female,Light Rain,Occasional,Safety,Reckless driving,The bus did not stop properly and passengers had to get on while it was moving slowly. That is not safe at all.,Negative,-1,2,4,1,4,2,3,3,2,Severe,51,79,50,None,No,Survey Form
232,Dhaka,Local Bus,Farmgate–Mohakhali,Weekday,Evening Peak,25,Teacher,Female,Dry,Daily,Crowding,Overcrowded bus,Bus e emon bhir chilo je neme jabar agei chinta hoye jacchilo kivabe gate porjonto jabo.,Negative,-2,1,2,4,2,2,3,3,1,Low,20,60,20,None,No,No formal complaint
233,Dhaka,Local Bus,Uttara–Airport,Weekday,Morning Peak,27,Student,Female,Dry,4-5 days/week,Safety,Unsafe boarding,"The driver handled the bus carefully today, and the ride felt safer than usual.",Positive,2,4,4,4,2,3,2,4,3,Severe,12,52,50,Traveling with child,Yes,No formal complaint
234,Dhaka,Local Bus,Azimpur–Shahbagh,Weekday,Morning Peak,21,Teacher,Female,Heavy Rain,4-5 days/week,Delay,Long waiting time,"The bus came sooner than I expected, which almost never happens during peak hour.",Positive,2,4,4,4,3,2,4,2,4,High,4,87,20,None,Yes,No formal complaint
235,Dhaka,Local Bus,Mohakhali–Badda,Weekday,Morning Peak,47,Teacher,Male,Heavy Rain,Daily,Delay,Traffic congestion,"Same problem again—long wait, slow movement, and too many unnecessary stops. Morning peak in Dhaka feels impossible sometimes.",Negative,-1,1,1,4,2,2,3,2,4,High,39,50,60,None,No,Online Form
236,Dhaka,Local Bus,Sayedabad–Kuril,Weekday,Evening Peak,60,Office Employee,Female,Dry,2-3 days/week,Safety,Reckless driving,The bus did not stop properly and passengers had to get on while it was moving slowly. That is not safe at all.,Negative,-2,1,3,1,3,2,4,3,4,Moderate,61,68,50,None,No,Online Form
237,Dhaka,Local Bus,Jatrabari–Badda,Weekday,Morning Peak,20,Healthcare Worker,Male,Dry,2-3 days/week,Availability,No seat available,There were far fewer buses than the number of waiting passengers. The line just kept getting longer.,Negative,-1,2,1,2,4,4,2,2,3,Moderate,41,79,15,None,No,Interview
238,Dhaka,Local Bus,Farmgate–Mohakhali,Weekday,Morning Peak,41,Office Employee,Prefer not to say,Dry,2-3 days/week,Cleanliness,Dirty seats,"I do not expect luxury, but at least the bus should be clean enough to sit comfortably.",Negative,-1,1,3,2,1,4,4,2,4,High,60,67,40,None,No,Survey Form
239,Dhaka,Local Bus,Sayedabad–Kuril,Weekday,Morning Peak,21,Factory Worker,Prefer not to say,Dry,4-5 days/week,Delay,Traffic congestion,"I was standing at Farmgate for almost 31 minutes and still no bus came on time. For a weekday peak hour, this is exhausting.",Negative,-1,1,1,3,4,3,4,3,4,High,63,102,50,None,No,No formal complaint
240,Dhaka,Local Bus,Mohakhali–Badda,Weekday,Evening Peak,21,Job Seeker,Female,Dry,Daily,Information,No timing info,I could follow the stops without much confusion.,Positive,1,4,3,2,3,2,3,2,4,Moderate,4,93,45,None,Yes,Survey Form
241,Dhaka,Local Bus,Mirpur–Farmgate,Weekday,Evening Peak,41,Driver,Prefer not to say,Light Rain,Daily,Comfort,Seat discomfort,Ventilation was decent and the trip was less tiring today.,Positive,1,4,4,2,2,3,3,3,4,Low,8,95,25,Wheelchair access,Yes,Interview
242,Dhaka,Local Bus,Gulistan–Farmgate,Weekday,Evening Peak,28,Factory Worker,Female,Dry,4-5 days/week,Staff Behavior,Rude helper,Communication from the conductor was average today.,Neutral,0,3,4,4,3,2,4,3,4,Low,16,97,50,None,Maybe,Interview
243,Dhaka,Local Bus,Jatrabari–Gulistan,Weekday,Evening Peak,25,Banker,Male,Dry,Occasional,Safety,Unsafe boarding,"The driver handled the bus carefully today, and the ride felt safer than usual.",Positive,2,4,4,4,4,2,3,2,3,Moderate,5,37,45,None,Yes,Survey Form
244,Dhaka,Local Bus,Motijheel–Rampura,Weekday,Evening Peak,22,Driver,Prefer not to say,Dry,Occasional,Cost,Extra charge,The fare is not the only issue—the unclear way they collect it creates arguments almost every day.,Negative,-2,1,3,2,2,1,2,2,2,High,23,81,30,Elderly support,No,Survey Form
245,Dhaka,Local Bus,Uttara–Airport,Weekday,Evening Peak,33,Homemaker,Male,Dry,Occasional,Staff Behavior,Poor communication,"The staff were not especially helpful, but they were not very rude either.",Neutral,0,3,3,4,3,2,4,2,4,Moderate,9,59,15,None,Maybe,Interview
246,Dhaka,Local Bus,Gulistan–Farmgate,Weekday,Morning Peak,54,Student,Prefer not to say,Dry,Occasional,Crowding,Door blocked,"I had to stand for part of the journey, though it was manageable.",Neutral,0,3,4,3,2,2,3,4,2,Moderate,11,35,50,None,Maybe,Survey Form
247,Dhaka,Local Bus,Jatrabari–Gulistan,Weekday,Evening Peak,34,Small Business,Female,Dry,Occasional,Availability,No seat available,"If you miss one local bus on this route, you may have to wait a long time for the next one.",Negative,-2,1,1,4,4,2,4,1,2,High,56,45,35,None,No,Survey Form
248,Dhaka,Local Bus,Mohakhali–Badda,Weekday,Morning Peak,24,Small Business,Male,Light Rain,4-5 days/week,Crowding,Door blocked,"There was pressure inside the bus, but not severe.",Neutral,0,3,3,4,3,3,3,3,3,Moderate,10,79,15,None,Maybe,Online Form
249,Dhaka,Local Bus,Mirpur–Shahbagh,Weekday,Evening Peak,45,Homemaker,Male,Dry,Daily,Cleanliness,Litter inside,Bus ta onek nongra chilo. Gari te uthar por thekei uncomfortable lagchilo.,Negative,-1,2,2,2,2,4,3,2,4,Severe,18,46,30,None,No,Survey Form
250,Dhaka,Local Bus,New Market–Science Lab,Weekday,Evening Peak,35,Shopkeeper,Prefer not to say,Dry,Daily,Safety,Reckless driving,"Nothing serious happened, but the route still feels a little risky during rush hour.",Neutral,0,3,4,3,4,3,4,4,4,High,9,94,15,Elderly support,Maybe,No formal complaint
251,Dhaka,Local Bus,Uttara–Airport,Weekday,Evening Peak,40,Small Business,Prefer not to say,Light Rain,2-3 days/week,Cleanliness,Litter inside,"The inside of the bus was dusty, the seats were dirty, and there was a bad smell the whole way.",Negative,-1,1,2,4,1,2,2,4,2,Severe,24,77,15,None,No,Interview
252,Dhaka,Local Bus,Azimpur–Shahbagh,Weekday,Evening Peak,32,Shopkeeper,Female,Dry,Daily,Availability,Route shortage,"During office time, availability is still poor. Demand is clearly higher than supply.",Negative,-2,1,1,2,4,4,2,1,4,High,32,62,30,None,No,Interview
253,Dhaka,Local Bus,Mohakhali–Badda,Weekday,Morning Peak,38,Office Employee,Prefer not to say,Light Rain,Daily,Information,No route info,Clear route and stop information would save passengers a lot of confusion.,Negative,-1,2,2,2,2,2,4,3,2,Severe,29,80,20,None,No,Interview
254,Dhaka,Local Bus,Mirpur–Farmgate,Weekday,Morning Peak,26,Student,Female,Dry,Daily,Availability,Too few buses,"A bus came after some waiting, so availability was average today.",Neutral,0,3,3,2,3,3,2,3,2,Severe,15,58,25,Wheelchair access,Maybe,No formal complaint
255,Dhaka,Local Bus,Motijheel–Rampura,Weekday,Morning Peak,34,Banker,Male,Light Rain,4-5 days/week,Cleanliness,Bad odor,"The vehicle looked poorly maintained, and it made an already tiring trip feel worse.",Negative,-1,2,4,2,2,3,4,3,3,Moderate,25,58,20,None,No,No formal complaint
256,Dhaka,Local Bus,Farmgate–Mohakhali,Weekday,Evening Peak,39,Factory Worker,Female,Light Rain,4-5 days/week,Cleanliness,Litter inside,"The bus was cleaner than I expected, and the seating area was in decent shape.",Positive,1,4,3,2,4,4,2,4,2,High,6,80,45,Traveling with child,Yes,Interview
257,Dhaka,Local Bus,New Market–Science Lab,Weekday,Evening Peak,19,Shopkeeper,Male,Dry,4-5 days/week,Information,Wrong stop info,Even a small sign or proper announcement could have made this trip easier.,Negative,-2,1,1,3,4,2,3,3,4,Severe,19,38,15,None,No,Online Form
258,Dhaka,Local Bus,Jatrabari–Gulistan,Weekday,Evening Peak,21,Small Business,Male,Dry,Occasional,Accessibility,Weak disability access,Getting on and off was smoother than usual.,Positive,1,5,2,2,2,3,5,2,4,High,7,76,40,None,Yes,Online Form
259,Dhaka,Local Bus,Sayedabad–Kuril,Weekday,Morning Peak,48,Homemaker,Prefer not to say,Dry,Daily,Safety,Harassment concern,I felt comparatively secure throughout the journey.,Positive,2,4,2,4,2,3,4,4,3,Moderate,8,50,25,None,Yes,No formal complaint
260,Dhaka,Local Bus,Sayedabad–Kuril,Weekday,Morning Peak,34,Teacher,Prefer not to say,Dry,Occasional,Information,Poor signage,Even a small sign or proper announcement could have made this trip easier.,Negative,-1,2,1,4,4,2,2,4,3,Severe,46,61,45,None,No,Interview
261,Dhaka,Local Bus,Sayedabad–Kuril,Weekday,Evening Peak,31,Banker,Male,Dry,2-3 days/week,Accessibility,Weak disability access,The bus doors were crowded and there was no support for people who need extra time to board.,Negative,-2,2,4,3,2,2,2,4,2,Severe,33,61,15,None,No,No formal complaint
262,Dhaka,Local Bus,Motijheel–Rampura,Weekday,Evening Peak,29,Freelancer,Male,Dry,Daily,Crowding,Overcrowded bus,"The bus was crowded, but that is normal during peak time.",Neutral,0,3,4,4,4,4,2,2,3,Severe,13,94,20,None,Maybe,No formal complaint
263,Dhaka,Local Bus,Gulistan–Farmgate,Weekday,Morning Peak,21,Driver,Prefer not to say,Dry,2-3 days/week,Staff Behavior,Aggressive conductor,A calm and respectful attitude from the staff made the ride easier.,Positive,2,5,4,2,2,2,2,2,4,Severe,10,42,40,Elderly support,Yes,Online Form
264,Dhaka,Local Bus,Mirpur–Farmgate,Weekday,Morning Peak,47,Driver,Male,Dry,Daily,Cleanliness,Litter inside,Bus ta onek nongra chilo. Gari te uthar por thekei uncomfortable lagchilo.,Negative,-1,1,2,4,1,3,3,2,2,High,39,30,15,None,No,Online Form
265,Dhaka,Local Bus,Farmgate–Mohakhali,Weekday,Morning Peak,58,Factory Worker,Female,Light Rain,Occasional,Accessibility,Poor stop access,The bus stopped properly and boarding was easier today.,Positive,2,5,2,3,3,2,5,3,2,Severe,6,73,40,None,Yes,Survey Form
266,Dhaka,Local Bus,Farmgate–Mohakhali,Weekday,Morning Peak,42,Student,Male,Dry,Occasional,Accessibility,Difficult boarding,The bus doors were crowded and there was no support for people who need extra time to board.,Negative,-2,1,4,2,3,3,1,2,2,High,34,103,50,Elderly support,No,Interview
267,Dhaka,Local Bus,Azimpur–Shahbagh,Weekday,Evening Peak,34,Healthcare Worker,Prefer not to say,Light Rain,2-3 days/week,Availability,No seat available,There seemed to be more buses on the road than usual.,Positive,2,4,4,4,3,2,3,4,2,Moderate,6,52,25,None,Yes,Online Form
268,Dhaka,Local Bus,Motijheel–Rampura,Weekday,Morning Peak,53,Factory Worker,Prefer not to say,Dry,Occasional,Delay,Late departure,"There was some waiting time, though it was still manageable.",Neutral,0,3,2,2,4,4,3,4,3,Moderate,17,51,60,None,Maybe,Online Form
269,Dhaka,Local Bus,Gulistan–Farmgate,Weekday,Evening Peak,44,Healthcare Worker,Female,Light Rain,4-5 days/week,Staff Behavior,Aggressive conductor,Communication from the conductor was average today.,Neutral,0,3,2,3,2,2,3,4,3,High,13,97,45,None,Maybe,Survey Form
270,Dhaka,Local Bus,Farmgate–Mohakhali,Weekday,Evening Peak,47,Homemaker,Male,Dry,Occasional,Availability,Too few buses,"I expected more buses on Farmgate–Mohakhali, but service frequency was disappointing today.",Negative,-1,1,1,4,4,3,2,1,2,Severe,22,30,30,None,No,No formal complaint
271,Dhaka,Local Bus,Gulistan–Farmgate,Weekday,Morning Peak,18,Banker,Prefer not to say,Dry,Occasional,Cleanliness,Dirty seats,"I do not expect luxury, but at least the bus should be clean enough to sit comfortably.",Negative,-1,2,3,3,2,4,3,4,3,Moderate,21,83,50,Elderly support,No,No formal complaint
272,Dhaka,Local Bus,Uttara–Airport,Weekday,Morning Peak,40,Driver,Prefer not to say,Dry,2-3 days/week,Accessibility,Poor stop access,"The footpath near the stop was crowded and broken, so reaching the bus safely was not easy.",Negative,-1,1,4,4,4,3,1,4,3,High,54,54,40,None,No,Interview
273,Dhaka,Local Bus,Jatrabari–Gulistan,Weekday,Evening Peak,46,Shopkeeper,Male,Dry,Occasional,Cleanliness,Bad odor,"For daily commuting, the cleanliness is really below standard. The floor was messy and the windows looked untouched.",Negative,-2,2,3,3,2,3,2,2,4,Severe,18,80,15,None,No,No formal complaint
274,Dhaka,Local Bus,Mirpur–Shahbagh,Weekday,Morning Peak,20,Homemaker,Prefer not to say,Heavy Rain,Occasional,Crowding,Standing entire trip,Bus e emon bhir chilo je neme jabar agei chinta hoye jacchilo kivabe gate porjonto jabo.,Negative,-2,2,2,2,3,2,3,4,2,Severe,28,98,15,None,No,Online Form
275,Dhaka,Local Bus,Jatrabari–Badda,Weekday,Evening Peak,21,Healthcare Worker,Prefer not to say,Dry,Daily,Cost,Unclear fare,"If the service stays like this, the fare should not keep increasing.",Negative,-1,2,4,4,2,1,2,4,4,Severe,53,65,40,None,No,Interview
276,Dhaka,Local Bus,Mohakhali–Badda,Weekday,Morning Peak,53,Healthcare Worker,Male,Dry,2-3 days/week,Safety,Harassment concern,The bus was so packed that I kept worrying about my phone and wallet the whole trip.,Negative,-1,1,4,1,2,4,2,2,4,High,61,31,35,None,No,Survey Form
277,Dhaka,Local Bus,Mohakhali–Badda,Weekday,Morning Peak,49,Office Employee,Female,Heavy Rain,Daily,Comfort,Hot interior,"Between heat, noise, and crowding, this felt like a very draining commute.",Negative,-2,2,2,2,2,2,2,3,2,High,48,77,45,None,No,Survey Form
278,Dhaka,Local Bus,Farmgate–Mohakhali,Weekday,Morning Peak,33,Homemaker,Prefer not to say,Heavy Rain,Occasional,Availability,Too few buses,"I found a bus fairly quickly, even during the rush.",Positive,1,5,5,3,3,3,4,5,2,Severe,12,66,50,Wheelchair access,Yes,Survey Form
279,Dhaka,Local Bus,Gulistan–Farmgate,Weekday,Morning Peak,45,Student,Prefer not to say,Dry,4-5 days/week,Comfort,Too noisy,"Peak hour e local bus e comfort expect kora jay na, but ajke situation aro kharap chilo.",Negative,-1,2,4,3,4,2,3,3,2,High,19,31,35,None,No,Survey Form
280,Dhaka,Local Bus,Motijheel–Rampura,Weekday,Morning Peak,52,Driver,Female,Dry,2-3 days/week,Availability,Route shortage,There were far fewer buses than the number of waiting passengers. The line just kept getting longer.,Negative,-2,2,2,4,3,2,2,2,2,Severe,58,103,45,None,No,Survey Form
281,Dhaka,Local Bus,Farmgate–Mohakhali,Weekday,Evening Peak,52,Teacher,Female,Dry,2-3 days/week,Cleanliness,Bad odor,"The inside looked used and worn, but not worse than usual.",Neutral,0,3,4,2,3,2,2,3,4,Moderate,14,103,25,None,Maybe,Online Form
282,Dhaka,Local Bus,Jatrabari–Badda,Weekday,Evening Peak,58,Factory Worker,Male,Light Rain,Daily,Safety,Pickpocket risk,"Boarding was more orderly today, which made the trip feel safer.",Positive,1,5,2,5,3,3,2,2,2,Moderate,7,97,20,None,Yes,No formal complaint
283,Dhaka,Local Bus,Mirpur–Shahbagh,Weekday,Morning Peak,47,Office Employee,Prefer not to say,Dry,2-3 days/week,Delay,Long waiting time,Travel time was reasonable today and the service felt more reliable than usual.,Positive,1,5,4,2,2,4,2,2,2,High,9,30,30,None,Yes,Survey Form
284,Dhaka,Local Bus,New Market–Science Lab,Weekday,Evening Peak,31,Student,Female,Dry,2-3 days/week,Staff Behavior,Poor communication,Helper er kotha bolar dhoron bhalo chilo na. Choto proshno korleo kharap bhabe jawab dicchilo.,Negative,-2,2,4,2,3,4,3,4,2,High,29,65,20,None,No,Online Form
285,Dhaka,Local Bus,Jatrabari–Badda,Weekday,Morning Peak,50,Homemaker,Female,Light Rain,4-5 days/week,Staff Behavior,Rude helper,Staff behavior made the whole ride more unpleasant than it needed to be.,Negative,-2,2,2,2,3,2,2,4,2,Severe,48,92,30,None,No,Interview
286,Dhaka,Local Bus,Farmgate–Mohakhali,Weekday,Evening Peak,57,Freelancer,Male,Dry,Daily,Cost,High fare,"Vara ta service er sathe match kore na. Joto taka dei, toto quality pai na.",Negative,-2,2,2,3,4,2,4,3,2,High,53,96,50,None,No,No formal complaint
287,Dhaka,Local Bus,Sayedabad–Kuril,Weekday,Morning Peak,41,Teacher,Male,Heavy Rain,Occasional,Information,No timing info,There was no clear information about where the bus would stop or how long the delay would be.,Negative,-1,1,1,4,2,2,2,4,4,High,36,62,60,None,No,Survey Form
288,Dhaka,Local Bus,Sayedabad–Kuril,Weekday,Morning Peak,56,Homemaker,Prefer not to say,Dry,2-3 days/week,Information,Wrong stop info,There was no clear information about where the bus would stop or how long the delay would be.,Negative,-1,1,1,4,3,2,3,4,2,Severe,18,76,25,None,No,Survey Form
289,Dhaka,Local Bus,Azimpur–Shahbagh,Weekday,Evening Peak,22,Driver,Male,Dry,2-3 days/week,Cost,Unclear fare,I paid more than usual today and there was no proper explanation from the conductor.,Negative,-1,1,4,3,4,1,4,2,4,High,31,33,15,None,No,Interview
290,Dhaka,Local Bus,Gulistan–Farmgate,Weekday,Morning Peak,56,Driver,Female,Dry,Daily,Crowding,Overcrowded bus,"There was pressure inside the bus, but not severe.",Neutral,0,3,4,4,4,4,4,2,3,High,19,31,40,None,Maybe,Online Form
291,Dhaka,Local Bus,Jatrabari–Badda,Weekday,Evening Peak,42,Driver,Male,Dry,2-3 days/week,Crowding,Door blocked,I could stand comfortably enough without being pushed around too much.,Positive,2,5,3,2,3,3,4,4,4,High,5,47,45,None,Yes,No formal complaint
292,Dhaka,Local Bus,Farmgate–Mohakhali,Weekday,Evening Peak,55,Small Business,Female,Light Rain,Occasional,Accessibility,No elderly support,Accessibility was average; it could be better for elderly passengers.,Neutral,0,3,4,4,4,4,3,4,3,High,18,52,35,None,Maybe,Online Form
293,Dhaka,Local Bus,Sayedabad–Kuril,Weekday,Evening Peak,36,Factory Worker,Female,Dry,2-3 days/week,Staff Behavior,Poor communication,Communication from the conductor was average today.,Neutral,0,3,4,4,4,2,3,4,4,High,16,86,50,Elderly support,Maybe,No formal complaint
294,Dhaka,Local Bus,Jatrabari–Gulistan,Weekday,Morning Peak,42,Factory Worker,Female,Dry,4-5 days/week,Delay,Late departure,"From Jatrabari–Gulistan, the delay was frustrating. I left early but still got late because the bus service was irregular.",Negative,-2,1,1,4,3,4,2,2,4,Severe,29,44,60,None,No,No formal complaint
295,Dhaka,Local Bus,Mirpur–Shahbagh,Weekday,Morning Peak,52,Office Employee,Prefer not to say,Dry,4-5 days/week,Cost,Fair fare,"The fare felt acceptable, though service quality could still improve.",Neutral,0,3,3,4,4,3,4,3,3,Moderate,11,57,20,None,Maybe,Interview
296,Dhaka,Local Bus,Mirpur–Farmgate,Weekday,Morning Peak,21,Small Business,Female,Dry,Occasional,Cleanliness,Dirty seats,"I do not expect luxury, but at least the bus should be clean enough to sit comfortably.",Negative,-2,2,4,4,2,3,3,2,4,High,27,38,30,None,No,Survey Form
297,Dhaka,Local Bus,Motijheel–Rampura,Weekday,Evening Peak,44,Driver,Female,Light Rain,2-3 days/week,Staff Behavior,Poor communication,The conductor kept shouting instead of answering simple fare questions calmly.,Negative,-1,1,2,2,2,2,3,3,4,Severe,62,34,30,None,No,Survey Form
298,Dhaka,Local Bus,Azimpur–Shahbagh,Weekday,Morning Peak,32,Student,Female,Light Rain,Daily,Cleanliness,Dirty seats,"For a local bus, the condition was actually acceptable today.",Positive,1,5,2,4,5,2,4,3,3,High,9,48,30,None,Yes,Online Form
299,Dhaka,Local Bus,New Market–Science Lab,Weekday,Morning Peak,40,Banker,Prefer not to say,Heavy Rain,2-3 days/week,Availability,Too few buses,"I found a bus fairly quickly, even during the rush.",Positive,1,5,5,3,4,2,4,4,4,High,6,101,25,None,Yes,No formal complaint
300,Dhaka,Local Bus,New Market–Science Lab,Weekday,Evening Peak,33,Office Employee,Female,Dry,Occasional,Cleanliness,Poor maintenance,"The inside looked used and worn, but not worse than usual.",Neutral,0,3,2,4,2,2,2,3,2,Moderate,17,58,45,Traveling with child,Maybe,Survey Form
301,Dhaka,Local Bus,Sayedabad–Kuril,Weekday,Morning Peak,41,Healthcare Worker,Male,Light Rain,Daily,Cost,High fare,I would say the cost was average for this route.,Neutral,0,3,4,2,2,3,3,2,2,High,9,89,60,None,Maybe,Online Form
302,Dhaka,Local Bus,Mohakhali–Badda,Weekday,Evening Peak,33,Student,Male,Dry,4-5 days/week,Crowding,Queue too long,"The bus was crowded, but that is normal during peak time.",Neutral,0,3,3,4,2,4,2,3,3,Severe,11,49,35,None,Maybe,No formal complaint
303,Dhaka,Local Bus,Jatrabari–Badda,Weekday,Evening Peak,22,Student,Prefer not to say,Heavy Rain,2-3 days/week,Accessibility,Difficult boarding,"The stop area was busy, though still usable.",Neutral,0,3,3,3,3,2,3,3,2,Severe,19,92,15,None,Maybe,Online Form
304,Dhaka,Local Bus,Jatrabari–Gulistan,Weekday,Morning Peak,47,Teacher,Male,Dry,Occasional,Staff Behavior,Poor communication,The conductor kept shouting instead of answering simple fare questions calmly.,Negative,-1,1,4,4,2,4,2,3,3,Severe,59,47,60,Elderly support,No,Online Form
305,Dhaka,Local Bus,Uttara–Airport,Weekday,Evening Peak,35,Shopkeeper,Female,Dry,2-3 days/week,Cleanliness,Poor maintenance,"The inside looked used and worn, but not worse than usual.",Neutral,0,3,2,2,3,4,2,4,3,Moderate,17,105,20,None,Maybe,Survey Form
306,Dhaka,Local Bus,Jatrabari–Gulistan,Weekday,Evening Peak,48,Driver,Female,Dry,2-3 days/week,Accessibility,No elderly support,The bus stopped properly and boarding was easier today.,Positive,1,4,3,3,4,3,4,3,3,High,12,78,45,None,Yes,Online Form
307,Dhaka,Local Bus,New Market–Science Lab,Weekday,Morning Peak,20,Office Employee,Female,Dry,Daily,Accessibility,No elderly support,"The stop area was busy, though still usable.",Neutral,0,3,3,3,3,4,3,3,2,High,9,30,15,Wheelchair access,Maybe,Interview
308,Dhaka,Local Bus,New Market–Science Lab,Weekday,Evening Peak,22,Shopkeeper,Male,Light Rain,4-5 days/week,Delay,Irregular service,"The bus was a bit late today, but not unusually late for a weekday in Dhaka.",Neutral,0,3,3,2,4,4,4,4,3,Moderate,8,67,20,None,Maybe,No formal complaint
309,Dhaka,Local Bus,Mirpur–Farmgate,Weekday,Evening Peak,18,Healthcare Worker,Prefer not to say,Dry,Daily,Crowding,Standing entire trip,"The bus was crowded, but that is normal during peak time.",Neutral,0,3,3,3,2,2,3,2,3,High,8,101,30,Elderly support,Maybe,Survey Form
310,Dhaka,Local Bus,New Market–Science Lab,Weekday,Morning Peak,57,Teacher,Prefer not to say,Dry,4-5 days/week,Availability,No seat available,"I expected more buses on New Market–Science Lab, but service frequency was disappointing today.",Negative,-2,1,1,3,2,3,2,1,4,High,44,70,15,None,No,No formal complaint
311,Dhaka,Local Bus,Farmgate–Mohakhali,Weekday,Evening Peak,45,Freelancer,Female,Light Rain,2-3 days/week,Cleanliness,Dirty seats,Bus ta onek nongra chilo. Gari te uthar por thekei uncomfortable lagchilo.,Negative,-2,2,2,4,2,4,4,2,4,Severe,65,54,15,None,No,Online Form
312,Dhaka,Local Bus,New Market–Science Lab,Weekday,Evening Peak,49,Teacher,Female,Heavy Rain,2-3 days/week,Cleanliness,Bad odor,"The bus was not very clean, but it was acceptable for a regular local bus trip.",Neutral,0,3,4,2,3,4,2,4,4,High,8,91,15,None,Maybe,No formal complaint
313,Dhaka,Local Bus,Mirpur–Farmgate,Weekday,Evening Peak,53,Office Employee,Female,Light Rain,2-3 days/week,Comfort,Poor ventilation,"The ride was jerky, noisy, and uncomfortable, especially while standing.",Negative,-1,2,4,3,2,3,4,2,2,High,56,40,30,None,No,Online Form
314,Dhaka,Local Bus,Motijheel–Rampura,Weekday,Evening Peak,29,Shopkeeper,Male,Light Rain,Daily,Safety,Unsafe boarding,"People were pushing near the gate while boarding, and it felt risky, especially for women and older passengers.",Negative,-2,2,4,2,4,3,3,4,4,High,24,57,50,None,No,No formal complaint
315,Dhaka,Local Bus,Jatrabari–Gulistan,Weekday,Morning Peak,50,Student,Prefer not to say,Dry,2-3 days/week,Accessibility,Weak disability access,The bus stopped properly and boarding was easier today.,Positive,1,4,2,2,3,3,3,3,4,Moderate,10,46,35,None,Yes,Interview
316,Dhaka,Local Bus,Gulistan–Farmgate,Weekday,Morning Peak,18,Office Employee,Male,Dry,4-5 days/week,Availability,Long headway,Availability was better today and I did not have to wait too long.,Positive,2,4,4,3,3,3,3,3,3,High,11,90,60,None,Yes,Online Form
317,Dhaka,Local Bus,Azimpur–Shahbagh,Weekday,Evening Peak,50,Job Seeker,Prefer not to say,Dry,2-3 days/week,Availability,Long headway,"Peak time e bus kom thake, tai sobai ekta bus er upor chap pore jay.",Negative,-2,2,2,4,2,4,3,1,3,Moderate,36,98,40,None,No,Interview
318,Dhaka,Local Bus,New Market–Science Lab,Weekday,Morning Peak,32,Small Business,Female,Light Rain,4-5 days/week,Delay,Irregular service,"Traffic slowed the trip, but overall it was average.",Neutral,0,3,3,3,3,3,4,3,3,High,15,104,40,None,Maybe,Online Form
319,Dhaka,Local Bus,Farmgate–Mohakhali,Weekday,Evening Peak,53,Homemaker,Prefer not to say,Dry,4-5 days/week,Comfort,Hot interior,"The ride was jerky, noisy, and uncomfortable, especially while standing.",Negative,-2,2,3,4,2,3,2,2,2,Severe,48,69,20,Wheelchair access,No,Survey Form
320,Dhaka,Local Bus,Mirpur–Farmgate,Weekday,Morning Peak,18,Student,Male,Dry,Daily,Cleanliness,Dirty seats,"For a local bus, the condition was actually acceptable today.",Positive,2,4,3,2,4,3,2,4,4,Moderate,6,92,30,None,Yes,Online Form
321,Dhaka,Local Bus,Sayedabad–Kuril,Weekday,Evening Peak,37,Teacher,Female,Dry,Occasional,Availability,Long headway,There seemed to be more buses on the road than usual.,Positive,2,5,5,4,2,2,4,5,4,Severe,10,58,30,None,Yes,Interview
322,Dhaka,Local Bus,New Market–Science Lab,Weekday,Morning Peak,39,Job Seeker,Female,Dry,4-5 days/week,Accessibility,No elderly support,"The stop area was busy, though still usable.",Neutral,0,3,4,2,3,2,2,4,4,Moderate,20,37,40,None,Maybe,Interview
323,Dhaka,Local Bus,Jatrabari–Gulistan,Weekday,Evening Peak,57,Shopkeeper,Prefer not to say,Light Rain,Occasional,Availability,Too few buses,"Peak time e bus kom thake, tai sobai ekta bus er upor chap pore jay.",Negative,-2,2,2,2,3,3,2,1,3,High,42,91,40,None,No,Online Form
324,Dhaka,Local Bus,Gulistan–Farmgate,Weekday,Evening Peak,32,Healthcare Worker,Prefer not to say,Dry,4-5 days/week,Safety,Reckless driving,Rush hour e safety niye onek tension lage. Driver o helper duijon e khub aggressive chilo.,Negative,-2,2,3,2,4,2,4,2,2,Moderate,20,36,25,None,No,Survey Form
325,Dhaka,Local Bus,Jatrabari–Gulistan,Weekday,Evening Peak,46,Factory Worker,Male,Light Rain,Occasional,Comfort,Poor ventilation,The seat condition was poor and there was no real comfort during the trip.,Negative,-1,2,2,4,3,3,2,4,1,Severe,56,59,25,Elderly support,No,No formal complaint
326,Dhaka,Local Bus,Mohakhali–Badda,Weekday,Morning Peak,35,Job Seeker,Female,Dry,Occasional,Staff Behavior,Poor communication,The helper was rude when passengers asked whether the bus would stop at the next point.,Negative,-1,1,4,4,2,3,4,2,4,Moderate,24,61,45,None,No,Survey Form
327,Dhaka,Local Bus,New Market–Science Lab,Weekday,Morning Peak,53,Healthcare Worker,Male,Light Rain,2-3 days/week,Information,No route info,There was no clear information about where the bus would stop or how long the delay would be.,Negative,-1,2,2,2,3,4,3,3,2,Severe,42,79,35,Traveling with child,No,Survey Form
328,Dhaka,Local Bus,Jatrabari–Gulistan,Weekday,Evening Peak,29,Small Business,Male,Dry,4-5 days/week,Cost,Extra charge,"Vara ta service er sathe match kore na. Joto taka dei, toto quality pai na.",Negative,-1,1,4,4,3,1,4,3,4,Moderate,18,99,20,Traveling with child,No,No formal complaint
329,Dhaka,Local Bus,Sayedabad–Kuril,Weekday,Evening Peak,48,Freelancer,Female,Heavy Rain,Daily,Accessibility,Difficult boarding,"The stop access felt manageable, even during the busy hour.",Positive,2,5,3,4,3,2,5,4,3,High,6,92,60,Elderly support,Yes,Survey Form
330,Dhaka,Local Bus,Mirpur–Farmgate,Weekday,Morning Peak,57,Teacher,Female,Dry,Occasional,Cleanliness,Bad odor,"The bus was cleaner than I expected, and the seating area was in decent shape.",Positive,2,4,2,3,4,3,4,2,2,Severe,8,85,50,None,Yes,Survey Form
331,Dhaka,Local Bus,Gulistan–Farmgate,Weekday,Morning Peak,37,Homemaker,Prefer not to say,Light Rain,Daily,Accessibility,No elderly support,Getting on and off was smoother than usual.,Positive,2,4,2,2,2,4,4,4,4,High,5,85,35,None,Yes,Interview
332,Dhaka,Local Bus,Motijheel–Rampura,Weekday,Evening Peak,39,Small Business,Prefer not to say,Heavy Rain,2-3 days/week,Information,No timing info,"I got enough information after asking around, though it was not very clear at first.",Neutral,0,3,3,4,2,4,3,4,3,Moderate,15,91,45,None,Maybe,Interview
333,Dhaka,Local Bus,Sayedabad–Kuril,Weekday,Morning Peak,28,Job Seeker,Male,Light Rain,4-5 days/week,Availability,Long headway,"There were buses on the route, but not enough to reduce waiting fully.",Neutral,0,3,2,4,3,2,3,3,2,Severe,16,104,40,None,Maybe,Survey Form
334,Dhaka,Local Bus,Mirpur–Farmgate,Weekday,Evening Peak,37,Healthcare Worker,Male,Dry,2-3 days/week,Staff Behavior,Helpful staff,Staff behavior made the whole ride more unpleasant than it needed to be.,Negative,-2,2,4,4,4,2,3,3,4,High,29,60,50,None,No,Online Form
335,Dhaka,Local Bus,Jatrabari–Badda,Weekday,Evening Peak,19,Shopkeeper,Male,Dry,Daily,Accessibility,No elderly support,The bus doors were crowded and there was no support for people who need extra time to board.,Negative,-1,1,3,4,2,4,1,2,4,High,22,54,45,None,No,No formal complaint
336,Dhaka,Local Bus,Mohakhali–Badda,Weekday,Evening Peak,42,Driver,Female,Dry,4-5 days/week,Information,No timing info,"I got enough information after asking around, though it was not very clear at first.",Neutral,0,3,2,4,4,4,2,3,2,Severe,14,82,20,Traveling with child,Maybe,Online Form
337,Dhaka,Local Bus,Jatrabari–Badda,Weekday,Morning Peak,29,Homemaker,Prefer not to say,Dry,4-5 days/week,Cost,Extra charge,The fare felt too high considering how crowded and uncomfortable the ride was.,Negative,-2,1,2,4,3,1,3,3,3,High,21,97,50,Elderly support,No,Survey Form
338,Dhaka,Local Bus,Mirpur–Shahbagh,Weekday,Morning Peak,60,Factory Worker,Female,Dry,Daily,Comfort,Seat discomfort,"The ride was tiring, but about what I normally expect from a local bus.",Neutral,0,3,2,2,4,3,4,2,3,Moderate,8,89,50,None,Maybe,Interview
339,Dhaka,Local Bus,Gulistan–Farmgate,Weekday,Evening Peak,60,Factory Worker,Male,Dry,2-3 days/week,Safety,Harassment concern,I felt comparatively secure throughout the journey.,Positive,1,4,4,4,3,3,3,3,4,High,11,76,25,None,Yes,Interview
340,Dhaka,Local Bus,Farmgate–Mohakhali,Weekday,Evening Peak,39,Driver,Female,Dry,2-3 days/week,Staff Behavior,Poor communication,Staff behavior made the whole ride more unpleasant than it needed to be.,Negative,-1,1,4,2,3,2,3,2,2,High,58,42,60,None,No,No formal complaint
341,Dhaka,Local Bus,Mirpur–Farmgate,Weekday,Morning Peak,24,Banker,Male,Dry,Occasional,Safety,Pickpocket risk,Rush hour e safety niye onek tension lage. Driver o helper duijon e khub aggressive chilo.,Negative,-1,1,3,1,4,4,4,4,2,High,61,73,30,Traveling with child,No,Online Form
342,Dhaka,Local Bus,Gulistan–Farmgate,Weekday,Morning Peak,29,Shopkeeper,Male,Dry,Daily,Availability,Too few buses,There seemed to be more buses on the road than usual.,Positive,1,4,3,2,3,3,4,3,2,High,11,79,25,None,Yes,Interview
343,Dhaka,Local Bus,Mirpur–Farmgate,Weekday,Evening Peak,53,Student,Female,Dry,4-5 days/week,Cleanliness,Litter inside,"I do not expect luxury, but at least the bus should be clean enough to sit comfortably.",Negative,-1,1,4,4,1,3,3,4,2,Moderate,22,90,30,None,No,Online Form
344,Dhaka,Local Bus,Azimpur–Shahbagh,Weekday,Morning Peak,23,Teacher,Male,Light Rain,Daily,Crowding,Standing entire trip,Crowding was less intense than I expected today.,Positive,1,5,3,4,4,2,2,3,5,Severe,9,78,35,Traveling with child,Yes,No formal complaint
345,Dhaka,Local Bus,Gulistan–Farmgate,Weekday,Evening Peak,24,Homemaker,Male,Dry,Occasional,Staff Behavior,Poor communication,Staff behavior was okay overall.,Neutral,0,3,4,2,2,2,4,2,3,Severe,19,62,50,None,Maybe,Interview
346,Dhaka,Local Bus,Azimpur–Shahbagh,Weekday,Evening Peak,43,Job Seeker,Female,Heavy Rain,Occasional,Safety,Pickpocket risk,"Nothing serious happened, but the route still feels a little risky during rush hour.",Neutral,0,3,4,3,4,2,3,4,3,Severe,16,85,45,None,Maybe,Online Form
347,Dhaka,Local Bus,Uttara–Airport,Weekday,Morning Peak,50,Office Employee,Prefer not to say,Heavy Rain,Daily,Safety,Pickpocket risk,The driver was braking so hard that everyone almost fell forward. I honestly did not feel safe.,Negative,-2,1,3,1,3,2,4,3,2,High,20,47,50,None,No,Interview
348,Dhaka,Local Bus,Mirpur–Farmgate,Weekday,Evening Peak,20,Small Business,Prefer not to say,Light Rain,Daily,Staff Behavior,Helpful staff,"The staff were not especially helpful, but they were not very rude either.",Neutral,0,3,3,3,2,2,2,3,4,Severe,10,62,25,None,Maybe,Survey Form
349,Dhaka,Local Bus,Sayedabad–Kuril,Weekday,Morning Peak,47,Freelancer,Female,Dry,Daily,Cost,Extra charge,"It was not cheap, but not unreasonable either.",Neutral,0,3,4,3,4,2,4,2,4,Low,18,93,40,None,Maybe,Survey Form
350,Dhaka,Local Bus,Mirpur–Shahbagh,Weekday,Evening Peak,40,Small Business,Male,Heavy Rain,Daily,Availability,Route shortage,"During office time, availability is still poor. Demand is clearly higher than supply.",Negative,-2,1,1,2,2,4,3,1,3,Severe,62,84,50,None,No,Interview
351,Dhaka,Local Bus,Farmgate–Mohakhali,Weekday,Evening Peak,38,Driver,Prefer not to say,Dry,Daily,Cost,High fare,I paid more than usual today and there was no proper explanation from the conductor.,Negative,-1,2,3,4,4,2,3,2,2,Moderate,25,38,35,None,No,Online Form
352,Dhaka,Local Bus,Sayedabad–Kuril,Weekday,Morning Peak,20,Homemaker,Male,Light Rain,Occasional,Safety,Reckless driving,Rush hour e safety niye onek tension lage. Driver o helper duijon e khub aggressive chilo.,Negative,-2,2,4,1,3,4,2,3,4,Moderate,50,94,60,Elderly support,No,Survey Form
353,Dhaka,Local Bus,Jatrabari–Gulistan,Weekday,Morning Peak,33,Homemaker,Female,Dry,Occasional,Safety,Unsafe boarding,"Boarding was more orderly today, which made the trip feel safer.",Positive,2,5,3,4,4,3,4,2,3,Moderate,12,33,20,None,Yes,Online Form
354,Dhaka,Local Bus,Motijheel–Rampura,Weekday,Evening Peak,43,Shopkeeper,Female,Dry,4-5 days/week,Delay,Traffic congestion,"The bus came sooner than I expected, which almost never happens during peak hour.",Positive,2,4,4,3,4,2,2,3,3,High,12,62,20,None,Yes,Survey Form
355,Dhaka,Local Bus,Jatrabari–Gulistan,Weekday,Evening Peak,51,Freelancer,Prefer not to say,Dry,2-3 days/week,Availability,Route shortage,"A bus came after some waiting, so availability was average today.",Neutral,0,3,3,4,2,3,2,3,4,Moderate,16,40,20,Elderly support,Maybe,Survey Form
356,Dhaka,Local Bus,Gulistan–Farmgate,Weekday,Morning Peak,21,Office Employee,Prefer not to say,Light Rain,Daily,Cost,Fair fare,"The fare felt acceptable, though service quality could still improve.",Neutral,0,3,3,2,4,3,4,2,3,Severe,17,52,45,None,Maybe,Online Form
357,Dhaka,Local Bus,Mirpur–Shahbagh,Weekday,Morning Peak,53,Homemaker,Male,Dry,2-3 days/week,Cost,Fair fare,"Vara ta service er sathe match kore na. Joto taka dei, toto quality pai na.",Negative,-2,1,2,3,4,1,2,3,4,High,48,87,50,None,No,Survey Form
358,Dhaka,Local Bus,Mirpur–Farmgate,Weekday,Morning Peak,57,Healthcare Worker,Prefer not to say,Dry,4-5 days/week,Crowding,Standing entire trip,I could stand comfortably enough without being pushed around too much.,Positive,1,5,3,2,4,4,2,2,4,High,7,99,50,Wheelchair access,Yes,Interview
359,Dhaka,Local Bus,Mirpur–Shahbagh,Weekday,Morning Peak,49,Freelancer,Prefer not to say,Light Rain,Daily,Delay,Irregular service,"For once, the trip moved smoothly and I reached on time.",Positive,2,4,3,4,2,3,4,3,4,High,5,76,15,None,Yes,Survey Form
360,Dhaka,Local Bus,Uttara–Airport,Weekday,Morning Peak,23,Small Business,Male,Dry,Occasional,Comfort,Poor ventilation,"The ride was still busy, but it felt more comfortable than usual.",Positive,1,4,4,4,2,3,4,2,4,High,3,99,25,None,Yes,Survey Form
361,Dhaka,Local Bus,New Market–Science Lab,Weekday,Evening Peak,55,Factory Worker,Female,Dry,Daily,Safety,Unsafe boarding,The driver was braking so hard that everyone almost fell forward. I honestly did not feel safe.,Negative,-1,2,3,2,3,3,4,3,3,High,63,72,40,None,No,No formal complaint
362,Dhaka,Local Bus,Azimpur–Shahbagh,Weekday,Evening Peak,47,Driver,Male,Heavy Rain,Occasional,Information,Poor signage,"I got enough information after asking around, though it was not very clear at first.",Neutral,0,3,3,4,2,4,3,4,4,Moderate,16,104,20,None,Maybe,Interview
363,Dhaka,Local Bus,Mohakhali–Badda,Weekday,Morning Peak,39,Job Seeker,Male,Dry,Occasional,Accessibility,Poor stop access,"Boarding took some effort, but I managed without much trouble.",Neutral,0,3,3,2,3,3,2,2,3,High,9,38,45,None,Maybe,Interview
364,Dhaka,Local Bus,Farmgate–Mohakhali,Weekday,Evening Peak,24,Driver,Male,Heavy Rain,2-3 days/week,Staff Behavior,Poor communication,Helper er kotha bolar dhoron bhalo chilo na. Choto proshno korleo kharap bhabe jawab dicchilo.,Negative,-2,1,3,3,4,2,4,2,4,Severe,22,68,60,None,No,Survey Form
365,Dhaka,Local Bus,Jatrabari–Badda,Weekday,Morning Peak,48,Office Employee,Female,Dry,Daily,Accessibility,Difficult boarding,"The footpath near the stop was crowded and broken, so reaching the bus safely was not easy.",Negative,-2,1,4,3,3,4,1,4,3,High,42,75,25,Traveling with child,No,No formal complaint
366,Dhaka,Local Bus,Gulistan–Farmgate,Weekday,Evening Peak,25,Student,Male,Dry,Daily,Comfort,Seat discomfort,"The ride was jerky, noisy, and uncomfortable, especially while standing.",Negative,-2,2,3,3,4,3,4,3,2,Low,19,79,40,None,No,No formal complaint
367,Dhaka,Local Bus,Gulistan–Farmgate,Weekday,Morning Peak,46,Shopkeeper,Male,Light Rain,4-5 days/week,Crowding,Overcrowded bus,"Too many passengers, no personal space, and constant pushing—this should not be normal.",Negative,-1,2,4,3,4,2,2,2,2,High,50,93,50,None,No,No formal complaint
368,Dhaka,Local Bus,Gulistan–Farmgate,Weekday,Morning Peak,50,Freelancer,Male,Heavy Rain,2-3 days/week,Comfort,Hot interior,"I expected a rough commute, but it was actually manageable.",Positive,1,4,3,2,4,2,4,2,3,Severe,6,68,45,None,Yes,Survey Form
369,Dhaka,Local Bus,Jatrabari–Badda,Weekday,Evening Peak,18,Freelancer,Prefer not to say,Light Rain,2-3 days/week,Availability,Long headway,"Peak time e bus kom thake, tai sobai ekta bus er upor chap pore jay.",Negative,-1,2,2,4,3,3,3,2,3,Moderate,30,88,60,None,No,Online Form
370,Dhaka,Local Bus,Azimpur–Shahbagh,Weekday,Morning Peak,34,Homemaker,Male,Dry,2-3 days/week,Accessibility,No elderly support,This route is hard for elderly passengers. Even healthy people struggle to board during peak hours.,Negative,-1,2,3,2,2,2,2,3,3,High,26,70,50,Elderly support,No,No formal complaint
371,Dhaka,Local Bus,Motijheel–Rampura,Weekday,Evening Peak,35,Teacher,Female,Dry,Daily,Safety,Harassment concern,I felt comparatively secure throughout the journey.,Positive,1,5,4,5,2,4,3,2,4,Severe,3,78,15,None,Yes,Interview
372,Dhaka,Local Bus,Jatrabari–Gulistan,Weekday,Morning Peak,58,Healthcare Worker,Prefer not to say,Dry,Occasional,Delay,Traffic congestion,"I was standing at Farmgate for almost 40 minutes and still no bus came on time. For a weekday peak hour, this is exhausting.",Negative,-1,1,1,2,2,4,2,2,2,Moderate,49,88,40,None,No,Online Form
373,Dhaka,Local Bus,Mirpur–Farmgate,Weekday,Morning Peak,59,Job Seeker,Prefer not to say,Light Rain,4-5 days/week,Accessibility,Poor stop access,The bus doors were crowded and there was no support for people who need extra time to board.,Negative,-1,1,2,4,2,4,1,4,2,Moderate,39,96,30,None,No,No formal complaint
374,Dhaka,Local Bus,Mohakhali–Badda,Weekday,Morning Peak,28,Factory Worker,Female,Dry,2-3 days/week,Staff Behavior,Aggressive conductor,A little politeness would make a big difference for regular commuters.,Negative,-1,1,3,4,3,4,4,2,2,Severe,57,81,25,None,No,Online Form
375,Dhaka,Local Bus,Gulistan–Farmgate,Weekday,Morning Peak,34,Factory Worker,Prefer not to say,Light Rain,4-5 days/week,Comfort,Seat discomfort,"Between heat, noise, and crowding, this felt like a very draining commute.",Negative,-2,1,4,2,4,3,2,3,1,High,56,83,35,None,No,Survey Form
376,Dhaka,Local Bus,Jatrabari–Gulistan,Weekday,Morning Peak,56,Student,Prefer not to say,Dry,2-3 days/week,Delay,Traffic congestion,Aajke bus er jonno eto wait korte holo je matha noshto hoye gelo. Peak hour e regular service thakar kotha.,Negative,-1,1,1,2,2,4,4,3,2,High,44,66,25,None,No,No formal complaint
377,Dhaka,Local Bus,Gulistan–Farmgate,Weekday,Morning Peak,40,Job Seeker,Female,Dry,Occasional,Cleanliness,Poor maintenance,"For a local bus, the condition was actually acceptable today.",Positive,2,5,4,3,5,3,2,4,4,Moderate,4,52,50,Elderly support,Yes,No formal complaint
378,Dhaka,Local Bus,Mirpur–Shahbagh,Weekday,Evening Peak,43,Small Business,Prefer not to say,Heavy Rain,Occasional,Delay,Late departure,"For once, the trip moved smoothly and I reached on time.",Positive,1,5,4,3,4,2,2,2,3,Severe,10,33,25,None,Yes,Survey Form
379,Dhaka,Local Bus,Mirpur–Shahbagh,Weekday,Morning Peak,33,Shopkeeper,Prefer not to say,Light Rain,2-3 days/week,Comfort,Seat discomfort,"The ride was jerky, noisy, and uncomfortable, especially while standing.",Negative,-1,2,4,3,2,2,2,3,2,High,48,47,60,None,No,Online Form
380,Dhaka,Local Bus,Mirpur–Shahbagh,Weekday,Morning Peak,40,Shopkeeper,Prefer not to say,Light Rain,2-3 days/week,Cleanliness,Bad odor,"I do not expect luxury, but at least the bus should be clean enough to sit comfortably.",Negative,-1,1,4,2,1,3,3,3,4,High,38,63,60,None,No,Survey Form
381,Dhaka,Local Bus,Farmgate–Mohakhali,Weekday,Evening Peak,51,Banker,Male,Light Rain,Daily,Delay,Late departure,"For once, the trip moved smoothly and I reached on time.",Positive,2,4,3,3,4,3,4,2,4,High,10,59,25,None,Yes,Interview
382,Dhaka,Local Bus,Sayedabad–Kuril,Weekday,Morning Peak,57,Homemaker,Female,Dry,Occasional,Delay,Irregular service,"The local bus showed up very late today. By the time I reached my class, I was already behind schedule.",Negative,-2,2,2,3,4,4,2,2,3,Moderate,34,77,45,None,No,No formal complaint
383,Dhaka,Local Bus,Mohakhali–Badda,Weekday,Evening Peak,47,Driver,Prefer not to say,Dry,4-5 days/week,Staff Behavior,Aggressive conductor,Helper er kotha bolar dhoron bhalo chilo na. Choto proshno korleo kharap bhabe jawab dicchilo.,Negative,-1,2,3,3,3,2,4,2,2,High,54,89,60,None,No,Interview
384,Dhaka,Local Bus,Gulistan–Farmgate,Weekday,Evening Peak,39,Factory Worker,Male,Light Rain,4-5 days/week,Crowding,Overcrowded bus,"Too many passengers, no personal space, and constant pushing—this should not be normal.",Negative,-2,2,3,3,2,2,2,2,1,High,57,80,15,None,No,No formal complaint
385,Dhaka,Local Bus,Mirpur–Farmgate,Weekday,Morning Peak,48,Office Employee,Female,Light Rain,2-3 days/week,Cost,High fare,"The fare felt acceptable, though service quality could still improve.",Neutral,0,3,3,2,3,3,2,2,2,Moderate,17,93,45,None,Maybe,Interview
386,Dhaka,Local Bus,New Market–Science Lab,Weekday,Morning Peak,49,Teacher,Female,Dry,Daily,Information,Wrong stop info,Even a small sign or proper announcement could have made this trip easier.,Negative,-2,2,2,3,2,2,4,3,2,Low,24,89,20,None,No,Interview
387,Dhaka,Local Bus,Motijheel–Rampura,Weekday,Morning Peak,43,Shopkeeper,Female,Dry,Occasional,Information,No route info,"I got enough information after asking around, though it was not very clear at first.",Neutral,0,3,2,3,2,3,2,2,3,High,16,49,30,Wheelchair access,Maybe,Interview
388,Dhaka,Local Bus,Jatrabari–Gulistan,Weekday,Evening Peak,50,Shopkeeper,Male,Light Rain,4-5 days/week,Safety,Pickpocket risk,"Nothing serious happened, but the route still feels a little risky during rush hour.",Neutral,0,3,2,3,2,2,3,3,2,Severe,8,64,45,None,Maybe,Survey Form
389,Dhaka,Local Bus,Motijheel–Rampura,Weekday,Morning Peak,44,Freelancer,Female,Dry,Occasional,Crowding,Queue too long,"Everyone was squeezed together, and even moving one step inside felt impossible.",Negative,-2,2,3,2,3,4,4,3,2,Moderate,42,104,35,None,No,Interview
390,Dhaka,Local Bus,Uttara–Airport,Weekday,Evening Peak,21,Office Employee,Male,Light Rain,2-3 days/week,Comfort,Seat discomfort,"The ride was still busy, but it felt more comfortable than usual.",Positive,1,5,4,4,2,3,3,4,5,Severe,8,48,15,None,Yes,Interview
391,Dhaka,Local Bus,Jatrabari–Badda,Weekday,Morning Peak,52,Small Business,Prefer not to say,Dry,Daily,Availability,Long headway,"I found a bus fairly quickly, even during the rush.",Positive,1,4,4,3,3,2,2,4,3,Severe,11,56,45,Elderly support,Yes,Online Form
392,Dhaka,Local Bus,Azimpur–Shahbagh,Weekday,Evening Peak,26,Factory Worker,Male,Heavy Rain,4-5 days/week,Safety,Reckless driving,The bus did not stop properly and passengers had to get on while it was moving slowly. That is not safe at all.,Negative,-1,2,3,2,3,4,2,2,4,High,22,58,40,None,No,Interview
393,Dhaka,Local Bus,Azimpur–Shahbagh,Weekday,Evening Peak,30,Job Seeker,Prefer not to say,Dry,4-5 days/week,Availability,Route shortage,There were far fewer buses than the number of waiting passengers. The line just kept getting longer.,Negative,-2,2,2,2,4,2,4,2,2,Severe,30,97,35,None,No,Survey Form
394,Dhaka,Local Bus,Mirpur–Farmgate,Weekday,Evening Peak,54,Office Employee,Female,Light Rain,Daily,Staff Behavior,Rude helper,The conductor spoke politely and guided passengers clearly.,Positive,1,4,2,2,4,2,4,4,2,Severe,12,84,35,Elderly support,Yes,Survey Form
395,Dhaka,Local Bus,Mirpur–Farmgate,Weekday,Evening Peak,45,Healthcare Worker,Male,Dry,4-5 days/week,Delay,Traffic congestion,"The local bus showed up very late today. By the time I reached my work, I was already behind schedule.",Negative,-2,2,1,4,4,4,3,3,2,High,24,49,60,None,No,Interview
396,Dhaka,Local Bus,Motijheel–Rampura,Weekday,Evening Peak,33,Freelancer,Male,Dry,Daily,Information,No timing info,I had to ask three people before confirming whether this bus was going my way.,Negative,-1,1,1,2,3,2,3,4,4,Severe,23,104,45,None,No,Online Form
397,Dhaka,Local Bus,Motijheel–Rampura,Weekday,Evening Peak,22,Teacher,Male,Dry,4-5 days/week,Cost,High fare,I would say the cost was average for this route.,Neutral,0,3,4,3,2,2,2,3,4,High,15,58,35,None,Maybe,Online Form
398,Dhaka,Local Bus,Mohakhali–Badda,Weekday,Morning Peak,29,Student,Female,Dry,Daily,Accessibility,Poor stop access,Accessibility was average; it could be better for elderly passengers.,Neutral,0,3,2,3,2,4,3,2,2,High,17,105,30,None,Maybe,Interview
399,Dhaka,Local Bus,Mohakhali–Badda,Weekday,Evening Peak,34,Banker,Male,Light Rain,2-3 days/week,Accessibility,Poor stop access,Accessibility er dike khub kom attention ache. Peak hour e nama-utha duitae kosto.,Negative,-1,2,4,4,3,3,2,2,2,High,42,80,30,None,No,No formal complaint
400,Dhaka,Local Bus,Azimpur–Shahbagh,Weekday,Evening Peak,25,Homemaker,Male,Dry,2-3 days/week,Staff Behavior,Rude helper,Helper er kotha bolar dhoron bhalo chilo na. Choto proshno korleo kharap bhabe jawab dicchilo.,Negative,-1,1,3,2,2,2,2,4,2,High,42,86,40,Elderly support,No,No formal complaint
401,Dhaka,Local Bus,Mirpur–Farmgate,Weekday,Morning Peak,46,Office Employee,Male,Dry,Occasional,Cost,Fair fare,"It was not cheap, but not unreasonable either.",Neutral,0,3,2,4,3,3,3,4,4,Moderate,12,35,25,None,Maybe,Survey Form
402,Dhaka,Local Bus,Mohakhali–Badda,Weekday,Morning Peak,20,Teacher,Male,Heavy Rain,Daily,Safety,Harassment concern,"Safety was okay today, though the boarding process could be better.",Neutral,0,3,4,2,4,2,4,2,4,Severe,19,97,40,None,Maybe,Online Form
403,Dhaka,Local Bus,Mirpur–Shahbagh,Weekday,Morning Peak,38,Teacher,Male,Heavy Rain,2-3 days/week,Accessibility,Weak disability access,The bus doors were crowded and there was no support for people who need extra time to board.,Negative,-1,2,2,3,3,4,1,2,2,Severe,56,90,30,None,No,No formal complaint
404,Dhaka,Local Bus,Farmgate–Mohakhali,Weekday,Evening Peak,33,Office Employee,Female,Heavy Rain,2-3 days/week,Accessibility,Poor stop access,The bus stopped properly and boarding was easier today.,Positive,1,5,3,2,4,3,5,4,4,Moderate,7,51,45,None,Yes,Survey Form
405,Dhaka,Local Bus,New Market–Science Lab,Weekday,Morning Peak,55,Job Seeker,Female,Dry,Daily,Information,No route info,Route information was just about manageable.,Neutral,0,3,3,4,3,3,4,3,2,High,12,47,35,Elderly support,Maybe,No formal complaint
406,Dhaka,Local Bus,Mirpur–Farmgate,Weekday,Evening Peak,56,Freelancer,Prefer not to say,Dry,Daily,Cost,High fare,The fare felt too high considering how crowded and uncomfortable the ride was.,Negative,-2,1,4,2,3,1,2,3,4,Severe,31,103,45,None,No,Interview
407,Dhaka,Local Bus,Farmgate–Mohakhali,Weekday,Morning Peak,52,Office Employee,Female,Dry,Daily,Safety,Reckless driving,The bus was so packed that I kept worrying about my phone and wallet the whole trip.,Negative,-1,2,4,2,2,4,4,3,2,High,30,64,35,None,No,No formal complaint
408,Dhaka,Local Bus,Mohakhali–Badda,Weekday,Evening Peak,38,Driver,Female,Dry,2-3 days/week,Cost,Unclear fare,"The fare felt acceptable, though service quality could still improve.",Neutral,0,3,4,4,2,3,3,3,3,Severe,11,54,40,None,Maybe,Survey Form
409,Dhaka,Local Bus,Mohakhali–Badda,Weekday,Morning Peak,58,Homemaker,Male,Light Rain,Occasional,Delay,Irregular service,"Same problem again—long wait, slow movement, and too many unnecessary stops. Morning peak in Dhaka feels impossible sometimes.",Negative,-1,1,1,2,3,2,3,4,3,High,18,77,45,Elderly support,No,No formal complaint
410,Dhaka,Local Bus,Mirpur–Farmgate,Weekday,Morning Peak,34,Job Seeker,Prefer not to say,Dry,Daily,Availability,Long headway,"During office time, availability is still poor. Demand is clearly higher than supply.",Negative,-2,1,1,4,4,4,2,1,4,High,29,65,20,None,No,Online Form
411,Dhaka,Local Bus,Farmgate–Mohakhali,Weekday,Morning Peak,60,Shopkeeper,Male,Dry,Daily,Availability,Route shortage,"I found a bus fairly quickly, even during the rush.",Positive,1,4,4,4,3,3,2,3,2,High,4,61,40,None,Yes,Online Form
412,Dhaka,Local Bus,Uttara–Airport,Weekday,Morning Peak,60,Teacher,Female,Dry,4-5 days/week,Information,No route info,"Bus e kono clear information chilo na, especially notun passenger der jonno eta problem.",Negative,-1,1,1,4,2,3,4,4,2,Moderate,23,49,35,Traveling with child,No,Online Form
413,Dhaka,Local Bus,Mohakhali–Badda,Weekday,Morning Peak,33,Healthcare Worker,Female,Dry,Occasional,Information,No timing info,"There was some confusion, but I still reached the right destination.",Neutral,0,3,2,2,3,2,2,4,3,High,17,50,60,None,Maybe,Online Form
414,Dhaka,Local Bus,Jatrabari–Gulistan,Weekday,Morning Peak,45,Job Seeker,Prefer not to say,Light Rain,2-3 days/week,Cleanliness,Litter inside,"The vehicle looked poorly maintained, and it made an already tiring trip feel worse.",Negative,-1,2,4,4,1,2,2,3,4,High,18,102,15,None,No,Online Form
415,Dhaka,Local Bus,Sayedabad–Kuril,Weekday,Evening Peak,53,Job Seeker,Prefer not to say,Light Rain,4-5 days/week,Accessibility,Difficult boarding,"Boarding took some effort, but I managed without much trouble.",Neutral,0,3,3,2,4,2,3,2,3,Severe,16,64,45,None,Maybe,Survey Form
416,Dhaka,Local Bus,Jatrabari–Badda,Weekday,Evening Peak,49,Factory Worker,Prefer not to say,Light Rain,2-3 days/week,Cleanliness,Litter inside,"I do not expect luxury, but at least the bus should be clean enough to sit comfortably.",Negative,-2,2,4,3,1,3,2,4,4,Moderate,48,57,30,Wheelchair access,No,Survey Form
417,Dhaka,Local Bus,New Market–Science Lab,Weekday,Evening Peak,20,Small Business,Prefer not to say,Dry,4-5 days/week,Cost,Extra charge,"Compared with other days, today the cost felt reasonable.",Positive,1,5,4,2,2,5,2,3,3,Severe,9,102,60,None,Yes,Survey Form
418,Dhaka,Local Bus,Mirpur–Farmgate,Weekday,Evening Peak,56,Driver,Male,Dry,Occasional,Information,Poor signage,The information given by staff was helpful and saved time.,Positive,1,4,4,2,4,2,2,4,3,Moderate,4,34,20,None,Yes,No formal complaint
419,Dhaka,Local Bus,Mirpur–Shahbagh,Weekday,Morning Peak,52,Freelancer,Female,Dry,Occasional,Accessibility,Weak disability access,Getting on the bus was difficult because it barely stopped near the designated stop.,Negative,-1,2,4,3,3,3,2,2,2,High,64,47,30,None,No,No formal complaint
420,Dhaka,Local Bus,Gulistan–Farmgate,Weekday,Evening Peak,51,Teacher,Prefer not to say,Light Rain,2-3 days/week,Staff Behavior,Aggressive conductor,A calm and respectful attitude from the staff made the ride easier.,Positive,1,5,4,4,3,2,3,4,3,High,6,77,40,Elderly support,Yes,Online Form
421,Dhaka,Local Bus,Farmgate–Mohakhali,Weekday,Morning Peak,29,Small Business,Prefer not to say,Light Rain,Occasional,Information,Poor signage,Clear route and stop information would save passengers a lot of confusion.,Negative,-2,2,1,3,3,2,2,4,3,Severe,31,35,35,None,No,No formal complaint
422,Dhaka,Local Bus,Mohakhali–Badda,Weekday,Evening Peak,22,Job Seeker,Female,Dry,2-3 days/week,Availability,No seat available,"I found a bus fairly quickly, even during the rush.",Positive,1,4,4,3,3,4,3,4,2,High,7,80,60,Elderly support,Yes,No formal complaint
423,Dhaka,Local Bus,Uttara–Airport,Weekday,Evening Peak,39,Teacher,Male,Heavy Rain,Daily,Safety,Reckless driving,The driver was braking so hard that everyone almost fell forward. I honestly did not feel safe.,Negative,-1,1,3,1,3,2,2,3,3,Moderate,31,90,30,None,No,Interview
424,Dhaka,Local Bus,Mirpur–Shahbagh,Weekday,Morning Peak,59,Office Employee,Prefer not to say,Dry,Daily,Crowding,Queue too long,"Too many passengers, no personal space, and constant pushing—this should not be normal.",Negative,-2,2,2,2,4,2,4,2,1,High,42,35,15,None,No,Online Form
425,Dhaka,Local Bus,Gulistan–Farmgate,Weekday,Evening Peak,31,Healthcare Worker,Male,Dry,4-5 days/week,Accessibility,Difficult boarding,"Boarding took some effort, but I managed without much trouble.",Neutral,0,3,2,4,4,4,3,3,2,High,17,76,40,Elderly support,Maybe,Survey Form
426,Dhaka,Local Bus,Farmgate–Mohakhali,Weekday,Evening Peak,20,Healthcare Worker,Male,Dry,4-5 days/week,Accessibility,Difficult boarding,"Boarding took some effort, but I managed without much trouble.",Neutral,0,3,3,4,3,3,3,2,3,High,9,35,30,None,Maybe,No formal complaint
427,Dhaka,Local Bus,Jatrabari–Gulistan,Weekday,Morning Peak,29,Job Seeker,Male,Dry,2-3 days/week,Comfort,Too noisy,"The ride was jerky, noisy, and uncomfortable, especially while standing.",Negative,-1,2,2,2,4,3,2,3,2,Severe,40,91,45,None,No,Online Form
428,Dhaka,Local Bus,Mirpur–Shahbagh,Weekday,Morning Peak,28,Homemaker,Male,Light Rain,Occasional,Accessibility,Weak disability access,Getting on and off was smoother than usual.,Positive,2,5,2,4,4,2,5,2,3,High,7,84,35,None,Yes,Interview
429,Dhaka,Local Bus,Jatrabari–Gulistan,Weekday,Evening Peak,24,Banker,Male,Dry,2-3 days/week,Cost,Unclear fare,"Compared with other days, today the cost felt reasonable.",Positive,2,5,2,2,3,5,4,4,2,Low,5,64,40,None,Yes,Survey Form
430,Dhaka,Local Bus,Azimpur–Shahbagh,Weekday,Evening Peak,35,Homemaker,Male,Light Rain,2-3 days/week,Crowding,Door blocked,Bus e emon bhir chilo je neme jabar agei chinta hoye jacchilo kivabe gate porjonto jabo.,Negative,-1,1,4,2,3,3,4,3,1,Severe,46,54,20,None,No,No formal complaint
431,Dhaka,Local Bus,Jatrabari–Gulistan,Weekday,Evening Peak,51,Teacher,Prefer not to say,Dry,4-5 days/week,Cleanliness,Bad odor,"The inside looked used and worn, but not worse than usual.",Neutral,0,3,3,3,2,3,4,3,4,Moderate,9,53,40,Traveling with child,Maybe,Interview
432,Dhaka,Local Bus,Farmgate–Mohakhali,Weekday,Morning Peak,52,Factory Worker,Female,Dry,Daily,Comfort,Too noisy,"The ride was jerky, noisy, and uncomfortable, especially while standing.",Negative,-2,2,3,2,2,2,4,2,2,Severe,28,41,20,None,No,No formal complaint
433,Dhaka,Local Bus,Azimpur–Shahbagh,Weekday,Morning Peak,19,Banker,Prefer not to say,Heavy Rain,Occasional,Cleanliness,Bad odor,"For a local bus, the condition was actually acceptable today.",Positive,2,4,2,4,3,2,3,4,4,Severe,5,85,20,None,Yes,Online Form
434,Dhaka,Local Bus,Sayedabad–Kuril,Weekday,Evening Peak,32,Office Employee,Female,Dry,2-3 days/week,Safety,Pickpocket risk,I felt comparatively secure throughout the journey.,Positive,2,5,3,5,4,4,2,3,4,Severe,11,105,60,None,Yes,Interview
435,Dhaka,Local Bus,Gulistan–Farmgate,Weekday,Evening Peak,57,Student,Prefer not to say,Dry,Occasional,Availability,Route shortage,There were far fewer buses than the number of waiting passengers. The line just kept getting longer.,Negative,-2,1,1,3,3,4,4,1,4,Severe,28,59,25,None,No,No formal complaint
436,Dhaka,Local Bus,New Market–Science Lab,Weekday,Evening Peak,49,Factory Worker,Male,Light Rain,Daily,Safety,Unsafe boarding,"Nothing serious happened, but the route still feels a little risky during rush hour.",Neutral,0,3,2,2,2,4,2,3,3,Moderate,19,30,60,Traveling with child,Maybe,Interview
437,Dhaka,Local Bus,Mirpur–Farmgate,Weekday,Evening Peak,44,Shopkeeper,Male,Dry,4-5 days/week,Staff Behavior,Poor communication,Staff behavior made the whole ride more unpleasant than it needed to be.,Negative,-1,2,4,4,3,2,3,4,4,High,54,53,30,None,No,Interview
438,Dhaka,Local Bus,Jatrabari–Badda,Weekday,Morning Peak,37,Job Seeker,Male,Dry,Occasional,Crowding,Overcrowded bus,The bus was so full that I had to stand bent near the gate for almost the whole trip.,Negative,-2,1,2,4,3,2,4,3,1,High,22,73,15,None,No,No formal complaint
439,Dhaka,Local Bus,Mirpur–Farmgate,Weekday,Evening Peak,43,Factory Worker,Male,Dry,4-5 days/week,Cleanliness,Poor maintenance,"For a local bus, the condition was actually acceptable today.",Positive,1,4,2,3,4,4,4,3,3,High,7,52,60,None,Yes,Interview
440,Dhaka,Local Bus,Jatrabari–Badda,Weekday,Evening Peak,59,Job Seeker,Female,Dry,4-5 days/week,Delay,Long waiting time,"The bus came sooner than I expected, which almost never happens during peak hour.",Positive,2,4,3,3,2,3,4,2,3,Severe,11,93,30,None,Yes,No formal complaint
441,Dhaka,Local Bus,Jatrabari–Gulistan,Weekday,Morning Peak,25,Banker,Prefer not to say,Light Rain,Occasional,Cleanliness,Bad odor,"The bus was not very clean, but it was acceptable for a regular local bus trip.",Neutral,0,3,2,3,3,2,2,2,4,High,12,62,20,None,Maybe,Interview
442,Dhaka,Local Bus,Uttara–Airport,Weekday,Evening Peak,32,Healthcare Worker,Prefer not to say,Dry,2-3 days/week,Cleanliness,Dirty seats,"The vehicle looked poorly maintained, and it made an already tiring trip feel worse.",Negative,-1,1,2,2,1,4,4,3,2,High,60,100,15,None,No,Online Form
443,Dhaka,Local Bus,Sayedabad–Kuril,Weekday,Morning Peak,53,Student,Male,Dry,Occasional,Comfort,Hot interior,"The ride was still busy, but it felt more comfortable than usual.",Positive,2,4,3,3,3,2,4,2,3,High,7,39,20,None,Yes,Online Form
444,Dhaka,Local Bus,New Market–Science Lab,Weekday,Morning Peak,54,Healthcare Worker,Male,Dry,2-3 days/week,Availability,Too few buses,Service frequency was neither very good nor very bad.,Neutral,0,3,2,2,2,3,4,3,4,High,13,43,25,None,Maybe,Interview
445,Dhaka,Local Bus,Uttara–Airport,Weekday,Evening Peak,42,Driver,Prefer not to say,Dry,Daily,Cost,Unclear fare,"It was not cheap, but not unreasonable either.",Neutral,0,3,3,4,3,2,2,2,2,Moderate,9,99,45,None,Maybe,No formal complaint
446,Dhaka,Local Bus,Mirpur–Shahbagh,Weekday,Evening Peak,19,Homemaker,Male,Dry,2-3 days/week,Crowding,Overcrowded bus,Crowding made the ride stressful from start to finish. I could barely breathe comfortably.,Negative,-1,2,3,4,2,4,3,2,2,High,21,73,30,None,No,Interview
447,Dhaka,Local Bus,Mirpur–Farmgate,Weekday,Evening Peak,27,Healthcare Worker,Female,Light Rain,2-3 days/week,Staff Behavior,Rude helper,The conductor kept shouting instead of answering simple fare questions calmly.,Negative,-1,1,4,4,4,2,2,3,3,High,41,102,15,None,No,Survey Form
448,Dhaka,Local Bus,Jatrabari–Gulistan,Weekday,Evening Peak,26,Healthcare Worker,Female,Light Rain,4-5 days/week,Cleanliness,Bad odor,"For daily commuting, the cleanliness is really below standard. The floor was messy and the windows looked untouched.",Negative,-1,2,3,2,2,3,3,2,4,Moderate,64,42,15,None,No,No formal complaint
449,Dhaka,Local Bus,Jatrabari–Badda,Weekday,Evening Peak,46,Factory Worker,Prefer not to say,Light Rain,4-5 days/week,Cost,Fair fare,"If the service stays like this, the fare should not keep increasing.",Negative,-1,1,3,4,4,1,4,2,2,High,33,49,15,Elderly support,No,Online Form
450,Dhaka,Local Bus,Jatrabari–Badda,Weekday,Morning Peak,33,Shopkeeper,Female,Dry,Daily,Crowding,Queue too long,The bus was so full that I had to stand bent near the gate for almost the whole trip.,Negative,-2,1,2,4,4,4,3,2,1,Moderate,48,53,30,None,No,Interview
451,Dhaka,Local Bus,Mohakhali–Badda,Weekday,Morning Peak,35,Office Employee,Male,Dry,4-5 days/week,Comfort,Too noisy,The seat condition was poor and there was no real comfort during the trip.,Negative,-1,2,3,2,4,2,3,4,2,High,42,35,50,None,No,No formal complaint
452,Dhaka,Local Bus,Jatrabari–Badda,Weekday,Evening Peak,46,Banker,Female,Light Rain,4-5 days/week,Delay,Late departure,"The local bus showed up very late today. By the time I reached my campus, I was already behind schedule.",Negative,-1,2,1,4,2,2,4,3,4,Low,65,101,35,None,No,Survey Form
453,Dhaka,Local Bus,New Market–Science Lab,Weekday,Evening Peak,31,Healthcare Worker,Prefer not to say,Light Rain,Daily,Information,No timing info,"Bus e kono clear information chilo na, especially notun passenger der jonno eta problem.",Negative,-1,1,1,4,3,3,2,2,4,High,31,86,20,Wheelchair access,No,Online Form
454,Dhaka,Local Bus,Azimpur–Shahbagh,Weekday,Morning Peak,60,Factory Worker,Male,Light Rain,2-3 days/week,Availability,Too few buses,"A bus came after some waiting, so availability was average today.",Neutral,0,3,2,4,3,4,3,3,2,High,16,48,35,None,Maybe,Online Form
455,Dhaka,Local Bus,Motijheel–Rampura,Weekday,Evening Peak,30,Teacher,Male,Dry,Occasional,Crowding,Queue too long,Crowding was less intense than I expected today.,Positive,2,4,4,3,2,2,4,3,3,Severe,6,79,40,None,Yes,Survey Form
456,Dhaka,Local Bus,Sayedabad–Kuril,Weekday,Evening Peak,35,Small Business,Prefer not to say,Dry,4-5 days/week,Cleanliness,Litter inside,"The inside of the bus was dusty, the seats were dirty, and there was a bad smell the whole way.",Negative,-1,1,3,2,1,2,4,2,2,Severe,21,83,20,None,No,Interview
457,Dhaka,Local Bus,Mohakhali–Badda,Weekday,Evening Peak,39,Shopkeeper,Prefer not to say,Dry,2-3 days/week,Safety,Unsafe boarding,"People were pushing near the gate while boarding, and it felt risky, especially for women and older passengers.",Negative,-1,2,3,1,2,4,2,4,4,Severe,44,58,25,None,No,Survey Form
458,Dhaka,Local Bus,Motijheel–Rampura,Weekday,Evening Peak,36,Small Business,Male,Dry,Daily,Safety,Unsafe boarding,"Safety was okay today, though the boarding process could be better.",Neutral,0,3,2,3,3,4,2,2,4,High,14,57,30,None,Maybe,Interview
459,Dhaka,Local Bus,Uttara–Airport,Weekday,Morning Peak,20,Healthcare Worker,Prefer not to say,Dry,Occasional,Staff Behavior,Rude helper,The helper was rude when passengers asked whether the bus would stop at the next point.,Negative,-1,2,4,2,4,3,2,4,4,Moderate,51,91,15,None,No,No formal complaint
460,Dhaka,Local Bus,Sayedabad–Kuril,Weekday,Morning Peak,55,Teacher,Female,Dry,2-3 days/week,Crowding,Standing entire trip,"The bus was busy but still manageable, which is a relief during peak time.",Positive,1,5,4,4,3,4,2,2,5,Severe,8,30,45,None,Yes,Survey Form
461,Dhaka,Local Bus,Jatrabari–Gulistan,Weekday,Evening Peak,58,Homemaker,Female,Light Rain,4-5 days/week,Safety,Unsafe boarding,Rush hour e safety niye onek tension lage. Driver o helper duijon e khub aggressive chilo.,Negative,-2,2,2,1,2,2,2,4,3,Low,56,47,50,None,No,Online Form
462,Dhaka,Local Bus,Mirpur–Farmgate,Weekday,Evening Peak,60,Job Seeker,Female,Light Rain,2-3 days/week,Accessibility,Poor stop access,Accessibility was average; it could be better for elderly passengers.,Neutral,0,3,4,2,4,2,2,3,3,High,13,101,40,None,Maybe,Online Form
463,Dhaka,Local Bus,Motijheel–Rampura,Weekday,Morning Peak,40,Healthcare Worker,Female,Dry,4-5 days/week,Information,No route info,Clear route and stop information would save passengers a lot of confusion.,Negative,-2,2,2,4,4,4,4,2,2,Low,48,47,50,None,No,Survey Form
464,Dhaka,Local Bus,Motijheel–Rampura,Weekday,Morning Peak,30,Teacher,Female,Dry,4-5 days/week,Accessibility,No elderly support,"The stop area was busy, though still usable.",Neutral,0,3,4,3,4,2,3,3,2,Severe,17,64,45,None,Maybe,Interview
465,Dhaka,Local Bus,Motijheel–Rampura,Weekday,Evening Peak,23,Healthcare Worker,Male,Dry,4-5 days/week,Comfort,Hot interior,"Between heat, noise, and crowding, this felt like a very draining commute.",Negative,-1,2,2,4,2,2,3,3,1,High,58,65,30,None,No,Online Form
466,Dhaka,Local Bus,Sayedabad–Kuril,Weekday,Evening Peak,46,Factory Worker,Female,Light Rain,4-5 days/week,Information,Poor signage,"Bus e kono clear information chilo na, especially notun passenger der jonno eta problem.",Negative,-2,1,1,2,2,4,3,3,4,Severe,33,92,15,None,No,Interview
467,Dhaka,Local Bus,Gulistan–Farmgate,Weekday,Evening Peak,44,Driver,Male,Dry,Daily,Crowding,Door blocked,Crowding made the ride stressful from start to finish. I could barely breathe comfortably.,Negative,-1,2,4,3,3,3,2,2,1,High,60,67,45,None,No,Interview
468,Dhaka,Local Bus,New Market–Science Lab,Weekday,Evening Peak,43,Factory Worker,Prefer not to say,Heavy Rain,Daily,Information,No timing info,The information given by staff was helpful and saved time.,Positive,2,4,3,4,4,3,4,3,3,Severe,8,95,45,None,Yes,Survey Form
469,Dhaka,Local Bus,Jatrabari–Gulistan,Weekday,Morning Peak,60,Homemaker,Female,Heavy Rain,2-3 days/week,Delay,Irregular service,Travel time was reasonable today and the service felt more reliable than usual.,Positive,1,5,5,4,2,2,4,2,2,Severe,8,96,35,Elderly support,Yes,No formal complaint
470,Dhaka,Local Bus,Mohakhali–Badda,Weekday,Morning Peak,19,Teacher,Female,Dry,Occasional,Cleanliness,Dirty seats,"For daily commuting, the cleanliness is really below standard. The floor was messy and the windows looked untouched.",Negative,-1,2,2,2,1,3,3,3,4,High,47,41,15,None,No,Interview
471,Dhaka,Local Bus,New Market–Science Lab,Weekday,Morning Peak,49,Office Employee,Female,Light Rain,4-5 days/week,Information,No timing info,Even a small sign or proper announcement could have made this trip easier.,Negative,-1,1,1,4,4,2,2,3,2,Moderate,43,41,45,None,No,No formal complaint
472,Dhaka,Local Bus,Mohakhali–Badda,Weekday,Evening Peak,50,Job Seeker,Prefer not to say,Light Rain,4-5 days/week,Information,Wrong stop info,The information given by staff was helpful and saved time.,Positive,1,5,5,3,2,2,3,3,3,High,8,78,15,None,Yes,Interview
473,Dhaka,Local Bus,Azimpur–Shahbagh,Weekday,Evening Peak,21,Banker,Male,Dry,2-3 days/week,Delay,Traffic congestion,Travel time was reasonable today and the service felt more reliable than usual.,Positive,2,5,5,3,3,2,2,3,4,Moderate,4,66,35,None,Yes,Online Form
474,Dhaka,Local Bus,Sayedabad–Kuril,Weekday,Evening Peak,37,Driver,Male,Dry,Daily,Cost,Extra charge,The fare is not the only issue—the unclear way they collect it creates arguments almost every day.,Negative,-1,1,2,4,4,1,3,2,4,Severe,61,39,60,None,No,Survey Form
475,Dhaka,Local Bus,Jatrabari–Badda,Weekday,Morning Peak,55,Office Employee,Prefer not to say,Dry,2-3 days/week,Availability,Too few buses,"A bus came after some waiting, so availability was average today.",Neutral,0,3,3,3,3,3,3,3,3,Severe,14,38,60,Traveling with child,Maybe,Online Form
476,Dhaka,Local Bus,Farmgate–Mohakhali,Weekday,Evening Peak,27,Job Seeker,Female,Heavy Rain,4-5 days/week,Cleanliness,Litter inside,"The bus was not very clean, but it was acceptable for a regular local bus trip.",Neutral,0,3,3,3,3,4,2,3,3,Moderate,10,105,30,None,Maybe,Survey Form
477,Dhaka,Local Bus,Gulistan–Farmgate,Weekday,Evening Peak,39,Student,Female,Dry,Daily,Cleanliness,Poor maintenance,"The inside of the bus was dusty, the seats were dirty, and there was a bad smell the whole way.",Negative,-1,1,2,4,1,2,4,2,4,Moderate,57,32,20,None,No,Interview
478,Dhaka,Local Bus,Azimpur–Shahbagh,Weekday,Evening Peak,50,Factory Worker,Female,Dry,Daily,Information,Poor signage,"There was some confusion, but I still reached the right destination.",Neutral,0,3,3,3,3,3,4,4,4,High,11,48,25,None,Maybe,No formal complaint
479,Dhaka,Local Bus,Jatrabari–Gulistan,Weekday,Evening Peak,41,Job Seeker,Prefer not to say,Dry,Occasional,Accessibility,Difficult boarding,This route is hard for elderly passengers. Even healthy people struggle to board during peak hours.,Negative,-2,1,4,2,4,4,1,4,3,Severe,29,102,20,Traveling with child,No,Survey Form
480,Dhaka,Local Bus,Azimpur–Shahbagh,Weekday,Evening Peak,20,Banker,Male,Dry,Occasional,Availability,Too few buses,Service frequency was neither very good nor very bad.,Neutral,0,3,2,4,3,2,3,2,2,Moderate,14,39,40,None,Maybe,No formal complaint
481,Dhaka,Local Bus,New Market–Science Lab,Weekday,Evening Peak,29,Student,Male,Dry,Daily,Safety,Pickpocket risk,"Nothing serious happened, but the route still feels a little risky during rush hour.",Neutral,0,3,2,3,4,3,2,2,2,High,8,30,35,Traveling with child,Maybe,No formal complaint
482,Dhaka,Local Bus,New Market–Science Lab,Weekday,Morning Peak,39,Driver,Female,Dry,4-5 days/week,Accessibility,Weak disability access,The bus doors were crowded and there was no support for people who need extra time to board.,Negative,-1,2,3,2,4,4,1,3,4,Severe,29,62,35,None,No,Interview
483,Dhaka,Local Bus,Sayedabad–Kuril,Weekday,Morning Peak,44,Factory Worker,Female,Dry,Occasional,Staff Behavior,Poor communication,The helper was rude when passengers asked whether the bus would stop at the next point.,Negative,-2,1,3,4,2,4,4,4,3,Moderate,18,31,50,None,No,Interview
484,Dhaka,Local Bus,Mirpur–Farmgate,Weekday,Evening Peak,36,Office Employee,Male,Light Rain,2-3 days/week,Safety,Harassment concern,"Safety was okay today, though the boarding process could be better.",Neutral,0,3,4,3,4,4,3,3,3,Low,19,95,45,None,Maybe,No formal complaint
485,Dhaka,Local Bus,Mirpur–Farmgate,Weekday,Morning Peak,54,Student,Male,Dry,2-3 days/week,Comfort,Seat discomfort,"Peak hour e local bus e comfort expect kora jay na, but ajke situation aro kharap chilo.",Negative,-1,2,4,2,2,4,3,3,2,Severe,39,51,60,None,No,Survey Form
486,Dhaka,Local Bus,Motijheel–Rampura,Weekday,Evening Peak,19,Healthcare Worker,Female,Dry,4-5 days/week,Comfort,Seat discomfort,"The ride was tiring, but about what I normally expect from a local bus.",Neutral,0,3,3,3,2,2,3,2,3,High,8,60,35,None,Maybe,Interview
487,Dhaka,Local Bus,Mohakhali–Badda,Weekday,Morning Peak,22,Shopkeeper,Male,Dry,Daily,Staff Behavior,Helpful staff,A calm and respectful attitude from the staff made the ride easier.,Positive,2,4,3,3,3,3,3,2,4,Severe,9,48,60,None,Yes,Interview
488,Dhaka,Local Bus,Jatrabari–Badda,Weekday,Evening Peak,44,Homemaker,Prefer not to say,Dry,Occasional,Cost,Extra charge,I paid more than usual today and there was no proper explanation from the conductor.,Negative,-1,1,4,3,2,1,4,2,3,High,44,89,20,None,No,Interview
489,Dhaka,Local Bus,New Market–Science Lab,Weekday,Morning Peak,21,Healthcare Worker,Prefer not to say,Light Rain,2-3 days/week,Accessibility,Poor stop access,"The stop access felt manageable, even during the busy hour.",Positive,1,5,2,2,4,4,5,3,4,Moderate,3,94,30,None,Yes,No formal complaint
490,Dhaka,Local Bus,Motijheel–Rampura,Weekday,Evening Peak,31,Banker,Female,Light Rain,4-5 days/week,Cleanliness,Litter inside,"Cleanliness was average today—nothing impressive, nothing terrible.",Neutral,0,3,4,4,3,4,3,2,3,High,16,50,60,None,Maybe,Online Form
491,Dhaka,Local Bus,Sayedabad–Kuril,Weekday,Morning Peak,34,Shopkeeper,Male,Dry,Daily,Information,Poor signage,Route information was just about manageable.,Neutral,0,3,3,4,4,2,2,2,3,Moderate,20,62,25,Elderly support,Maybe,Survey Form
492,Dhaka,Local Bus,Azimpur–Shahbagh,Weekday,Morning Peak,20,Job Seeker,Female,Dry,2-3 days/week,Crowding,Overcrowded bus,"I had to stand for part of the journey, though it was manageable.",Neutral,0,3,2,2,2,4,4,4,3,High,13,54,25,None,Maybe,Survey Form
493,Dhaka,Local Bus,Gulistan–Farmgate,Weekday,Evening Peak,41,Healthcare Worker,Male,Dry,Occasional,Cost,Unclear fare,I paid more than usual today and there was no proper explanation from the conductor.,Negative,-2,1,2,3,2,1,3,4,2,Moderate,33,52,30,None,No,Interview
494,Dhaka,Local Bus,New Market–Science Lab,Weekday,Evening Peak,22,Freelancer,Prefer not to say,Dry,Occasional,Staff Behavior,Poor communication,A calm and respectful attitude from the staff made the ride easier.,Positive,1,4,4,4,4,3,4,3,3,High,6,81,25,None,Yes,Survey Form
495,Dhaka,Local Bus,Jatrabari–Badda,Weekday,Morning Peak,18,Office Employee,Female,Heavy Rain,Daily,Availability,Too few buses,There were far fewer buses than the number of waiting passengers. The line just kept getting longer.,Negative,-1,2,2,4,3,3,3,2,4,High,61,100,60,None,No,Online Form
496,Dhaka,Local Bus,Mirpur–Farmgate,Weekday,Evening Peak,57,Banker,Female,Light Rain,Occasional,Cost,Fair fare,"If the service stays like this, the fare should not keep increasing.",Negative,-1,2,4,4,3,2,4,2,4,Severe,62,80,40,None,No,Online Form
497,Dhaka,Local Bus,Mirpur–Shahbagh,Weekday,Evening Peak,33,Banker,Prefer not to say,Light Rain,2-3 days/week,Safety,Reckless driving,The bus did not stop properly and passengers had to get on while it was moving slowly. That is not safe at all.,Negative,-1,1,2,1,3,3,4,3,2,High,18,70,45,None,No,Survey Form
498,Dhaka,Local Bus,Azimpur–Shahbagh,Weekday,Evening Peak,37,Job Seeker,Male,Dry,Daily,Cost,High fare,"Vara ta service er sathe match kore na. Joto taka dei, toto quality pai na.",Negative,-1,1,2,3,4,1,4,3,3,Moderate,60,71,15,Elderly support,No,Interview
499,Dhaka,Local Bus,Azimpur–Shahbagh,Weekday,Evening Peak,40,Freelancer,Prefer not to say,Light Rain,4-5 days/week,Comfort,Too noisy,"It was extremely hot inside the bus, and there was barely any airflow.",Negative,-2,1,2,4,3,3,4,4,1,High,63,63,45,None,No,No formal complaint
500,Dhaka,Local Bus,Motijheel–Rampura,Weekday,Morning Peak,60,Factory Worker,Female,Dry,4-5 days/week,Cleanliness,Poor maintenance,"I do not expect luxury, but at least the bus should be clean enough to sit comfortably.",Negative,-2,1,4,4,1,3,3,4,3,Severe,61,90,30,None,No,No formal complaint
501,Dhaka,Local Bus,Farmgate–Mohakhali,Weekday,Morning Peak,49,Small Business,Female,Light Rain,Daily,Availability,No seat available,"During office time, availability is still poor. Demand is clearly higher than supply.",Negative,-1,2,1,3,3,2,3,1,2,High,20,48,20,None,No,Survey Form
502,Dhaka,Local Bus,Mirpur–Farmgate,Weekday,Evening Peak,25,Job Seeker,Prefer not to say,Light Rain,2-3 days/week,Accessibility,Weak disability access,This route is hard for elderly passengers. Even healthy people struggle to board during peak hours.,Negative,-2,2,3,4,3,2,2,3,2,Moderate,65,36,45,None,No,Survey Form
503,Dhaka,Local Bus,Gulistan–Farmgate,Weekday,Morning Peak,26,Office Employee,Prefer not to say,Dry,4-5 days/week,Safety,Harassment concern,I felt comparatively secure throughout the journey.,Positive,1,4,4,3,2,3,2,3,3,Severe,9,30,20,None,Yes,No formal complaint
504,Dhaka,Local Bus,Uttara–Airport,Weekday,Evening Peak,29,Teacher,Male,Dry,Occasional,Safety,Unsafe boarding,"The ride felt somewhat crowded, but I did not face any major safety issue.",Neutral,0,3,3,2,2,4,4,2,3,Moderate,20,39,40,Elderly support,Maybe,Online Form
505,Dhaka,Local Bus,New Market–Science Lab,Weekday,Morning Peak,49,Freelancer,Prefer not to say,Light Rain,4-5 days/week,Cost,Fair fare,I would say the cost was average for this route.,Neutral,0,3,2,4,2,2,4,4,3,High,11,67,25,None,Maybe,Interview
506,Dhaka,Local Bus,Mirpur–Shahbagh,Weekday,Evening Peak,22,Teacher,Male,Dry,Daily,Crowding,Door blocked,"The bus was busy but still manageable, which is a relief during peak time.",Positive,1,4,2,3,3,2,2,4,4,Moderate,5,30,35,None,Yes,No formal complaint
507,Dhaka,Local Bus,Jatrabari–Badda,Weekday,Morning Peak,37,Job Seeker,Female,Light Rain,2-3 days/week,Availability,Route shortage,There seemed to be more buses on the road than usual.,Positive,1,4,4,3,2,4,2,4,2,High,6,64,25,Wheelchair access,Yes,No formal complaint
508,Dhaka,Local Bus,Sayedabad–Kuril,Weekday,Morning Peak,30,Office Employee,Female,Dry,Daily,Cost,Fair fare,The fare is not the only issue—the unclear way they collect it creates arguments almost every day.,Negative,-2,1,2,2,4,1,2,3,4,Low,61,82,25,None,No,Online Form
509,Dhaka,Local Bus,Mirpur–Farmgate,Weekday,Evening Peak,24,Teacher,Female,Light Rain,2-3 days/week,Cost,High fare,The fare felt fair enough for the distance I traveled.,Positive,1,4,2,4,3,4,4,4,4,High,10,57,40,None,Yes,Survey Form
510,Dhaka,Local Bus,Azimpur–Shahbagh,Weekday,Evening Peak,58,Teacher,Prefer not to say,Dry,2-3 days/week,Cleanliness,Bad odor,"The bus was cleaner than I expected, and the seating area was in decent shape.",Positive,2,4,2,2,4,4,3,3,4,Moderate,8,49,45,Elderly support,Yes,Survey Form
511,Dhaka,Local Bus,Jatrabari–Badda,Weekday,Evening Peak,51,Driver,Male,Heavy Rain,Occasional,Cost,High fare,I would say the cost was average for this route.,Neutral,0,3,2,4,3,3,4,4,2,High,13,50,45,None,Maybe,No formal complaint
512,Dhaka,Local Bus,Jatrabari–Gulistan,Weekday,Evening Peak,33,Homemaker,Male,Dry,Daily,Comfort,Hot interior,"Peak hour e local bus e comfort expect kora jay na, but ajke situation aro kharap chilo.",Negative,-1,2,4,3,2,4,4,2,2,Moderate,37,52,25,Traveling with child,No,Interview
513,Dhaka,Local Bus,New Market–Science Lab,Weekday,Evening Peak,42,Factory Worker,Male,Light Rain,4-5 days/week,Delay,Long waiting time,"I was standing at Jatrabari for almost 19 minutes and still no bus came on time. For a weekday peak hour, this is exhausting.",Negative,-2,1,1,2,2,2,2,3,4,Moderate,29,65,15,None,No,Interview
514,Dhaka,Local Bus,Jatrabari–Gulistan,Weekday,Evening Peak,58,Small Business,Prefer not to say,Dry,Daily,Crowding,Door blocked,I could stand comfortably enough without being pushed around too much.,Positive,2,4,4,2,4,2,4,2,4,High,3,83,40,None,Yes,Online Form
515,Dhaka,Local Bus,Sayedabad–Kuril,Weekday,Morning Peak,44,Shopkeeper,Prefer not to say,Heavy Rain,4-5 days/week,Safety,Reckless driving,The bus was so packed that I kept worrying about my phone and wallet the whole trip.,Negative,-1,1,3,1,4,4,4,2,4,Severe,28,97,60,Wheelchair access,No,Survey Form
516,Dhaka,Local Bus,New Market–Science Lab,Weekday,Morning Peak,56,Driver,Prefer not to say,Dry,Occasional,Cleanliness,Bad odor,"The bus was cleaner than I expected, and the seating area was in decent shape.",Positive,2,4,2,4,4,3,3,3,4,Moderate,6,63,15,None,Yes,Online Form
517,Dhaka,Local Bus,Farmgate–Mohakhali,Weekday,Morning Peak,38,Student,Male,Dry,2-3 days/week,Safety,Harassment concern,"The driver handled the bus carefully today, and the ride felt safer than usual.",Positive,1,5,2,5,4,2,2,4,3,Low,10,102,40,None,Yes,Interview
518,Dhaka,Local Bus,Jatrabari–Gulistan,Weekday,Morning Peak,43,Freelancer,Male,Heavy Rain,4-5 days/week,Delay,Irregular service,"The bus came sooner than I expected, which almost never happens during peak hour.",Positive,1,5,5,4,4,3,2,3,4,High,12,43,25,Elderly support,Yes,No formal complaint
519,Dhaka,Local Bus,Mirpur–Shahbagh,Weekday,Evening Peak,24,Healthcare Worker,Male,Dry,2-3 days/week,Staff Behavior,Aggressive conductor,"The staff were not especially helpful, but they were not very rude either.",Neutral,0,3,2,2,3,2,4,4,4,Severe,11,103,15,None,Maybe,Survey Form
520,Dhaka,Local Bus,Gulistan–Farmgate,Weekday,Morning Peak,36,Teacher,Prefer not to say,Dry,Occasional,Crowding,Standing entire trip,The bus was so full that I had to stand bent near the gate for almost the whole trip.,Negative,-1,1,3,4,2,3,4,2,1,Low,28,55,30,None,No,Interview
521,Dhaka,Local Bus,Jatrabari–Badda,Weekday,Morning Peak,40,Job Seeker,Female,Dry,Occasional,Safety,Harassment concern,"The ride felt somewhat crowded, but I did not face any major safety issue.",Neutral,0,3,2,2,3,3,2,2,4,High,8,82,50,Elderly support,Maybe,Survey Form
522,Dhaka,Local Bus,Mohakhali–Badda,Weekday,Evening Peak,60,Banker,Male,Dry,Daily,Safety,Reckless driving,"Boarding was more orderly today, which made the trip feel safer.",Positive,2,4,3,4,3,4,4,3,4,Severe,10,58,15,None,Yes,No formal complaint
523,Dhaka,Local Bus,Jatrabari–Badda,Weekday,Morning Peak,45,Small Business,Prefer not to say,Dry,2-3 days/week,Information,No route info,"I got enough information after asking around, though it was not very clear at first.",Neutral,0,3,3,3,3,3,4,3,4,Moderate,18,65,35,None,Maybe,Interview
524,Dhaka,Local Bus,Mohakhali–Badda,Weekday,Morning Peak,36,Shopkeeper,Male,Dry,Daily,Accessibility,Difficult boarding,The bus doors were crowded and there was no support for people who need extra time to board.,Negative,-1,2,3,3,3,2,1,2,3,High,48,88,45,None,No,Survey Form
525,Dhaka,Local Bus,Jatrabari–Gulistan,Weekday,Morning Peak,44,Student,Prefer not to say,Light Rain,Daily,Delay,Long waiting time,"Traffic slowed the trip, but overall it was average.",Neutral,0,3,2,2,4,3,3,4,2,Moderate,10,104,60,Elderly support,Maybe,Interview
526,Dhaka,Local Bus,Mirpur–Farmgate,Weekday,Morning Peak,27,Driver,Female,Light Rain,Occasional,Information,Wrong stop info,"Bus e kono clear information chilo na, especially notun passenger der jonno eta problem.",Negative,-1,2,1,3,2,4,3,4,3,High,24,48,30,None,No,No formal complaint
527,Dhaka,Local Bus,Uttara–Airport,Weekday,Morning Peak,37,Homemaker,Prefer not to say,Dry,Occasional,Information,No timing info,Clear route and stop information would save passengers a lot of confusion.,Negative,-1,1,1,2,2,4,4,3,3,High,29,92,35,None,No,Survey Form
528,Dhaka,Local Bus,New Market–Science Lab,Weekday,Morning Peak,60,Healthcare Worker,Female,Light Rain,2-3 days/week,Cleanliness,Dirty seats,"For a local bus, the condition was actually acceptable today.",Positive,2,5,3,4,4,3,4,4,4,Severe,9,50,30,Wheelchair access,Yes,Online Form
529,Dhaka,Local Bus,Sayedabad–Kuril,Weekday,Evening Peak,47,Freelancer,Male,Light Rain,Occasional,Information,No route info,Even a small sign or proper announcement could have made this trip easier.,Negative,-2,2,1,3,4,3,3,3,3,Low,58,46,30,None,No,No formal complaint
530,Dhaka,Local Bus,Jatrabari–Badda,Weekday,Evening Peak,25,Small Business,Female,Light Rain,Daily,Cleanliness,Litter inside,"The inside looked used and worn, but not worse than usual.",Neutral,0,3,4,4,3,2,4,2,2,Severe,14,70,50,None,Maybe,No formal complaint
531,Dhaka,Local Bus,Azimpur–Shahbagh,Weekday,Evening Peak,34,Banker,Male,Light Rain,Daily,Comfort,Hot interior,"Peak hour e local bus e comfort expect kora jay na, but ajke situation aro kharap chilo.",Negative,-2,2,3,2,4,2,2,3,1,Severe,33,90,40,None,No,No formal complaint
532,Dhaka,Local Bus,Jatrabari–Badda,Weekday,Evening Peak,58,Job Seeker,Prefer not to say,Heavy Rain,4-5 days/week,Information,No timing info,"The route details were clear enough today, so I did not have to guess much.",Positive,1,4,4,2,2,4,3,3,2,High,11,73,15,None,Yes,Online Form
533,Dhaka,Local Bus,Motijheel–Rampura,Weekday,Evening Peak,45,Healthcare Worker,Male,Dry,2-3 days/week,Safety,Harassment concern,The bus did not stop properly and passengers had to get on while it was moving slowly. That is not safe at all.,Negative,-1,1,2,1,3,2,3,4,2,Moderate,50,63,15,None,No,No formal complaint
534,Dhaka,Local Bus,Motijheel–Rampura,Weekday,Morning Peak,23,Teacher,Female,Dry,Occasional,Safety,Harassment concern,"The ride felt somewhat crowded, but I did not face any major safety issue.",Neutral,0,3,3,3,4,4,2,2,2,Severe,13,99,25,Elderly support,Maybe,Interview
535,Dhaka,Local Bus,Jatrabari–Badda,Weekday,Evening Peak,46,Homemaker,Female,Dry,4-5 days/week,Comfort,Hot interior,"Between heat, noise, and crowding, this felt like a very draining commute.",Negative,-2,1,4,4,3,2,2,3,1,High,34,30,30,None,No,No formal complaint
536,Dhaka,Local Bus,Farmgate–Mohakhali,Weekday,Morning Peak,43,Student,Prefer not to say,Dry,4-5 days/week,Availability,Long headway,Service frequency was neither very good nor very bad.,Neutral,0,3,3,3,4,3,4,2,2,Severe,20,33,15,None,Maybe,Survey Form
537,Dhaka,Local Bus,Mirpur–Farmgate,Weekday,Evening Peak,43,Homemaker,Female,Light Rain,2-3 days/week,Comfort,Poor ventilation,The seat condition was poor and there was no real comfort during the trip.,Negative,-1,2,4,3,3,4,2,2,1,High,50,90,60,None,No,Survey Form
538,Dhaka,Local Bus,Jatrabari–Gulistan,Weekday,Evening Peak,23,Driver,Male,Dry,2-3 days/week,Staff Behavior,Helpful staff,Helper er kotha bolar dhoron bhalo chilo na. Choto proshno korleo kharap bhabe jawab dicchilo.,Negative,-2,1,3,2,3,2,4,4,3,High,22,50,40,Wheelchair access,No,Interview
539,Dhaka,Local Bus,Uttara–Airport,Weekday,Morning Peak,25,Small Business,Male,Light Rain,Daily,Information,No timing info,"There was some confusion, but I still reached the right destination.",Neutral,0,3,2,2,4,4,4,4,2,Severe,14,47,60,None,Maybe,No formal complaint
540,Dhaka,Local Bus,Jatrabari–Gulistan,Weekday,Morning Peak,51,Shopkeeper,Prefer not to say,Dry,Occasional,Availability,Too few buses,"A bus came after some waiting, so availability was average today.",Neutral,0,3,2,3,3,4,3,3,2,Severe,16,72,60,Traveling with child,Maybe,Online Form
541,Dhaka,Local Bus,Mohakhali–Badda,Weekday,Evening Peak,53,Office Employee,Female,Light Rain,2-3 days/week,Comfort,Poor ventilation,"Peak hour e local bus e comfort expect kora jay na, but ajke situation aro kharap chilo.",Negative,-2,1,4,3,3,4,3,4,1,High,65,102,30,None,No,Online Form
542,Dhaka,Local Bus,Farmgate–Mohakhali,Weekday,Evening Peak,26,Banker,Female,Heavy Rain,4-5 days/week,Accessibility,No elderly support,Accessibility er dike khub kom attention ache. Peak hour e nama-utha duitae kosto.,Negative,-1,1,3,2,4,3,1,3,3,Severe,36,90,40,None,No,Interview
543,Dhaka,Local Bus,Azimpur–Shahbagh,Weekday,Morning Peak,32,Factory Worker,Prefer not to say,Dry,4-5 days/week,Comfort,Seat discomfort,"Peak hour e local bus e comfort expect kora jay na, but ajke situation aro kharap chilo.",Negative,-2,2,3,2,2,4,4,3,1,High,45,79,50,Elderly support,No,Online Form
544,Dhaka,Local Bus,Motijheel–Rampura,Weekday,Evening Peak,26,Factory Worker,Prefer not to say,Dry,2-3 days/week,Information,No timing info,"There was some confusion, but I still reached the right destination.",Neutral,0,3,2,4,2,4,4,4,3,Severe,11,90,60,None,Maybe,Interview
545,Dhaka,Local Bus,Jatrabari–Badda,Weekday,Evening Peak,47,Factory Worker,Male,Dry,Daily,Crowding,Door blocked,Crowding made the ride stressful from start to finish. I could barely breathe comfortably.,Negative,-1,1,3,3,2,4,3,4,1,Severe,62,90,35,None,No,Online Form
546,Dhaka,Local Bus,Sayedabad–Kuril,Weekday,Evening Peak,33,Job Seeker,Male,Dry,Occasional,Crowding,Overcrowded bus,The bus was so full that I had to stand bent near the gate for almost the whole trip.,Negative,-2,2,4,3,3,2,4,4,2,Severe,26,58,50,None,No,Survey Form
547,Dhaka,Local Bus,Gulistan–Farmgate,Weekday,Morning Peak,21,Banker,Male,Dry,Daily,Crowding,Queue too long,Bus e emon bhir chilo je neme jabar agei chinta hoye jacchilo kivabe gate porjonto jabo.,Negative,-1,2,3,2,4,3,3,3,2,Severe,40,74,15,None,No,Interview
548,Dhaka,Local Bus,New Market–Science Lab,Weekday,Evening Peak,57,Homemaker,Prefer not to say,Dry,2-3 days/week,Cost,Fair fare,I did not mind paying this fare because the trip was manageable.,Positive,1,5,2,3,3,4,2,3,3,Severe,4,102,40,None,Yes,Interview
549,Dhaka,Local Bus,New Market–Science Lab,Weekday,Evening Peak,38,Student,Prefer not to say,Dry,2-3 days/week,Safety,Pickpocket risk,"People were pushing near the gate while boarding, and it felt risky, especially for women and older passengers.",Negative,-2,2,3,1,3,4,2,3,2,Severe,58,92,25,None,No,Interview
550,Dhaka,Local Bus,Mirpur–Farmgate,Weekday,Evening Peak,38,Shopkeeper,Prefer not to say,Heavy Rain,Daily,Safety,Pickpocket risk,Rush hour e safety niye onek tension lage. Driver o helper duijon e khub aggressive chilo.,Negative,-1,2,3,1,2,3,3,3,2,Severe,56,42,20,None,No,No formal complaint
551,Dhaka,Local Bus,Gulistan–Farmgate,Weekday,Evening Peak,26,Freelancer,Prefer not to say,Dry,Occasional,Cost,Extra charge,I did not mind paying this fare because the trip was manageable.,Positive,1,4,2,2,2,4,3,4,3,Moderate,12,46,30,None,Yes,Online Form
552,Dhaka,Local Bus,Jatrabari–Badda,Weekday,Evening Peak,34,Shopkeeper,Female,Dry,2-3 days/week,Crowding,Overcrowded bus,"There was pressure inside the bus, but not severe.",Neutral,0,3,3,4,3,4,4,4,3,Moderate,9,89,25,None,Maybe,No formal complaint
553,Dhaka,Local Bus,Mirpur–Shahbagh,Weekday,Evening Peak,31,Banker,Male,Light Rain,2-3 days/week,Staff Behavior,Poor communication,A calm and respectful attitude from the staff made the ride easier.,Positive,2,4,2,4,4,2,2,3,2,High,3,68,40,None,Yes,No formal complaint
554,Dhaka,Local Bus,Jatrabari–Badda,Weekday,Evening Peak,50,Factory Worker,Prefer not to say,Dry,Daily,Safety,Reckless driving,"Safety was okay today, though the boarding process could be better.",Neutral,0,3,3,3,4,4,4,2,3,Severe,19,73,35,None,Maybe,Survey Form
555,Dhaka,Local Bus,Motijheel–Rampura,Weekday,Morning Peak,29,Small Business,Female,Light Rain,Occasional,Cost,Unclear fare,I paid more than usual today and there was no proper explanation from the conductor.,Negative,-2,2,2,4,3,2,2,4,3,High,24,46,50,None,No,Online Form
556,Dhaka,Local Bus,Jatrabari–Badda,Weekday,Morning Peak,33,Banker,Prefer not to say,Light Rain,2-3 days/week,Accessibility,Poor stop access,Getting on the bus was difficult because it barely stopped near the designated stop.,Negative,-1,1,4,4,4,4,1,2,2,Moderate,45,98,20,None,No,Survey Form
557,Dhaka,Local Bus,Sayedabad–Kuril,Weekday,Evening Peak,58,Freelancer,Prefer not to say,Heavy Rain,Daily,Crowding,Queue too long,Crowding was less intense than I expected today.,Positive,2,4,3,3,4,3,3,2,4,High,7,83,50,None,Yes,No formal complaint
558,Dhaka,Local Bus,Uttara–Airport,Weekday,Morning Peak,35,Student,Prefer not to say,Light Rain,4-5 days/week,Staff Behavior,Poor communication,Communication from the conductor was average today.,Neutral,0,3,2,2,3,3,2,3,3,Moderate,12,102,20,None,Maybe,Online Form
559,Dhaka,Local Bus,Mohakhali–Badda,Weekday,Morning Peak,52,Freelancer,Prefer not to say,Heavy Rain,Daily,Availability,Route shortage,"I found a bus fairly quickly, even during the rush.",Positive,1,4,3,3,4,3,4,4,2,High,12,74,45,None,Yes,Online Form
560,Dhaka,Local Bus,Jatrabari–Gulistan,Weekday,Morning Peak,57,Shopkeeper,Male,Light Rain,4-5 days/week,Availability,No seat available,There were far fewer buses than the number of waiting passengers. The line just kept getting longer.,Negative,-1,2,2,3,2,4,4,2,4,Moderate,51,67,40,None,No,Online Form
561,Dhaka,Local Bus,New Market–Science Lab,Weekday,Evening Peak,22,Student,Male,Dry,2-3 days/week,Cleanliness,Bad odor,"The vehicle looked poorly maintained, and it made an already tiring trip feel worse.",Negative,-1,1,2,2,1,4,2,2,3,High,63,62,35,Wheelchair access,No,No formal complaint
562,Dhaka,Local Bus,Jatrabari–Badda,Weekday,Morning Peak,30,Small Business,Prefer not to say,Dry,4-5 days/week,Delay,Irregular service,"There was some waiting time, though it was still manageable.",Neutral,0,3,3,2,2,4,4,4,2,Moderate,11,79,20,None,Maybe,Survey Form
563,Dhaka,Local Bus,Jatrabari–Gulistan,Weekday,Morning Peak,49,Factory Worker,Female,Dry,Daily,Safety,Pickpocket risk,The bus was so packed that I kept worrying about my phone and wallet the whole trip.,Negative,-1,1,3,1,3,2,4,2,2,High,36,67,15,None,No,No formal complaint
564,Dhaka,Local Bus,Motijheel–Rampura,Weekday,Morning Peak,21,Student,Prefer not to say,Dry,Occasional,Cleanliness,Litter inside,"The inside of the bus was dusty, the seats were dirty, and there was a bad smell the whole way.",Negative,-2,1,3,2,1,2,2,2,2,High,56,35,30,None,No,Survey Form
565,Dhaka,Local Bus,Sayedabad–Kuril,Weekday,Evening Peak,40,Shopkeeper,Prefer not to say,Dry,Daily,Staff Behavior,Helpful staff,Staff behavior made the whole ride more unpleasant than it needed to be.,Negative,-2,1,4,2,3,2,2,2,3,Moderate,58,91,40,None,No,No formal complaint
566,Dhaka,Local Bus,Mohakhali–Badda,Weekday,Morning Peak,30,Job Seeker,Female,Dry,Daily,Accessibility,Poor stop access,Getting on the bus was difficult because it barely stopped near the designated stop.,Negative,-2,2,3,2,3,3,1,2,4,Severe,54,87,35,None,No,Survey Form
567,Dhaka,Local Bus,Azimpur–Shahbagh,Weekday,Evening Peak,35,Office Employee,Female,Heavy Rain,2-3 days/week,Accessibility,Difficult boarding,The bus doors were crowded and there was no support for people who need extra time to board.,Negative,-2,1,2,2,4,2,1,3,2,Moderate,34,87,60,None,No,Online Form
568,Dhaka,Local Bus,Farmgate–Mohakhali,Weekday,Evening Peak,28,Banker,Prefer not to say,Light Rain,Daily,Cost,Unclear fare,"If the service stays like this, the fare should not keep increasing.",Negative,-2,1,4,4,4,1,4,4,4,Severe,34,87,25,Elderly support,No,Interview
569,Dhaka,Local Bus,Mirpur–Shahbagh,Weekday,Morning Peak,55,Student,Female,Dry,Occasional,Safety,Pickpocket risk,The bus was so packed that I kept worrying about my phone and wallet the whole trip.,Negative,-2,2,4,2,4,2,4,3,3,High,64,36,20,Elderly support,No,Online Form
570,Dhaka,Local Bus,Azimpur–Shahbagh,Weekday,Evening Peak,58,Student,Prefer not to say,Dry,Daily,Comfort,Too noisy,"The ride was jerky, noisy, and uncomfortable, especially while standing.",Negative,-1,2,4,4,3,2,4,4,2,Severe,19,98,25,None,No,No formal complaint
571,Dhaka,Local Bus,Mohakhali–Badda,Weekday,Morning Peak,30,Freelancer,Male,Dry,Occasional,Crowding,Queue too long,Crowding made the ride stressful from start to finish. I could barely breathe comfortably.,Negative,-2,1,3,4,3,3,4,3,1,Severe,29,87,15,None,No,No formal complaint
572,Dhaka,Local Bus,Motijheel–Rampura,Weekday,Morning Peak,42,Teacher,Prefer not to say,Heavy Rain,2-3 days/week,Cleanliness,Dirty seats,Bus ta onek nongra chilo. Gari te uthar por thekei uncomfortable lagchilo.,Negative,-1,2,2,3,2,4,3,3,3,High,60,100,35,None,No,Interview
573,Dhaka,Local Bus,New Market–Science Lab,Weekday,Evening Peak,42,Homemaker,Male,Light Rain,2-3 days/week,Cost,Extra charge,"It was not cheap, but not unreasonable either.",Neutral,0,3,2,3,2,2,2,2,2,High,9,103,20,None,Maybe,Survey Form
574,Dhaka,Local Bus,Mirpur–Shahbagh,Weekday,Morning Peak,58,Driver,Female,Dry,Occasional,Accessibility,Weak disability access,"The stop access felt manageable, even during the busy hour.",Positive,2,4,2,3,3,2,3,2,2,High,9,51,20,Wheelchair access,Yes,Survey Form
575,Dhaka,Local Bus,Mirpur–Farmgate,Weekday,Morning Peak,20,Job Seeker,Female,Light Rain,Occasional,Accessibility,Weak disability access,Accessibility er dike khub kom attention ache. Peak hour e nama-utha duitae kosto.,Negative,-1,2,4,3,3,2,2,4,2,Moderate,29,104,60,None,No,Interview
576,Dhaka,Local Bus,Jatrabari–Badda,Weekday,Morning Peak,38,Small Business,Female,Light Rain,2-3 days/week,Comfort,Seat discomfort,"Peak hour e local bus e comfort expect kora jay na, but ajke situation aro kharap chilo.",Negative,-1,2,2,3,4,3,2,3,2,Severe,43,44,40,Traveling with child,No,Survey Form
577,Dhaka,Local Bus,Jatrabari–Badda,Weekday,Morning Peak,38,Driver,Male,Heavy Rain,Daily,Crowding,Overcrowded bus,"There was pressure inside the bus, but not severe.",Neutral,0,3,4,4,2,2,2,2,3,High,16,78,30,None,Maybe,No formal complaint
578,Dhaka,Local Bus,Jatrabari–Gulistan,Weekday,Morning Peak,42,Factory Worker,Female,Dry,Daily,Staff Behavior,Helpful staff,The conductor spoke politely and guided passengers clearly.,Positive,1,5,2,3,4,4,4,2,2,High,3,51,25,None,Yes,No formal complaint
579,Dhaka,Local Bus,Gulistan–Farmgate,Weekday,Morning Peak,34,Teacher,Male,Dry,Occasional,Cost,High fare,"The fare felt acceptable, though service quality could still improve.",Neutral,0,3,3,3,3,3,2,3,2,High,19,84,40,None,Maybe,Online Form
580,Dhaka,Local Bus,Mirpur–Shahbagh,Weekday,Morning Peak,60,Small Business,Prefer not to say,Dry,4-5 days/week,Cleanliness,Poor maintenance,"The inside of the bus was dusty, the seats were dirty, and there was a bad smell the whole way.",Negative,-1,1,3,2,1,3,3,3,3,Moderate,25,63,20,Elderly support,No,Interview
581,Dhaka,Local Bus,Jatrabari–Gulistan,Weekday,Evening Peak,42,Driver,Prefer not to say,Dry,2-3 days/week,Information,Poor signage,There was no clear information about where the bus would stop or how long the delay would be.,Negative,-1,2,1,2,4,3,3,2,4,High,47,35,25,None,No,Online Form
582,Dhaka,Local Bus,Motijheel–Rampura,Weekday,Evening Peak,52,Student,Prefer not to say,Dry,Daily,Accessibility,No elderly support,"The footpath near the stop was crowded and broken, so reaching the bus safely was not easy.",Negative,-2,2,3,3,3,4,1,2,3,High,60,95,45,None,No,Survey Form
583,Dhaka,Local Bus,Mirpur–Farmgate,Weekday,Morning Peak,42,Homemaker,Male,Light Rain,4-5 days/week,Availability,No seat available,Availability was better today and I did not have to wait too long.,Positive,1,5,4,3,4,2,4,4,2,Severe,9,55,60,Wheelchair access,Yes,No formal complaint
584,Dhaka,Local Bus,Mirpur–Shahbagh,Weekday,Evening Peak,27,Banker,Female,Heavy Rain,4-5 days/week,Availability,No seat available,"Peak time e bus kom thake, tai sobai ekta bus er upor chap pore jay.",Negative,-1,1,1,2,2,2,3,1,2,High,33,35,45,None,No,No formal complaint
585,Dhaka,Local Bus,Gulistan–Farmgate,Weekday,Evening Peak,22,Office Employee,Male,Light Rain,Occasional,Crowding,Queue too long,Crowding made the ride stressful from start to finish. I could barely breathe comfortably.,Negative,-2,2,3,3,2,4,2,2,2,High,50,54,15,None,No,Survey Form
586,Dhaka,Local Bus,Uttara–Airport,Weekday,Morning Peak,30,Teacher,Female,Dry,4-5 days/week,Cleanliness,Litter inside,"The inside looked maintained, which made the trip easier to tolerate.",Positive,1,5,4,4,5,2,4,3,2,Severe,10,59,25,None,Yes,Interview
587,Dhaka,Local Bus,Jatrabari–Gulistan,Weekday,Morning Peak,55,Teacher,Male,Light Rain,Occasional,Safety,Pickpocket risk,I felt comparatively secure throughout the journey.,Positive,2,4,4,4,2,3,3,4,3,Moderate,5,56,40,None,Yes,Online Form
588,Dhaka,Local Bus,Mirpur–Farmgate,Weekday,Morning Peak,37,Student,Prefer not to say,Light Rain,Occasional,Accessibility,Difficult boarding,Getting on and off was smoother than usual.,Positive,2,4,3,3,2,4,4,2,4,High,6,44,20,None,Yes,Online Form
589,Dhaka,Local Bus,Azimpur–Shahbagh,Weekday,Morning Peak,26,Freelancer,Prefer not to say,Dry,Occasional,Availability,Too few buses,Service frequency was neither very good nor very bad.,Neutral,0,3,2,2,4,2,2,3,4,High,11,33,20,None,Maybe,No formal complaint
590,Dhaka,Local Bus,Mohakhali–Badda,Weekday,Morning Peak,27,Freelancer,Female,Light Rain,2-3 days/week,Safety,Pickpocket risk,The driver was braking so hard that everyone almost fell forward. I honestly did not feel safe.,Negative,-2,2,3,1,4,4,3,4,2,Moderate,58,68,30,Traveling with child,No,Survey Form
591,Dhaka,Local Bus,Jatrabari–Badda,Weekday,Morning Peak,34,Homemaker,Female,Dry,2-3 days/week,Delay,Irregular service,"Same problem again—long wait, slow movement, and too many unnecessary stops. Morning peak in Dhaka feels impossible sometimes.",Negative,-1,2,2,3,3,4,4,2,4,Severe,34,84,30,None,No,Online Form
592,Dhaka,Local Bus,Gulistan–Farmgate,Weekday,Evening Peak,59,Factory Worker,Female,Dry,2-3 days/week,Delay,Traffic congestion,"The local bus showed up very late today. By the time I reached my office, I was already behind schedule.",Negative,-2,2,1,4,3,4,2,4,2,High,37,78,45,None,No,Online Form
593,Dhaka,Local Bus,Jatrabari–Gulistan,Weekday,Morning Peak,26,Freelancer,Male,Light Rain,2-3 days/week,Comfort,Poor ventilation,"Comfort was average—no major issue, no special improvement.",Neutral,0,3,3,4,4,3,4,3,3,High,17,35,60,None,Maybe,Survey Form
594,Dhaka,Local Bus,Gulistan–Farmgate,Weekday,Morning Peak,52,Banker,Prefer not to say,Dry,2-3 days/week,Crowding,Queue too long,The bus was so full that I had to stand bent near the gate for almost the whole trip.,Negative,-2,1,3,3,4,2,2,2,1,Moderate,47,39,30,None,No,Survey Form
595,Dhaka,Local Bus,Gulistan–Farmgate,Weekday,Evening Peak,45,Freelancer,Prefer not to say,Dry,Occasional,Accessibility,Difficult boarding,The bus stopped properly and boarding was easier today.,Positive,1,5,3,3,4,2,5,2,2,Moderate,3,60,60,None,Yes,No formal complaint
596,Dhaka,Local Bus,Mirpur–Shahbagh,Weekday,Morning Peak,19,Shopkeeper,Female,Dry,Occasional,Accessibility,Difficult boarding,The bus doors were crowded and there was no support for people who need extra time to board.,Negative,-2,2,2,2,2,2,2,2,4,High,23,93,35,Wheelchair access,No,Survey Form
597,Dhaka,Local Bus,Jatrabari–Gulistan,Weekday,Evening Peak,47,Factory Worker,Prefer not to say,Dry,4-5 days/week,Crowding,Overcrowded bus,"I had to stand for part of the journey, though it was manageable.",Neutral,0,3,3,4,3,4,4,2,3,Moderate,15,48,20,None,Maybe,Online Form
598,Dhaka,Local Bus,Farmgate–Mohakhali,Weekday,Morning Peak,59,Teacher,Female,Dry,2-3 days/week,Crowding,Standing entire trip,"The bus was busy but still manageable, which is a relief during peak time.",Positive,1,5,2,3,2,4,2,3,5,High,5,49,40,None,Yes,Interview
599,Dhaka,Local Bus,Farmgate–Mohakhali,Weekday,Evening Peak,58,Student,Male,Dry,Daily,Staff Behavior,Rude helper,The conductor kept shouting instead of answering simple fare questions calmly.,Negative,-2,1,3,3,3,3,2,4,3,High,20,82,15,None,No,Online Form
600,Dhaka,Local Bus,New Market–Science Lab,Weekday,Evening Peak,48,Student,Prefer not to say,Light Rain,Occasional,Delay,Late departure,"Same problem again—long wait, slow movement, and too many unnecessary stops. Morning peak in Dhaka feels impossible sometimes.",Negative,-2,1,1,3,4,2,4,2,4,High,30,45,45,None,No,Interview
601,Dhaka,Local Bus,Azimpur–Shahbagh,Weekday,Morning Peak,18,Banker,Prefer not to say,Heavy Rain,Occasional,Delay,Long waiting time,"For once, the trip moved smoothly and I reached on time.",Positive,2,4,4,3,4,4,4,2,3,Moderate,8,60,30,Traveling with child,Yes,No formal complaint
602,Dhaka,Local Bus,Uttara–Airport,Weekday,Morning Peak,25,Teacher,Female,Light Rain,2-3 days/week,Staff Behavior,Poor communication,Helper er kotha bolar dhoron bhalo chilo na. Choto proshno korleo kharap bhabe jawab dicchilo.,Negative,-2,1,4,3,3,2,4,4,2,High,42,59,35,Wheelchair access,No,No formal complaint
603,Dhaka,Local Bus,Jatrabari–Gulistan,Weekday,Evening Peak,23,Office Employee,Male,Dry,Daily,Cleanliness,Poor maintenance,"The inside looked maintained, which made the trip easier to tolerate.",Positive,1,5,2,4,5,3,2,3,3,Severe,3,35,35,Traveling with child,Yes,Survey Form
604,Dhaka,Local Bus,New Market–Science Lab,Weekday,Morning Peak,38,Healthcare Worker,Male,Dry,2-3 days/week,Safety,Reckless driving,"Boarding was more orderly today, which made the trip feel safer.",Positive,1,4,2,4,2,4,4,2,3,High,8,32,40,Traveling with child,Yes,Online Form
605,Dhaka,Local Bus,Sayedabad–Kuril,Weekday,Evening Peak,41,Healthcare Worker,Male,Light Rain,4-5 days/week,Staff Behavior,Aggressive conductor,A calm and respectful attitude from the staff made the ride easier.,Positive,2,4,4,2,3,4,3,2,3,High,6,62,35,None,Yes,Interview
606,Dhaka,Local Bus,Sayedabad–Kuril,Weekday,Evening Peak,42,Shopkeeper,Male,Dry,4-5 days/week,Crowding,Standing entire trip,Crowding was less intense than I expected today.,Positive,2,5,2,3,4,4,2,4,4,Moderate,4,81,20,Wheelchair access,Yes,Interview
607,Dhaka,Local Bus,Azimpur–Shahbagh,Weekday,Evening Peak,50,Shopkeeper,Prefer not to say,Dry,Daily,Cleanliness,Dirty seats,"For a local bus, the condition was actually acceptable today.",Positive,1,4,3,4,3,2,3,2,4,Moderate,9,95,60,None,Yes,No formal complaint
608,Dhaka,Local Bus,Azimpur–Shahbagh,Weekday,Morning Peak,28,Student,Prefer not to say,Dry,4-5 days/week,Crowding,Door blocked,Bus e emon bhir chilo je neme jabar agei chinta hoye jacchilo kivabe gate porjonto jabo.,Negative,-2,2,3,3,4,4,2,4,2,High,18,97,25,Wheelchair access,No,No formal complaint
609,Dhaka,Local Bus,New Market–Science Lab,Weekday,Morning Peak,33,Freelancer,Male,Light Rain,Occasional,Safety,Reckless driving,"Nothing serious happened, but the route still feels a little risky during rush hour.",Neutral,0,3,4,2,4,2,3,3,2,Moderate,16,65,20,None,Maybe,No formal complaint
610,Dhaka,Local Bus,Mirpur–Shahbagh,Weekday,Evening Peak,18,Homemaker,Female,Dry,2-3 days/week,Information,Wrong stop info,I had to ask three people before confirming whether this bus was going my way.,Negative,-1,1,1,2,4,4,4,2,2,Moderate,54,77,30,Elderly support,No,No formal complaint
611,Dhaka,Local Bus,Mirpur–Shahbagh,Weekday,Evening Peak,47,Student,Male,Dry,Daily,Availability,Too few buses,Service frequency was neither very good nor very bad.,Neutral,0,3,3,2,2,4,2,2,4,Low,18,36,40,None,Maybe,No formal complaint
612,Dhaka,Local Bus,Jatrabari–Gulistan,Weekday,Evening Peak,37,Healthcare Worker,Female,Dry,2-3 days/week,Information,No route info,"I got enough information after asking around, though it was not very clear at first.",Neutral,0,3,3,4,3,4,3,3,2,Severe,18,86,40,Traveling with child,Maybe,No formal complaint
613,Dhaka,Local Bus,Gulistan–Farmgate,Weekday,Morning Peak,37,Teacher,Male,Dry,Occasional,Crowding,Standing entire trip,"I had to stand for part of the journey, though it was manageable.",Neutral,0,3,4,2,3,4,2,4,3,Moderate,8,71,25,None,Maybe,Online Form
614,Dhaka,Local Bus,Jatrabari–Badda,Weekday,Morning Peak,36,Banker,Male,Dry,Daily,Accessibility,Poor stop access,This route is hard for elderly passengers. Even healthy people struggle to board during peak hours.,Negative,-1,2,3,2,3,2,2,4,3,High,40,64,60,None,No,Survey Form
615,Dhaka,Local Bus,Farmgate–Mohakhali,Weekday,Morning Peak,30,Shopkeeper,Male,Dry,4-5 days/week,Cost,Fair fare,"The fare felt acceptable, though service quality could still improve.",Neutral,0,3,4,3,3,3,4,2,4,High,9,54,60,None,Maybe,Interview
616,Dhaka,Local Bus,Jatrabari–Gulistan,Weekday,Morning Peak,51,Banker,Male,Dry,2-3 days/week,Accessibility,No elderly support,"Boarding took some effort, but I managed without much trouble.",Neutral,0,3,2,3,3,4,2,3,3,Severe,10,94,50,None,Maybe,Online Form
617,Dhaka,Local Bus,Mirpur–Shahbagh,Weekday,Morning Peak,51,Healthcare Worker,Female,Dry,Daily,Staff Behavior,Helpful staff,Staff behavior made the whole ride more unpleasant than it needed to be.,Negative,-1,2,2,4,4,4,2,3,2,High,63,37,35,None,No,Interview
618,Dhaka,Local Bus,Gulistan–Farmgate,Weekday,Evening Peak,48,Job Seeker,Male,Heavy Rain,Daily,Comfort,Poor ventilation,Ventilation was decent and the trip was less tiring today.,Positive,2,5,4,2,4,3,4,3,4,Moderate,6,62,60,None,Yes,Survey Form
619,Dhaka,Local Bus,Azimpur–Shahbagh,Weekday,Evening Peak,19,Office Employee,Male,Light Rain,Occasional,Safety,Harassment concern,"The driver handled the bus carefully today, and the ride felt safer than usual.",Positive,1,5,4,5,2,2,4,2,3,High,11,86,20,Elderly support,Yes,Interview
620,Dhaka,Local Bus,Mirpur–Farmgate,Weekday,Morning Peak,35,Driver,Prefer not to say,Dry,4-5 days/week,Availability,Too few buses,Service frequency was neither very good nor very bad.,Neutral,0,3,3,3,3,2,4,2,3,Severe,14,58,15,None,Maybe,Online Form
621,Dhaka,Local Bus,Jatrabari–Badda,Weekday,Morning Peak,52,Homemaker,Male,Heavy Rain,4-5 days/week,Cost,High fare,I did not mind paying this fare because the trip was manageable.,Positive,2,5,4,4,3,5,4,4,3,High,8,71,60,None,Yes,Survey Form
622,Dhaka,Local Bus,Jatrabari–Badda,Weekday,Morning Peak,45,Office Employee,Male,Dry,2-3 days/week,Staff Behavior,Rude helper,Communication from the conductor was average today.,Neutral,0,3,4,4,2,3,4,3,2,High,17,37,40,None,Maybe,Online Form
623,Dhaka,Local Bus,Motijheel–Rampura,Weekday,Morning Peak,59,Office Employee,Male,Dry,Daily,Crowding,Overcrowded bus,"Too many passengers, no personal space, and constant pushing—this should not be normal.",Negative,-1,1,3,4,4,2,4,4,1,Severe,18,44,45,Traveling with child,No,No formal complaint
624,Dhaka,Local Bus,New Market–Science Lab,Weekday,Morning Peak,38,Student,Female,Light Rain,Daily,Availability,No seat available,There were far fewer buses than the number of waiting passengers. The line just kept getting longer.,Negative,-2,1,1,2,3,2,3,1,4,Severe,53,70,15,None,No,No formal complaint
625,Dhaka,Local Bus,Gulistan–Farmgate,Weekday,Morning Peak,31,Banker,Prefer not to say,Dry,4-5 days/week,Cost,Unclear fare,"Compared with other days, today the cost felt reasonable.",Positive,2,4,2,3,2,4,3,3,4,Moderate,10,62,15,None,Yes,No formal complaint
626,Dhaka,Local Bus,Mirpur–Shahbagh,Weekday,Morning Peak,53,Student,Female,Dry,Daily,Availability,Too few buses,"A bus came after some waiting, so availability was average today.",Neutral,0,3,2,3,3,4,3,2,2,Severe,14,96,15,None,Maybe,No formal complaint
627,Dhaka,Local Bus,Gulistan–Farmgate,Weekday,Morning Peak,18,Job Seeker,Female,Dry,Daily,Cost,Unclear fare,The fare felt fair enough for the distance I traveled.,Positive,1,5,3,2,3,5,2,4,4,Severe,3,41,20,None,Yes,Interview
628,Dhaka,Local Bus,Jatrabari–Gulistan,Weekday,Evening Peak,18,Shopkeeper,Female,Dry,4-5 days/week,Accessibility,No elderly support,"The stop access felt manageable, even during the busy hour.",Positive,2,4,4,2,2,3,3,4,2,Severe,12,85,35,None,Yes,Online Form
629,Dhaka,Local Bus,Mirpur–Shahbagh,Weekday,Evening Peak,48,Small Business,Female,Light Rain,Occasional,Comfort,Too noisy,Ventilation was decent and the trip was less tiring today.,Positive,1,4,3,3,4,2,4,2,4,High,8,38,20,None,Yes,Interview
630,Dhaka,Local Bus,Mirpur–Farmgate,Weekday,Morning Peak,51,Homemaker,Male,Dry,Occasional,Staff Behavior,Helpful staff,Staff behavior was better today; they were helpful without being rude.,Positive,2,4,3,2,3,4,3,3,3,Low,8,59,45,Wheelchair access,Yes,No formal complaint
631,Dhaka,Local Bus,Mirpur–Farmgate,Weekday,Evening Peak,49,Office Employee,Prefer not to say,Dry,Occasional,Delay,Long waiting time,"I was standing at Jatrabari for almost 27 minutes and still no bus came on time. For a weekday peak hour, this is exhausting.",Negative,-2,2,2,2,3,2,3,2,4,High,29,45,35,None,No,Online Form
632,Dhaka,Local Bus,Mirpur–Shahbagh,Weekday,Morning Peak,44,Homemaker,Male,Dry,2-3 days/week,Crowding,Door blocked,"I had to stand for part of the journey, though it was manageable.",Neutral,0,3,3,4,3,2,2,3,3,Severe,12,71,20,None,Maybe,Online Form
633,Dhaka,Local Bus,Motijheel–Rampura,Weekday,Evening Peak,29,Office Employee,Male,Dry,Occasional,Crowding,Queue too long,I could stand comfortably enough without being pushed around too much.,Positive,2,5,2,3,2,4,4,4,4,High,6,54,20,Wheelchair access,Yes,No formal complaint
634,Dhaka,Local Bus,Mirpur–Shahbagh,Weekday,Morning Peak,35,Teacher,Male,Dry,2-3 days/week,Safety,Unsafe boarding,"Nothing serious happened, but the route still feels a little risky during rush hour.",Neutral,0,3,4,3,2,2,3,3,2,High,8,87,50,None,Maybe,Interview
635,Dhaka,Local Bus,Motijheel–Rampura,Weekday,Morning Peak,54,Homemaker,Female,Dry,Occasional,Cost,Unclear fare,"It was not cheap, but not unreasonable either.",Neutral,0,3,4,2,3,2,4,4,2,Severe,14,73,40,None,Maybe,No formal complaint
636,Dhaka,Local Bus,Farmgate–Mohakhali,Weekday,Evening Peak,38,Student,Female,Dry,2-3 days/week,Comfort,Seat discomfort,"It was a typical weekday trip, neither smooth nor terrible.",Neutral,0,3,4,4,3,2,4,3,3,High,20,37,20,None,Maybe,No formal complaint
637,Dhaka,Local Bus,Mohakhali–Badda,Weekday,Evening Peak,59,Job Seeker,Prefer not to say,Light Rain,4-5 days/week,Information,Poor signage,"The route details were clear enough today, so I did not have to guess much.",Positive,1,5,5,2,4,3,2,4,4,Severe,3,41,50,Elderly support,Yes,Interview
638,Dhaka,Local Bus,Motijheel–Rampura,Weekday,Evening Peak,20,Homemaker,Female,Dry,Occasional,Staff Behavior,Aggressive conductor,A little politeness would make a big difference for regular commuters.,Negative,-2,1,3,4,2,3,4,2,3,High,20,91,45,Elderly support,No,Interview
639,Dhaka,Local Bus,Mirpur–Shahbagh,Weekday,Morning Peak,26,Banker,Female,Dry,4-5 days/week,Crowding,Overcrowded bus,Crowding was less intense than I expected today.,Positive,2,5,4,4,4,2,4,2,4,Severe,3,68,50,Elderly support,Yes,Online Form
640,Dhaka,Local Bus,Sayedabad–Kuril,Weekday,Morning Peak,31,Job Seeker,Prefer not to say,Light Rain,Daily,Cost,Fair fare,"The fare felt acceptable, though service quality could still improve.",Neutral,0,3,2,3,3,2,4,4,2,High,17,95,35,Traveling with child,Maybe,Survey Form
641,Dhaka,Local Bus,Motijheel–Rampura,Weekday,Morning Peak,49,Office Employee,Female,Dry,Occasional,Delay,Long waiting time,"Same problem again—long wait, slow movement, and too many unnecessary stops. Morning peak in Dhaka feels impossible sometimes.",Negative,-2,1,1,3,2,4,2,3,2,High,55,81,20,Elderly support,No,Interview
642,Dhaka,Local Bus,New Market–Science Lab,Weekday,Morning Peak,45,Small Business,Female,Dry,4-5 days/week,Availability,Too few buses,"A bus came after some waiting, so availability was average today.",Neutral,0,3,3,2,4,4,3,2,3,High,9,104,20,None,Maybe,Online Form
643,Dhaka,Local Bus,Farmgate–Mohakhali,Weekday,Morning Peak,37,Student,Male,Light Rain,2-3 days/week,Safety,Reckless driving,"People were pushing near the gate while boarding, and it felt risky, especially for women and older passengers.",Negative,-2,1,3,1,3,4,4,4,2,High,39,70,25,None,No,No formal complaint
644,Dhaka,Local Bus,Sayedabad–Kuril,Weekday,Evening Peak,22,Homemaker,Male,Light Rain,2-3 days/week,Staff Behavior,Poor communication,A little politeness would make a big difference for regular commuters.,Negative,-1,1,2,4,2,4,2,4,4,Severe,60,105,20,None,No,Online Form
645,Dhaka,Local Bus,Gulistan–Farmgate,Weekday,Morning Peak,30,Banker,Female,Dry,Occasional,Cleanliness,Poor maintenance,"Cleanliness was average today—nothing impressive, nothing terrible.",Neutral,0,3,2,4,2,2,4,4,4,Severe,16,76,15,None,Maybe,Interview
646,Dhaka,Local Bus,Jatrabari–Gulistan,Weekday,Morning Peak,22,Factory Worker,Male,Dry,Occasional,Information,No route info,"The route details were clear enough today, so I did not have to guess much.",Positive,1,5,5,2,4,4,4,3,3,High,6,58,40,None,Yes,Interview
647,Dhaka,Local Bus,Mirpur–Shahbagh,Weekday,Evening Peak,18,Freelancer,Male,Dry,2-3 days/week,Information,Poor signage,"Bus e kono clear information chilo na, especially notun passenger der jonno eta problem.",Negative,-1,2,2,3,2,3,4,4,3,High,19,31,20,None,No,Interview
648,Dhaka,Local Bus,Mirpur–Shahbagh,Weekday,Morning Peak,25,Factory Worker,Prefer not to say,Light Rain,Occasional,Information,Poor signage,Even a small sign or proper announcement could have made this trip easier.,Negative,-2,2,1,4,3,3,2,4,4,High,38,85,25,None,No,Survey Form
649,Dhaka,Local Bus,New Market–Science Lab,Weekday,Evening Peak,22,Freelancer,Male,Dry,2-3 days/week,Availability,Too few buses,"Peak time e bus kom thake, tai sobai ekta bus er upor chap pore jay.",Negative,-1,2,2,2,2,3,2,2,4,Moderate,26,72,40,None,No,Online Form
650,Dhaka,Local Bus,New Market–Science Lab,Weekday,Evening Peak,32,Healthcare Worker,Male,Dry,Daily,Staff Behavior,Aggressive conductor,A little politeness would make a big difference for regular commuters.,Negative,-2,1,3,4,4,4,4,3,4,High,52,51,15,None,No,Online Form
651,Dhaka,Local Bus,Mirpur–Farmgate,Weekday,Morning Peak,57,Homemaker,Male,Dry,4-5 days/week,Crowding,Door blocked,Crowding made the ride stressful from start to finish. I could barely breathe comfortably.,Negative,-1,2,2,2,3,4,4,3,1,Severe,22,54,50,None,No,Online Form
652,Dhaka,Local Bus,Mohakhali–Badda,Weekday,Morning Peak,38,Office Employee,Prefer not to say,Dry,Daily,Delay,Traffic congestion,"The local bus showed up very late today. By the time I reached my exam, I was already behind schedule.",Negative,-1,2,2,3,2,2,2,4,2,Moderate,33,100,35,None,No,Online Form
653,Dhaka,Local Bus,Uttara–Airport,Weekday,Morning Peak,41,Healthcare Worker,Male,Light Rain,2-3 days/week,Staff Behavior,Poor communication,"The staff were not especially helpful, but they were not very rude either.",Neutral,0,3,3,3,3,4,2,2,4,Severe,20,90,50,Traveling with child,Maybe,No formal complaint
654,Dhaka,Local Bus,Mirpur–Farmgate,Weekday,Morning Peak,56,Banker,Male,Light Rain,Daily,Safety,Unsafe boarding,The driver was braking so hard that everyone almost fell forward. I honestly did not feel safe.,Negative,-2,1,2,1,4,4,2,2,3,Severe,26,102,30,None,No,Survey Form
655,Dhaka,Local Bus,Mohakhali–Badda,Weekday,Evening Peak,53,Teacher,Female,Dry,Occasional,Crowding,Door blocked,"The bus was busy but still manageable, which is a relief during peak time.",Positive,2,5,3,3,3,4,3,4,4,High,6,94,50,Elderly support,Yes,Online Form
656,Dhaka,Local Bus,Farmgate–Mohakhali,Weekday,Evening Peak,26,Shopkeeper,Female,Dry,4-5 days/week,Cost,High fare,"Vara ta service er sathe match kore na. Joto taka dei, toto quality pai na.",Negative,-2,1,3,4,4,1,4,3,2,High,25,101,45,None,No,Interview
657,Dhaka,Local Bus,New Market–Science Lab,Weekday,Morning Peak,33,Small Business,Male,Dry,4-5 days/week,Cleanliness,Bad odor,"For a local bus, the condition was actually acceptable today.",Positive,2,4,3,3,3,3,3,2,3,Moderate,10,63,15,None,Yes,Online Form
658,Dhaka,Local Bus,Farmgate–Mohakhali,Weekday,Evening Peak,42,Small Business,Male,Dry,4-5 days/week,Availability,Too few buses,There were far fewer buses than the number of waiting passengers. The line just kept getting longer.,Negative,-2,1,1,4,4,3,3,1,2,Moderate,36,33,25,Traveling with child,No,No formal complaint
659,Dhaka,Local Bus,Gulistan–Farmgate,Weekday,Evening Peak,60,Office Employee,Male,Dry,Daily,Availability,Too few buses,"I expected more buses on Gulistan–Farmgate, but service frequency was disappointing today.",Negative,-1,1,1,2,3,3,4,1,4,Low,25,103,60,None,No,Interview
660,Dhaka,Local Bus,Azimpur–Shahbagh,Weekday,Morning Peak,40,Teacher,Female,Dry,4-5 days/week,Information,No timing info,I could follow the stops without much confusion.,Positive,1,4,4,3,4,3,2,3,2,Severe,8,36,25,None,Yes,Survey Form
661,Dhaka,Local Bus,Farmgate–Mohakhali,Weekday,Morning Peak,51,Shopkeeper,Male,Dry,2-3 days/week,Availability,Long headway,Service frequency was neither very good nor very bad.,Neutral,0,3,2,4,2,4,4,3,4,High,20,75,40,None,Maybe,Survey Form
662,Dhaka,Local Bus,Azimpur–Shahbagh,Weekday,Morning Peak,38,Job Seeker,Male,Light Rain,2-3 days/week,Crowding,Standing entire trip,"The bus was crowded, but that is normal during peak time.",Neutral,0,3,2,4,4,4,3,2,2,High,11,84,15,Traveling with child,Maybe,No formal complaint
663,Dhaka,Local Bus,Azimpur–Shahbagh,Weekday,Evening Peak,46,Freelancer,Male,Dry,4-5 days/week,Cost,Extra charge,The fare felt too high considering how crowded and uncomfortable the ride was.,Negative,-1,2,4,4,3,2,4,3,2,Severe,19,66,25,None,No,No formal complaint
664,Dhaka,Local Bus,Sayedabad–Kuril,Weekday,Morning Peak,18,Job Seeker,Prefer not to say,Dry,2-3 days/week,Delay,Late departure,"There was some waiting time, though it was still manageable.",Neutral,0,3,3,2,3,2,3,3,3,High,9,82,50,None,Maybe,Online Form
665,Dhaka,Local Bus,Gulistan–Farmgate,Weekday,Morning Peak,37,Homemaker,Male,Dry,Daily,Delay,Late departure,"Traffic slowed the trip, but overall it was average.",Neutral,0,3,2,2,3,4,3,2,2,Severe,13,78,30,None,Maybe,Online Form
666,Dhaka,Local Bus,Mohakhali–Badda,Weekday,Evening Peak,25,Homemaker,Female,Dry,4-5 days/week,Staff Behavior,Helpful staff,Staff behavior made the whole ride more unpleasant than it needed to be.,Negative,-2,1,4,3,2,4,2,3,3,Severe,48,95,35,Elderly support,No,No formal complaint
667,Dhaka,Local Bus,Uttara–Airport,Weekday,Evening Peak,41,Shopkeeper,Female,Dry,2-3 days/week,Crowding,Standing entire trip,Crowding was less intense than I expected today.,Positive,1,4,4,2,2,3,3,2,3,High,11,68,45,None,Yes,Online Form
668,Dhaka,Local Bus,Uttara–Airport,Weekday,Evening Peak,48,Shopkeeper,Prefer not to say,Light Rain,4-5 days/week,Safety,Unsafe boarding,The driver was braking so hard that everyone almost fell forward. I honestly did not feel safe.,Negative,-2,1,4,1,3,3,3,3,3,Moderate,41,83,35,None,No,Survey Form
669,Dhaka,Local Bus,Motijheel–Rampura,Weekday,Evening Peak,36,Healthcare Worker,Prefer not to say,Dry,Occasional,Cost,High fare,I would say the cost was average for this route.,Neutral,0,3,2,3,4,2,4,2,3,Moderate,11,93,45,None,Maybe,Online Form
670,Dhaka,Local Bus,Jatrabari–Badda,Weekday,Morning Peak,40,Teacher,Female,Heavy Rain,2-3 days/week,Crowding,Overcrowded bus,"Everyone was squeezed together, and even moving one step inside felt impossible.",Negative,-1,1,4,4,4,4,2,4,1,Moderate,49,86,40,None,No,Survey Form
671,Dhaka,Local Bus,Azimpur–Shahbagh,Weekday,Morning Peak,46,Teacher,Female,Dry,Occasional,Safety,Unsafe boarding,The bus did not stop properly and passengers had to get on while it was moving slowly. That is not safe at all.,Negative,-2,1,2,1,2,2,4,2,4,Severe,36,31,35,None,No,Online Form
672,Dhaka,Local Bus,Azimpur–Shahbagh,Weekday,Morning Peak,22,Healthcare Worker,Male,Dry,Occasional,Accessibility,Weak disability access,Getting on the bus was difficult because it barely stopped near the designated stop.,Negative,-1,1,3,3,3,2,1,3,4,High,57,37,60,None,No,Survey Form
673,Dhaka,Local Bus,Farmgate–Mohakhali,Weekday,Morning Peak,33,Banker,Female,Dry,4-5 days/week,Safety,Reckless driving,"Boarding was more orderly today, which made the trip feel safer.",Positive,1,5,4,4,2,3,4,3,3,Severe,9,92,25,None,Yes,No formal complaint
674,Dhaka,Local Bus,Mohakhali–Badda,Weekday,Morning Peak,27,Student,Female,Light Rain,Occasional,Comfort,Hot interior,"Peak hour e local bus e comfort expect kora jay na, but ajke situation aro kharap chilo.",Negative,-2,2,3,3,4,3,3,4,1,Moderate,45,85,40,None,No,Survey Form
675,Dhaka,Local Bus,Gulistan–Farmgate,Weekday,Morning Peak,28,Job Seeker,Female,Dry,2-3 days/week,Accessibility,No elderly support,The bus stopped properly and boarding was easier today.,Positive,2,5,3,2,4,3,5,3,3,Moderate,11,91,45,None,Yes,Interview
676,Dhaka,Local Bus,Mirpur–Shahbagh,Weekday,Evening Peak,36,Job Seeker,Female,Dry,2-3 days/week,Safety,Harassment concern,"The ride felt somewhat crowded, but I did not face any major safety issue.",Neutral,0,3,2,2,2,2,4,3,2,Moderate,17,84,20,None,Maybe,No formal complaint
677,Dhaka,Local Bus,Farmgate–Mohakhali,Weekday,Evening Peak,46,Driver,Female,Dry,Occasional,Cleanliness,Bad odor,"For daily commuting, the cleanliness is really below standard. The floor was messy and the windows looked untouched.",Negative,-2,1,4,4,1,4,2,3,2,Moderate,29,71,30,Elderly support,No,Interview
678,Dhaka,Local Bus,New Market–Science Lab,Weekday,Evening Peak,21,Healthcare Worker,Female,Dry,Daily,Availability,Too few buses,"During office time, availability is still poor. Demand is clearly higher than supply.",Negative,-1,2,2,3,4,2,3,2,3,High,22,69,40,Traveling with child,No,Survey Form
679,Dhaka,Local Bus,Azimpur–Shahbagh,Weekday,Morning Peak,25,Healthcare Worker,Prefer not to say,Dry,2-3 days/week,Availability,Route shortage,"Peak time e bus kom thake, tai sobai ekta bus er upor chap pore jay.",Negative,-2,1,1,4,3,4,2,1,2,Severe,33,102,20,Traveling with child,No,Survey Form
680,Dhaka,Local Bus,Mirpur–Farmgate,Weekday,Evening Peak,51,Freelancer,Male,Dry,4-5 days/week,Information,Poor signage,There was no clear information about where the bus would stop or how long the delay would be.,Negative,-2,1,1,3,2,3,4,3,4,High,55,95,40,None,No,Interview
681,Dhaka,Local Bus,Mirpur–Farmgate,Weekday,Evening Peak,25,Job Seeker,Prefer not to say,Light Rain,Occasional,Staff Behavior,Helpful staff,A little politeness would make a big difference for regular commuters.,Negative,-1,2,2,2,4,4,2,4,4,Severe,25,59,30,None,No,Interview
682,Dhaka,Local Bus,Mirpur–Farmgate,Weekday,Morning Peak,42,Student,Prefer not to say,Heavy Rain,4-5 days/week,Availability,Too few buses,Service frequency was neither very good nor very bad.,Neutral,0,3,3,2,4,3,2,3,3,Severe,16,104,15,None,Maybe,No formal complaint
683,Dhaka,Local Bus,Azimpur–Shahbagh,Weekday,Evening Peak,39,Teacher,Prefer not to say,Light Rain,4-5 days/week,Crowding,Standing entire trip,"There was pressure inside the bus, but not severe.",Neutral,0,3,4,3,4,4,4,2,3,High,9,81,25,None,Maybe,Online Form
684,Dhaka,Local Bus,Azimpur–Shahbagh,Weekday,Morning Peak,59,Healthcare Worker,Male,Dry,2-3 days/week,Information,No timing info,"I got enough information after asking around, though it was not very clear at first.",Neutral,0,3,3,3,2,3,3,3,3,High,16,93,25,None,Maybe,No formal complaint
685,Dhaka,Local Bus,Jatrabari–Gulistan,Weekday,Evening Peak,21,Factory Worker,Male,Dry,2-3 days/week,Delay,Long waiting time,"I was standing at Badda for almost 62 minutes and still no bus came on time. For a weekday peak hour, this is exhausting.",Negative,-2,1,1,4,3,2,4,4,4,Severe,46,57,25,None,No,Online Form
686,Dhaka,Local Bus,Mohakhali–Badda,Weekday,Morning Peak,35,Shopkeeper,Male,Dry,4-5 days/week,Comfort,Hot interior,"It was a typical weekday trip, neither smooth nor terrible.",Neutral,0,3,2,4,2,4,3,3,3,Severe,16,95,15,None,Maybe,Survey Form
687,Dhaka,Local Bus,Farmgate–Mohakhali,Weekday,Morning Peak,39,Shopkeeper,Male,Light Rain,2-3 days/week,Crowding,Standing entire trip,I could stand comfortably enough without being pushed around too much.,Positive,2,4,2,2,2,4,4,3,4,Severe,7,98,60,None,Yes,Online Form
688,Dhaka,Local Bus,Azimpur–Shahbagh,Weekday,Evening Peak,59,Freelancer,Female,Dry,Daily,Delay,Long waiting time,"I was standing at Kuril for almost 37 minutes and still no bus came on time. For a weekday peak hour, this is exhausting.",Negative,-1,2,2,4,2,3,4,4,2,Moderate,53,89,30,None,No,No formal complaint
689,Dhaka,Local Bus,Azimpur–Shahbagh,Weekday,Evening Peak,28,Shopkeeper,Male,Dry,Daily,Availability,Long headway,"If you miss one local bus on this route, you may have to wait a long time for the next one.",Negative,-1,1,1,3,2,4,3,1,2,High,29,72,60,None,No,Online Form
690,Dhaka,Local Bus,Jatrabari–Gulistan,Weekday,Morning Peak,19,Driver,Female,Dry,Occasional,Cleanliness,Litter inside,"The inside of the bus was dusty, the seats were dirty, and there was a bad smell the whole way.",Negative,-1,2,2,4,2,4,4,2,3,Moderate,65,55,60,Wheelchair access,No,Interview
691,Dhaka,Local Bus,Mirpur–Farmgate,Weekday,Morning Peak,36,Banker,Prefer not to say,Heavy Rain,Daily,Delay,Traffic congestion,Aajke bus er jonno eto wait korte holo je matha noshto hoye gelo. Peak hour e regular service thakar kotha.,Negative,-1,1,1,4,3,2,4,4,3,High,50,59,45,None,No,Interview
692,Dhaka,Local Bus,Sayedabad–Kuril,Weekday,Morning Peak,43,Healthcare Worker,Prefer not to say,Dry,2-3 days/week,Information,No timing info,Even a small sign or proper announcement could have made this trip easier.,Negative,-1,1,1,4,3,4,3,3,2,Severe,51,52,50,None,No,No formal complaint
693,Dhaka,Local Bus,Mirpur–Shahbagh,Weekday,Evening Peak,53,Factory Worker,Prefer not to say,Light Rain,Daily,Crowding,Overcrowded bus,I could stand comfortably enough without being pushed around too much.,Positive,1,5,4,4,2,3,4,3,4,High,6,96,45,None,Yes,Online Form
694,Dhaka,Local Bus,Jatrabari–Gulistan,Weekday,Evening Peak,24,Teacher,Male,Light Rain,Occasional,Crowding,Overcrowded bus,"Too many passengers, no personal space, and constant pushing—this should not be normal.",Negative,-1,2,3,2,3,3,4,2,2,Moderate,53,92,45,None,No,Online Form
695,Dhaka,Local Bus,Mirpur–Shahbagh,Weekday,Morning Peak,33,Teacher,Male,Dry,Occasional,Comfort,Hot interior,Ventilation was decent and the trip was less tiring today.,Positive,2,5,4,2,2,3,3,4,5,High,10,54,60,None,Yes,No formal complaint
696,Dhaka,Local Bus,Farmgate–Mohakhali,Weekday,Evening Peak,60,Driver,Female,Dry,2-3 days/week,Comfort,Poor ventilation,"The ride was tiring, but about what I normally expect from a local bus.",Neutral,0,3,4,4,3,4,3,3,3,Severe,16,79,35,Elderly support,Maybe,No formal complaint
697,Dhaka,Local Bus,Mirpur–Farmgate,Weekday,Evening Peak,48,Freelancer,Female,Dry,Occasional,Staff Behavior,Rude helper,A little politeness would make a big difference for regular commuters.,Negative,-2,2,2,4,2,3,3,2,4,Severe,26,34,35,Elderly support,No,Online Form
698,Dhaka,Local Bus,Motijheel–Rampura,Weekday,Morning Peak,18,Teacher,Female,Dry,2-3 days/week,Delay,Late departure,"The bus came sooner than I expected, which almost never happens during peak hour.",Positive,2,5,5,4,3,2,4,3,3,Moderate,8,33,45,None,Yes,Survey Form
699,Dhaka,Local Bus,Mirpur–Shahbagh,Weekday,Evening Peak,40,Factory Worker,Female,Dry,Occasional,Availability,No seat available,"A bus came after some waiting, so availability was average today.",Neutral,0,3,3,3,3,4,4,3,3,High,8,35,40,Wheelchair access,Maybe,Interview
700,Dhaka,Local Bus,Jatrabari–Badda,Weekday,Evening Peak,30,Driver,Prefer not to say,Dry,2-3 days/week,Safety,Reckless driving,"The driver handled the bus carefully today, and the ride felt safer than usual.",Positive,2,5,4,4,2,2,4,4,2,High,3,30,35,None,Yes,Interview
701,Dhaka,Local Bus,Mirpur–Shahbagh,Weekday,Morning Peak,47,Small Business,Male,Dry,4-5 days/week,Cleanliness,Dirty seats,"I do not expect luxury, but at least the bus should be clean enough to sit comfortably.",Negative,-2,1,4,4,1,3,3,2,4,High,62,60,50,None,No,No formal complaint
702,Dhaka,Local Bus,Sayedabad–Kuril,Weekday,Evening Peak,34,Healthcare Worker,Female,Heavy Rain,Daily,Delay,Late departure,Aajke bus er jonno eto wait korte holo je matha noshto hoye gelo. Peak hour e regular service thakar kotha.,Negative,-2,1,1,4,3,2,2,3,4,Severe,25,59,60,None,No,No formal complaint
703,Dhaka,Local Bus,New Market–Science Lab,Weekday,Morning Peak,21,Healthcare Worker,Female,Dry,Daily,Availability,Long headway,Service frequency was neither very good nor very bad.,Neutral,0,3,3,3,3,3,2,2,4,Severe,13,102,60,None,Maybe,Online Form
704,Dhaka,Local Bus,Azimpur–Shahbagh,Weekday,Morning Peak,25,Healthcare Worker,Female,Dry,Occasional,Cleanliness,Dirty seats,Bus ta onek nongra chilo. Gari te uthar por thekei uncomfortable lagchilo.,Negative,-1,2,4,3,1,2,2,2,3,High,46,67,45,None,No,Survey Form
705,Dhaka,Local Bus,Jatrabari–Gulistan,Weekday,Morning Peak,28,Job Seeker,Female,Dry,2-3 days/week,Delay,Irregular service,"I was standing at Jatrabari for almost 20 minutes and still no bus came on time. For a weekday peak hour, this is exhausting.",Negative,-2,2,1,4,2,3,4,2,3,Severe,35,68,60,None,No,Online Form
706,Dhaka,Local Bus,Gulistan–Farmgate,Weekday,Morning Peak,22,Healthcare Worker,Female,Dry,Occasional,Cleanliness,Dirty seats,"For daily commuting, the cleanliness is really below standard. The floor was messy and the windows looked untouched.",Negative,-1,2,2,3,2,3,2,4,4,High,52,45,25,Traveling with child,No,No formal complaint
707,Dhaka,Local Bus,Motijheel–Rampura,Weekday,Evening Peak,33,Office Employee,Prefer not to say,Dry,4-5 days/week,Availability,Too few buses,"I found a bus fairly quickly, even during the rush.",Positive,1,5,5,3,4,4,3,5,3,Moderate,12,70,30,None,Yes,Online Form
708,Dhaka,Local Bus,Mirpur–Farmgate,Weekday,Morning Peak,54,Healthcare Worker,Prefer not to say,Light Rain,Daily,Staff Behavior,Poor communication,Communication from the conductor was average today.,Neutral,0,3,2,3,2,4,3,2,2,Severe,20,30,30,None,Maybe,No formal complaint
709,Dhaka,Local Bus,Uttara–Airport,Weekday,Evening Peak,58,Teacher,Prefer not to say,Dry,4-5 days/week,Cleanliness,Dirty seats,Bus ta onek nongra chilo. Gari te uthar por thekei uncomfortable lagchilo.,Negative,-2,1,3,4,1,3,4,3,3,Low,43,78,25,Wheelchair access,No,No formal complaint
710,Dhaka,Local Bus,Sayedabad–Kuril,Weekday,Morning Peak,33,Small Business,Male,Dry,Occasional,Safety,Harassment concern,The driver was braking so hard that everyone almost fell forward. I honestly did not feel safe.,Negative,-2,1,3,1,4,3,2,2,4,Severe,39,100,35,None,No,Survey Form
711,Dhaka,Local Bus,Jatrabari–Badda,Weekday,Morning Peak,59,Factory Worker,Female,Heavy Rain,Daily,Safety,Reckless driving,"The ride felt somewhat crowded, but I did not face any major safety issue.",Neutral,0,3,3,2,2,2,2,4,3,High,16,54,20,None,Maybe,Online Form
712,Dhaka,Local Bus,Gulistan–Farmgate,Weekday,Morning Peak,52,Driver,Male,Dry,Occasional,Cost,High fare,The fare felt fair enough for the distance I traveled.,Positive,1,4,3,3,2,4,2,4,2,High,7,70,15,None,Yes,Online Form
713,Dhaka,Local Bus,Farmgate–Mohakhali,Weekday,Evening Peak,58,Teacher,Prefer not to say,Dry,Daily,Availability,Route shortage,"If you miss one local bus on this route, you may have to wait a long time for the next one.",Negative,-2,1,1,2,2,3,3,1,3,High,47,98,30,None,No,No formal complaint
714,Dhaka,Local Bus,Jatrabari–Gulistan,Weekday,Evening Peak,35,Job Seeker,Prefer not to say,Heavy Rain,Daily,Delay,Traffic congestion,"I was standing at Mohakhali for almost 70 minutes and still no bus came on time. For a weekday peak hour, this is exhausting.",Negative,-2,2,2,3,4,4,4,3,2,Moderate,34,34,45,None,No,Online Form
715,Dhaka,Local Bus,Gulistan–Farmgate,Weekday,Morning Peak,26,Small Business,Prefer not to say,Dry,4-5 days/week,Cleanliness,Dirty seats,Bus ta onek nongra chilo. Gari te uthar por thekei uncomfortable lagchilo.,Negative,-2,1,2,4,1,3,2,4,4,High,29,73,15,None,No,Online Form
716,Dhaka,Local Bus,Uttara–Airport,Weekday,Evening Peak,27,Factory Worker,Female,Light Rain,2-3 days/week,Safety,Pickpocket risk,"The ride felt somewhat crowded, but I did not face any major safety issue.",Neutral,0,3,3,3,4,2,2,2,2,High,13,80,40,None,Maybe,Online Form
717,Dhaka,Local Bus,Azimpur–Shahbagh,Weekday,Morning Peak,30,Job Seeker,Male,Dry,2-3 days/week,Accessibility,Weak disability access,Accessibility was average; it could be better for elderly passengers.,Neutral,0,3,4,4,2,3,3,3,4,Severe,14,34,15,None,Maybe,Interview
718,Dhaka,Local Bus,Mirpur–Shahbagh,Weekday,Evening Peak,41,Banker,Prefer not to say,Heavy Rain,2-3 days/week,Comfort,Hot interior,"The ride was jerky, noisy, and uncomfortable, especially while standing.",Negative,-1,2,4,2,3,2,2,3,2,Severe,29,73,25,None,No,Survey Form
719,Dhaka,Local Bus,Jatrabari–Gulistan,Weekday,Morning Peak,26,Banker,Male,Dry,2-3 days/week,Availability,Too few buses,"During office time, availability is still poor. Demand is clearly higher than supply.",Negative,-1,2,2,2,3,2,4,2,3,High,46,75,60,None,No,Survey Form
720,Dhaka,Local Bus,Uttara–Airport,Weekday,Morning Peak,43,Shopkeeper,Male,Dry,Occasional,Comfort,Poor ventilation,Ventilation was decent and the trip was less tiring today.,Positive,1,4,4,3,4,2,2,4,3,High,6,56,60,None,Yes,Online Form
721,Dhaka,Local Bus,Jatrabari–Badda,Weekday,Evening Peak,39,Office Employee,Prefer not to say,Light Rain,2-3 days/week,Safety,Harassment concern,"Nothing serious happened, but the route still feels a little risky during rush hour.",Neutral,0,3,2,3,4,4,4,3,3,Moderate,17,89,25,None,Maybe,Survey Form
722,Dhaka,Local Bus,Gulistan–Farmgate,Weekday,Evening Peak,44,Job Seeker,Female,Light Rain,4-5 days/week,Crowding,Overcrowded bus,Bus e emon bhir chilo je neme jabar agei chinta hoye jacchilo kivabe gate porjonto jabo.,Negative,-2,1,4,2,4,4,3,2,1,High,58,36,15,None,No,Interview
723,Dhaka,Local Bus,Sayedabad–Kuril,Weekday,Morning Peak,42,Shopkeeper,Prefer not to say,Dry,Daily,Cleanliness,Poor maintenance,"The bus was cleaner than I expected, and the seating area was in decent shape.",Positive,2,4,4,4,4,4,3,3,3,High,10,35,35,Elderly support,Yes,Survey Form
724,Dhaka,Local Bus,Mirpur–Farmgate,Weekday,Evening Peak,42,Healthcare Worker,Prefer not to say,Light Rain,2-3 days/week,Delay,Traffic congestion,Travel time was reasonable today and the service felt more reliable than usual.,Positive,1,4,4,3,4,3,2,2,4,High,7,42,35,None,Yes,Online Form
725,Dhaka,Local Bus,New Market–Science Lab,Weekday,Morning Peak,24,Job Seeker,Female,Dry,Occasional,Crowding,Overcrowded bus,"Too many passengers, no personal space, and constant pushing—this should not be normal.",Negative,-1,1,2,3,4,2,3,4,1,Severe,41,54,15,None,No,Online Form
726,Dhaka,Local Bus,Mirpur–Shahbagh,Weekday,Evening Peak,52,Office Employee,Female,Dry,2-3 days/week,Cleanliness,Litter inside,"The bus was cleaner than I expected, and the seating area was in decent shape.",Positive,2,4,2,3,4,3,3,2,3,High,4,88,60,None,Yes,Survey Form
727,Dhaka,Local Bus,Motijheel–Rampura,Weekday,Evening Peak,30,Office Employee,Male,Light Rain,2-3 days/week,Delay,Irregular service,"The local bus showed up very late today. By the time I reached my class, I was already behind schedule.",Negative,-2,2,1,4,2,4,3,2,4,Moderate,23,62,30,None,No,No formal complaint
728,Dhaka,Local Bus,Motijheel–Rampura,Weekday,Evening Peak,38,Teacher,Prefer not to say,Dry,4-5 days/week,Availability,Too few buses,Availability was better today and I did not have to wait too long.,Positive,2,5,5,4,4,2,3,4,4,Low,8,51,30,None,Yes,No formal complaint
729,Dhaka,Local Bus,Motijheel–Rampura,Weekday,Evening Peak,59,Job Seeker,Female,Dry,Occasional,Safety,Reckless driving,The bus did not stop properly and passengers had to get on while it was moving slowly. That is not safe at all.,Negative,-2,1,4,1,2,2,4,3,3,Moderate,31,76,15,None,No,No formal complaint
730,Dhaka,Local Bus,Mirpur–Farmgate,Weekday,Evening Peak,27,Shopkeeper,Male,Dry,2-3 days/week,Cost,Unclear fare,"Vara ta service er sathe match kore na. Joto taka dei, toto quality pai na.",Negative,-2,1,4,2,3,1,3,4,4,High,43,104,50,None,No,Online Form
731,Dhaka,Local Bus,Uttara–Airport,Weekday,Evening Peak,51,Freelancer,Male,Heavy Rain,2-3 days/week,Comfort,Seat discomfort,"Between heat, noise, and crowding, this felt like a very draining commute.",Negative,-1,1,3,3,4,3,4,2,1,Moderate,61,49,30,None,No,Survey Form
732,Dhaka,Local Bus,Uttara–Airport,Weekday,Evening Peak,46,Job Seeker,Female,Heavy Rain,Occasional,Safety,Harassment concern,The driver was braking so hard that everyone almost fell forward. I honestly did not feel safe.,Negative,-2,2,4,2,3,2,2,2,4,Moderate,47,49,60,None,No,Online Form
733,Dhaka,Local Bus,Farmgate–Mohakhali,Weekday,Morning Peak,18,Homemaker,Female,Dry,4-5 days/week,Safety,Pickpocket risk,The bus did not stop properly and passengers had to get on while it was moving slowly. That is not safe at all.,Negative,-1,1,3,1,3,4,3,2,3,Severe,41,43,25,Elderly support,No,No formal complaint
734,Dhaka,Local Bus,New Market–Science Lab,Weekday,Evening Peak,21,Healthcare Worker,Prefer not to say,Dry,Occasional,Staff Behavior,Rude helper,A little politeness would make a big difference for regular commuters.,Negative,-2,1,2,2,3,3,2,2,4,Severe,32,38,25,Elderly support,No,No formal complaint
735,Dhaka,Local Bus,Mirpur–Shahbagh,Weekday,Morning Peak,50,Job Seeker,Female,Dry,2-3 days/week,Cleanliness,Litter inside,"The inside of the bus was dusty, the seats were dirty, and there was a bad smell the whole way.",Negative,-2,1,3,2,1,2,2,2,4,Severe,37,93,50,None,No,Survey Form
736,Dhaka,Local Bus,Mohakhali–Badda,Weekday,Evening Peak,45,Student,Female,Dry,4-5 days/week,Safety,Unsafe boarding,"People were pushing near the gate while boarding, and it felt risky, especially for women and older passengers.",Negative,-1,2,3,2,2,3,4,4,3,High,42,30,20,Wheelchair access,No,Interview
737,Dhaka,Local Bus,Motijheel–Rampura,Weekday,Morning Peak,24,Freelancer,Prefer not to say,Heavy Rain,Occasional,Cleanliness,Litter inside,"For daily commuting, the cleanliness is really below standard. The floor was messy and the windows looked untouched.",Negative,-1,1,2,2,1,4,4,4,3,Severe,48,94,45,None,No,Interview
738,Dhaka,Local Bus,Mirpur–Shahbagh,Weekday,Evening Peak,38,Job Seeker,Prefer not to say,Heavy Rain,4-5 days/week,Staff Behavior,Helpful staff,The helper was rude when passengers asked whether the bus would stop at the next point.,Negative,-1,1,3,4,4,4,2,2,2,High,58,47,60,None,No,No formal complaint
739,Dhaka,Local Bus,Azimpur–Shahbagh,Weekday,Morning Peak,44,Small Business,Female,Light Rain,Occasional,Cost,High fare,I paid more than usual today and there was no proper explanation from the conductor.,Negative,-2,2,4,2,2,2,4,3,3,Moderate,63,100,45,Wheelchair access,No,Interview
740,Dhaka,Local Bus,Sayedabad–Kuril,Weekday,Evening Peak,49,Job Seeker,Female,Heavy Rain,Daily,Cleanliness,Poor maintenance,"For a local bus, the condition was actually acceptable today.",Positive,1,4,4,3,3,3,2,2,3,Moderate,9,45,40,None,Yes,Online Form
741,Dhaka,Local Bus,Azimpur–Shahbagh,Weekday,Evening Peak,39,Student,Prefer not to say,Dry,Daily,Cost,Extra charge,I paid more than usual today and there was no proper explanation from the conductor.,Negative,-1,1,4,4,4,1,2,2,2,Severe,56,87,40,Traveling with child,No,No formal complaint
742,Dhaka,Local Bus,Motijheel–Rampura,Weekday,Morning Peak,32,Office Employee,Female,Light Rain,2-3 days/week,Comfort,Poor ventilation,"Peak hour e local bus e comfort expect kora jay na, but ajke situation aro kharap chilo.",Negative,-2,1,2,4,4,4,3,2,1,Severe,36,105,15,Wheelchair access,No,No formal complaint
743,Dhaka,Local Bus,Mirpur–Farmgate,Weekday,Morning Peak,36,Job Seeker,Prefer not to say,Dry,Occasional,Safety,Unsafe boarding,"The driver handled the bus carefully today, and the ride felt safer than usual.",Positive,2,4,4,4,2,4,4,4,3,Severe,10,54,45,None,Yes,Interview
744,Dhaka,Local Bus,Mirpur–Farmgate,Weekday,Evening Peak,20,Driver,Prefer not to say,Light Rain,Daily,Staff Behavior,Aggressive conductor,A calm and respectful attitude from the staff made the ride easier.,Positive,1,5,4,3,4,3,4,4,2,High,5,55,35,None,Yes,No formal complaint
745,Dhaka,Local Bus,Gulistan–Farmgate,Weekday,Morning Peak,29,Freelancer,Prefer not to say,Dry,2-3 days/week,Safety,Pickpocket risk,"Boarding was more orderly today, which made the trip feel safer.",Positive,2,5,3,5,2,4,2,4,2,Severe,6,41,50,None,Yes,Online Form
746,Dhaka,Local Bus,Sayedabad–Kuril,Weekday,Morning Peak,54,Homemaker,Male,Dry,Occasional,Cleanliness,Poor maintenance,"The bus was cleaner than I expected, and the seating area was in decent shape.",Positive,2,4,2,4,4,3,4,4,4,High,8,54,30,None,Yes,No formal complaint
747,Dhaka,Local Bus,Jatrabari–Badda,Weekday,Morning Peak,49,Driver,Male,Dry,Daily,Availability,Too few buses,There seemed to be more buses on the road than usual.,Positive,2,4,4,3,4,3,3,4,2,High,3,30,60,None,Yes,Online Form
748,Dhaka,Local Bus,Jatrabari–Gulistan,Weekday,Morning Peak,54,Freelancer,Female,Dry,Daily,Information,No timing info,"There was some confusion, but I still reached the right destination.",Neutral,0,3,3,3,3,3,2,4,2,Low,16,98,40,None,Maybe,Survey Form
749,Dhaka,Local Bus,Jatrabari–Badda,Weekday,Morning Peak,51,Small Business,Male,Dry,Occasional,Availability,Long headway,There seemed to be more buses on the road than usual.,Positive,2,4,3,2,2,3,4,4,2,Moderate,4,75,35,None,Yes,Survey Form
750,Dhaka,Local Bus,Farmgate–Mohakhali,Weekday,Evening Peak,19,Job Seeker,Female,Dry,Occasional,Staff Behavior,Helpful staff,Staff behavior made the whole ride more unpleasant than it needed to be.,Negative,-1,1,2,3,3,4,4,3,4,High,31,82,35,None,No,Online Form
751,Dhaka,Local Bus,New Market–Science Lab,Weekday,Morning Peak,40,Student,Female,Dry,Occasional,Cleanliness,Litter inside,"The bus was cleaner than I expected, and the seating area was in decent shape.",Positive,2,4,2,2,4,2,3,2,2,Moderate,10,88,25,None,Yes,Survey Form
752,Dhaka,Local Bus,Uttara–Airport,Weekday,Morning Peak,38,Job Seeker,Prefer not to say,Light Rain,Occasional,Safety,Unsafe boarding,"Nothing serious happened, but the route still feels a little risky during rush hour.",Neutral,0,3,2,3,4,3,2,3,4,High,12,82,45,None,Maybe,Survey Form
753,Dhaka,Local Bus,Mirpur–Shahbagh,Weekday,Evening Peak,27,Homemaker,Prefer not to say,Light Rain,Daily,Accessibility,Poor stop access,This route is hard for elderly passengers. Even healthy people struggle to board during peak hours.,Negative,-2,1,4,3,3,4,1,4,4,Moderate,50,79,40,None,No,No formal complaint
754,Dhaka,Local Bus,Motijheel–Rampura,Weekday,Morning Peak,24,Homemaker,Male,Dry,Daily,Crowding,Standing entire trip,Crowding made the ride stressful from start to finish. I could barely breathe comfortably.,Negative,-2,1,2,4,2,2,4,4,1,Severe,19,80,40,None,No,Interview
755,Dhaka,Local Bus,Uttara–Airport,Weekday,Morning Peak,26,Banker,Prefer not to say,Dry,Occasional,Crowding,Queue too long,Bus e emon bhir chilo je neme jabar agei chinta hoye jacchilo kivabe gate porjonto jabo.,Negative,-1,2,3,3,4,4,4,2,2,High,21,44,50,None,No,Online Form
756,Dhaka,Local Bus,Azimpur–Shahbagh,Weekday,Morning Peak,54,Shopkeeper,Female,Dry,4-5 days/week,Delay,Traffic congestion,"I was standing at Mohakhali for almost 41 minutes and still no bus came on time. For a weekday peak hour, this is exhausting.",Negative,-2,1,1,4,2,3,2,4,2,Moderate,39,45,30,None,No,No formal complaint
757,Dhaka,Local Bus,New Market–Science Lab,Weekday,Morning Peak,23,Driver,Male,Dry,2-3 days/week,Accessibility,Poor stop access,Getting on the bus was difficult because it barely stopped near the designated stop.,Negative,-1,2,4,4,3,2,1,2,2,Severe,57,87,35,None,No,No formal complaint
758,Dhaka,Local Bus,Mohakhali–Badda,Weekday,Evening Peak,25,Homemaker,Prefer not to say,Dry,Occasional,Availability,Too few buses,Service frequency was neither very good nor very bad.,Neutral,0,3,2,4,4,2,3,3,4,Severe,16,32,20,None,Maybe,No formal complaint
759,Dhaka,Local Bus,Mirpur–Farmgate,Weekday,Morning Peak,19,Small Business,Prefer not to say,Dry,Daily,Safety,Harassment concern,The bus did not stop properly and passengers had to get on while it was moving slowly. That is not safe at all.,Negative,-1,1,4,1,2,3,4,3,2,Severe,48,60,25,None,No,Survey Form
760,Dhaka,Local Bus,Jatrabari–Badda,Weekday,Evening Peak,27,Healthcare Worker,Prefer not to say,Dry,Occasional,Crowding,Queue too long,"I had to stand for part of the journey, though it was manageable.",Neutral,0,3,3,3,2,2,3,4,3,Severe,17,30,30,Wheelchair access,Maybe,No formal complaint
761,Dhaka,Local Bus,Jatrabari–Gulistan,Weekday,Evening Peak,33,Freelancer,Male,Dry,4-5 days/week,Accessibility,No elderly support,Accessibility was average; it could be better for elderly passengers.,Neutral,0,3,2,4,2,3,3,2,2,Moderate,17,99,25,None,Maybe,Survey Form
762,Dhaka,Local Bus,Azimpur–Shahbagh,Weekday,Evening Peak,49,Homemaker,Male,Dry,Occasional,Cost,Extra charge,I would say the cost was average for this route.,Neutral,0,3,4,2,4,2,2,4,4,High,10,58,50,Elderly support,Maybe,Online Form
763,Dhaka,Local Bus,Jatrabari–Gulistan,Weekday,Morning Peak,56,Factory Worker,Male,Dry,2-3 days/week,Staff Behavior,Rude helper,Helper er kotha bolar dhoron bhalo chilo na. Choto proshno korleo kharap bhabe jawab dicchilo.,Negative,-2,1,2,2,2,3,2,3,4,Severe,20,105,45,None,No,Survey Form
764,Dhaka,Local Bus,Mirpur–Shahbagh,Weekday,Evening Peak,53,Freelancer,Male,Dry,4-5 days/week,Information,Poor signage,"I got enough information after asking around, though it was not very clear at first.",Neutral,0,3,2,4,3,2,4,3,4,Severe,16,41,50,None,Maybe,Survey Form
765,Dhaka,Local Bus,Jatrabari–Gulistan,Weekday,Morning Peak,41,Freelancer,Male,Dry,Occasional,Cost,Unclear fare,"Vara ta service er sathe match kore na. Joto taka dei, toto quality pai na.",Negative,-2,1,2,4,4,1,3,3,2,High,65,46,35,None,No,Interview
766,Dhaka,Local Bus,Mirpur–Farmgate,Weekday,Evening Peak,55,Shopkeeper,Female,Dry,2-3 days/week,Crowding,Door blocked,Crowding was less intense than I expected today.,Positive,2,5,3,4,2,3,3,2,4,High,3,75,35,None,Yes,Interview
767,Dhaka,Local Bus,New Market–Science Lab,Weekday,Evening Peak,47,Student,Male,Light Rain,Daily,Availability,No seat available,"If you miss one local bus on this route, you may have to wait a long time for the next one.",Negative,-1,1,1,3,2,4,4,1,3,Moderate,41,83,35,None,No,Online Form
768,Dhaka,Local Bus,Sayedabad–Kuril,Weekday,Evening Peak,59,Shopkeeper,Male,Light Rain,4-5 days/week,Cleanliness,Bad odor,"For daily commuting, the cleanliness is really below standard. The floor was messy and the windows looked untouched.",Negative,-1,1,4,4,1,3,3,4,2,Severe,62,88,25,Wheelchair access,No,No formal complaint
769,Dhaka,Local Bus,Farmgate–Mohakhali,Weekday,Evening Peak,35,Homemaker,Male,Dry,Occasional,Safety,Reckless driving,"People were pushing near the gate while boarding, and it felt risky, especially for women and older passengers.",Negative,-1,1,2,1,4,2,4,3,4,High,57,51,20,None,No,Survey Form
770,Dhaka,Local Bus,Jatrabari–Badda,Weekday,Evening Peak,24,Factory Worker,Female,Light Rain,Occasional,Availability,Long headway,"There were buses on the route, but not enough to reduce waiting fully.",Neutral,0,3,3,4,2,2,3,3,3,High,9,55,60,None,Maybe,Online Form
771,Dhaka,Local Bus,Uttara–Airport,Weekday,Evening Peak,39,Factory Worker,Female,Dry,4-5 days/week,Accessibility,Difficult boarding,"The stop area was busy, though still usable.",Neutral,0,3,4,2,4,2,3,4,3,High,9,79,30,None,Maybe,Online Form
772,Dhaka,Local Bus,Gulistan–Farmgate,Weekday,Evening Peak,20,Student,Female,Light Rain,4-5 days/week,Availability,No seat available,"I found a bus fairly quickly, even during the rush.",Positive,1,4,4,2,4,4,2,4,4,Severe,6,85,25,None,Yes,Online Form
773,Dhaka,Local Bus,Sayedabad–Kuril,Weekday,Morning Peak,52,Factory Worker,Prefer not to say,Dry,2-3 days/week,Delay,Traffic congestion,"The local bus showed up very late today. By the time I reached my hospital, I was already behind schedule.",Negative,-1,1,1,2,3,3,3,2,2,Moderate,56,92,45,None,No,No formal complaint
774,Dhaka,Local Bus,Sayedabad–Kuril,Weekday,Evening Peak,39,Teacher,Female,Dry,Daily,Information,No timing info,"I got enough information after asking around, though it was not very clear at first.",Neutral,0,3,3,3,2,3,3,3,2,High,18,30,15,None,Maybe,Interview
775,Dhaka,Local Bus,Mirpur–Shahbagh,Weekday,Evening Peak,45,Homemaker,Prefer not to say,Heavy Rain,Occasional,Crowding,Queue too long,"Everyone was squeezed together, and even moving one step inside felt impossible.",Negative,-2,2,4,2,3,2,3,3,2,Severe,64,92,20,None,No,Survey Form
776,Dhaka,Local Bus,Jatrabari–Badda,Weekday,Evening Peak,31,Freelancer,Female,Dry,4-5 days/week,Accessibility,Difficult boarding,"The footpath near the stop was crowded and broken, so reaching the bus safely was not easy.",Negative,-2,2,2,3,2,3,2,3,4,High,48,61,50,None,No,Interview
777,Dhaka,Local Bus,Jatrabari–Badda,Weekday,Morning Peak,42,Driver,Female,Dry,4-5 days/week,Comfort,Hot interior,"Comfort was average—no major issue, no special improvement.",Neutral,0,3,4,4,3,2,3,4,3,Severe,13,40,40,Traveling with child,Maybe,Interview
778,Dhaka,Local Bus,Azimpur–Shahbagh,Weekday,Evening Peak,57,Banker,Male,Light Rain,Occasional,Accessibility,Weak disability access,The bus stopped properly and boarding was easier today.,Positive,1,4,4,4,2,3,4,2,2,Severe,5,80,30,None,Yes,Online Form
779,Dhaka,Local Bus,New Market–Science Lab,Weekday,Morning Peak,52,Small Business,Male,Dry,Daily,Comfort,Too noisy,"The ride was tiring, but about what I normally expect from a local bus.",Neutral,0,3,2,4,4,2,3,4,3,Severe,11,41,45,None,Maybe,No formal complaint
780,Dhaka,Local Bus,Gulistan–Farmgate,Weekday,Evening Peak,37,Driver,Male,Dry,Daily,Cleanliness,Poor maintenance,"The inside looked maintained, which made the trip easier to tolerate.",Positive,2,4,2,4,3,2,3,3,4,Moderate,8,95,45,None,Yes,Online Form
781,Dhaka,Local Bus,Mohakhali–Badda,Weekday,Evening Peak,39,Driver,Prefer not to say,Light Rain,4-5 days/week,Information,No route info,There was no clear information about where the bus would stop or how long the delay would be.,Negative,-2,2,1,3,4,2,3,3,4,High,24,85,20,Elderly support,No,Survey Form
782,Dhaka,Local Bus,Jatrabari–Badda,Weekday,Morning Peak,22,Teacher,Prefer not to say,Dry,Daily,Safety,Harassment concern,"Safety was okay today, though the boarding process could be better.",Neutral,0,3,3,3,4,4,2,2,2,Low,9,33,20,None,Maybe,Interview
783,Dhaka,Local Bus,Motijheel–Rampura,Weekday,Evening Peak,44,Student,Male,Dry,4-5 days/week,Cost,Extra charge,The fare is not the only issue—the unclear way they collect it creates arguments almost every day.,Negative,-2,2,2,4,2,2,4,4,2,High,51,39,25,None,No,No formal complaint
784,Dhaka,Local Bus,Jatrabari–Badda,Weekday,Morning Peak,23,Driver,Female,Light Rain,2-3 days/week,Availability,Too few buses,Availability was better today and I did not have to wait too long.,Positive,2,5,4,4,3,4,3,4,3,Severe,5,44,30,None,Yes,Survey Form
785,Dhaka,Local Bus,Sayedabad–Kuril,Weekday,Morning Peak,50,Office Employee,Prefer not to say,Dry,Occasional,Accessibility,No elderly support,Getting on the bus was difficult because it barely stopped near the designated stop.,Negative,-1,1,3,2,2,4,1,3,3,High,62,31,20,Wheelchair access,No,Survey Form
786,Dhaka,Local Bus,Gulistan–Farmgate,Weekday,Morning Peak,48,Banker,Male,Light Rain,2-3 days/week,Safety,Harassment concern,The bus did not stop properly and passengers had to get on while it was moving slowly. That is not safe at all.,Negative,-1,2,2,2,2,3,3,2,4,High,38,44,50,None,No,Interview
787,Dhaka,Local Bus,Mirpur–Farmgate,Weekday,Evening Peak,28,Banker,Male,Dry,2-3 days/week,Accessibility,Poor stop access,"The footpath near the stop was crowded and broken, so reaching the bus safely was not easy.",Negative,-2,2,2,3,2,3,2,3,4,High,49,57,50,None,No,Survey Form
788,Dhaka,Local Bus,Mirpur–Shahbagh,Weekday,Morning Peak,47,Office Employee,Prefer not to say,Dry,Occasional,Staff Behavior,Helpful staff,Staff behavior was okay overall.,Neutral,0,3,2,3,2,3,4,4,3,High,10,54,45,Traveling with child,Maybe,Interview
789,Dhaka,Local Bus,New Market–Science Lab,Weekday,Morning Peak,20,Driver,Female,Dry,2-3 days/week,Availability,Long headway,"Peak time e bus kom thake, tai sobai ekta bus er upor chap pore jay.",Negative,-2,1,1,3,3,2,3,1,2,High,39,36,25,Elderly support,No,Interview
790,Dhaka,Local Bus,Azimpur–Shahbagh,Weekday,Evening Peak,51,Teacher,Prefer not to say,Light Rain,2-3 days/week,Delay,Irregular service,Aajke bus er jonno eto wait korte holo je matha noshto hoye gelo. Peak hour e regular service thakar kotha.,Negative,-1,2,2,4,2,3,3,4,4,High,28,75,60,None,No,Online Form
791,Dhaka,Local Bus,Farmgate–Mohakhali,Weekday,Evening Peak,59,Shopkeeper,Female,Dry,4-5 days/week,Information,No timing info,Clear route and stop information would save passengers a lot of confusion.,Negative,-2,2,2,2,3,3,2,2,2,Severe,47,34,25,None,No,No formal complaint
792,Dhaka,Local Bus,Uttara–Airport,Weekday,Morning Peak,18,Driver,Prefer not to say,Dry,Daily,Cost,Extra charge,"Compared with other days, today the cost felt reasonable.",Positive,2,5,4,4,4,5,4,4,4,Moderate,10,32,35,None,Yes,Survey Form
793,Dhaka,Local Bus,Motijheel–Rampura,Weekday,Morning Peak,53,Banker,Prefer not to say,Dry,Daily,Accessibility,No elderly support,This route is hard for elderly passengers. Even healthy people struggle to board during peak hours.,Negative,-1,1,3,2,2,4,1,2,3,High,37,39,35,None,No,Online Form
794,Dhaka,Local Bus,Farmgate–Mohakhali,Weekday,Evening Peak,24,Teacher,Female,Light Rain,Daily,Staff Behavior,Rude helper,A little politeness would make a big difference for regular commuters.,Negative,-2,2,3,3,3,4,2,3,3,Severe,58,83,20,None,No,Online Form
795,Dhaka,Local Bus,Mirpur–Shahbagh,Weekday,Morning Peak,20,Office Employee,Male,Heavy Rain,Daily,Accessibility,No elderly support,This route is hard for elderly passengers. Even healthy people struggle to board during peak hours.,Negative,-1,2,2,2,2,4,2,4,4,Severe,61,91,50,None,No,Online Form
796,Dhaka,Local Bus,Jatrabari–Gulistan,Weekday,Evening Peak,56,Banker,Male,Dry,Daily,Information,Poor signage,"Bus e kono clear information chilo na, especially notun passenger der jonno eta problem.",Negative,-2,2,2,3,2,3,3,4,4,Moderate,46,69,35,Elderly support,No,Online Form
797,Dhaka,Local Bus,Mirpur–Shahbagh,Weekday,Evening Peak,25,Driver,Prefer not to say,Dry,Occasional,Accessibility,Difficult boarding,"Boarding took some effort, but I managed without much trouble.",Neutral,0,3,3,4,2,3,2,2,2,High,12,52,20,None,Maybe,Interview
798,Dhaka,Local Bus,Jatrabari–Gulistan,Weekday,Evening Peak,58,Job Seeker,Male,Dry,Occasional,Comfort,Too noisy,"Between heat, noise, and crowding, this felt like a very draining commute.",Negative,-2,1,3,4,3,2,4,3,1,High,25,61,35,None,No,Survey Form
799,Dhaka,Local Bus,Jatrabari–Badda,Weekday,Morning Peak,29,Banker,Prefer not to say,Light Rain,4-5 days/week,Delay,Irregular service,"From Jatrabari–Badda, the delay was frustrating. I left early but still got late because the bus service was irregular.",Negative,-1,2,2,3,3,3,4,2,3,Severe,35,45,15,None,No,Survey Form
800,Dhaka,Local Bus,Farmgate–Mohakhali,Weekday,Morning Peak,18,Freelancer,Female,Light Rain,Occasional,Cost,Unclear fare,I paid more than usual today and there was no proper explanation from the conductor.,Negative,-1,2,2,2,2,1,4,4,2,Severe,27,42,25,Wheelchair access,No,Survey Form
801,Dhaka,Local Bus,New Market–Science Lab,Weekday,Evening Peak,35,Teacher,Male,Dry,Occasional,Accessibility,Weak disability access,"The footpath near the stop was crowded and broken, so reaching the bus safely was not easy.",Negative,-1,2,3,2,4,2,1,4,4,High,60,37,25,None,No,Online Form
802,Dhaka,Local Bus,Jatrabari–Gulistan,Weekday,Morning Peak,50,Homemaker,Prefer not to say,Dry,Occasional,Comfort,Poor ventilation,"The ride was tiring, but about what I normally expect from a local bus.",Neutral,0,3,3,3,3,2,3,2,3,High,8,77,15,Traveling with child,Maybe,No formal complaint
803,Dhaka,Local Bus,Farmgate–Mohakhali,Weekday,Morning Peak,34,Office Employee,Prefer not to say,Dry,Daily,Comfort,Too noisy,"The ride was still busy, but it felt more comfortable than usual.",Positive,1,5,2,4,3,3,3,4,4,High,10,96,60,None,Yes,Survey Form
804,Dhaka,Local Bus,Mohakhali–Badda,Weekday,Evening Peak,58,Student,Prefer not to say,Light Rain,2-3 days/week,Availability,No seat available,"I found a bus fairly quickly, even during the rush.",Positive,2,4,3,4,4,2,4,4,4,Moderate,10,89,60,None,Yes,Online Form
805,Dhaka,Local Bus,Farmgate–Mohakhali,Weekday,Evening Peak,28,Small Business,Female,Dry,4-5 days/week,Crowding,Queue too long,"There was pressure inside the bus, but not severe.",Neutral,0,3,3,2,2,3,3,2,3,Severe,19,90,35,Elderly support,Maybe,Interview
806,Dhaka,Local Bus,Mohakhali–Badda,Weekday,Evening Peak,31,Student,Male,Dry,4-5 days/week,Information,No route info,Route information was just about manageable.,Neutral,0,3,3,4,4,2,2,4,3,Severe,16,92,25,None,Maybe,Interview
807,Dhaka,Local Bus,Motijheel–Rampura,Weekday,Evening Peak,30,Freelancer,Male,Light Rain,2-3 days/week,Staff Behavior,Rude helper,Staff behavior made the whole ride more unpleasant than it needed to be.,Negative,-2,1,4,4,2,2,2,2,2,High,56,65,30,None,No,Interview
808,Dhaka,Local Bus,Farmgate–Mohakhali,Weekday,Evening Peak,50,Homemaker,Prefer not to say,Light Rain,Daily,Safety,Unsafe boarding,Rush hour e safety niye onek tension lage. Driver o helper duijon e khub aggressive chilo.,Negative,-2,1,4,1,3,4,2,2,3,Low,25,75,45,None,No,Online Form
809,Dhaka,Local Bus,Azimpur–Shahbagh,Weekday,Morning Peak,53,Teacher,Prefer not to say,Dry,Occasional,Comfort,Seat discomfort,Ventilation was decent and the trip was less tiring today.,Positive,1,4,2,3,3,3,4,2,3,Moderate,10,77,25,None,Yes,Interview
810,Dhaka,Local Bus,Mohakhali–Badda,Weekday,Morning Peak,44,Freelancer,Female,Dry,Daily,Accessibility,Difficult boarding,Accessibility er dike khub kom attention ache. Peak hour e nama-utha duitae kosto.,Negative,-2,2,3,3,4,2,1,4,3,High,43,101,35,None,No,Interview
811,Dhaka,Local Bus,Jatrabari–Badda,Weekday,Evening Peak,30,Banker,Prefer not to say,Dry,Daily,Crowding,Queue too long,I could stand comfortably enough without being pushed around too much.,Positive,1,5,3,4,2,2,4,4,5,High,4,95,40,None,Yes,Online Form
812,Dhaka,Local Bus,Mohakhali–Badda,Weekday,Evening Peak,18,Homemaker,Prefer not to say,Heavy Rain,Daily,Information,No timing info,"Bus e kono clear information chilo na, especially notun passenger der jonno eta problem.",Negative,-1,2,2,3,2,2,4,3,4,Moderate,37,45,20,None,No,Survey Form
813,Dhaka,Local Bus,Motijheel–Rampura,Weekday,Morning Peak,47,Office Employee,Prefer not to say,Light Rain,Occasional,Delay,Late departure,Travel time was reasonable today and the service felt more reliable than usual.,Positive,1,4,4,3,2,3,2,4,2,Moderate,5,91,35,None,Yes,No formal complaint
814,Dhaka,Local Bus,Motijheel–Rampura,Weekday,Evening Peak,59,Office Employee,Male,Heavy Rain,2-3 days/week,Cost,Unclear fare,"If the service stays like this, the fare should not keep increasing.",Negative,-2,1,2,2,2,1,2,2,4,High,53,36,60,None,No,Online Form
815,Dhaka,Local Bus,Jatrabari–Gulistan,Weekday,Morning Peak,30,Freelancer,Female,Light Rain,4-5 days/week,Safety,Unsafe boarding,Rush hour e safety niye onek tension lage. Driver o helper duijon e khub aggressive chilo.,Negative,-1,2,2,2,4,2,4,3,4,High,31,57,35,Traveling with child,No,Interview
816,Dhaka,Local Bus,Jatrabari–Badda,Weekday,Evening Peak,21,Shopkeeper,Male,Dry,4-5 days/week,Cost,Unclear fare,"Compared with other days, today the cost felt reasonable.",Positive,2,5,3,3,2,5,4,4,3,Moderate,11,100,60,None,Yes,Survey Form
817,Dhaka,Local Bus,Mohakhali–Badda,Weekday,Morning Peak,41,Shopkeeper,Male,Heavy Rain,Occasional,Safety,Unsafe boarding,Rush hour e safety niye onek tension lage. Driver o helper duijon e khub aggressive chilo.,Negative,-2,1,4,1,4,3,2,4,4,High,54,63,40,None,No,Online Form
818,Dhaka,Local Bus,Jatrabari–Badda,Weekday,Morning Peak,24,Banker,Male,Heavy Rain,4-5 days/week,Safety,Reckless driving,"Boarding was more orderly today, which made the trip feel safer.",Positive,2,5,4,4,4,3,4,3,2,High,12,44,40,None,Yes,No formal complaint
819,Dhaka,Local Bus,Jatrabari–Badda,Weekday,Evening Peak,49,Student,Male,Light Rain,Daily,Cost,Unclear fare,"If the service stays like this, the fare should not keep increasing.",Negative,-1,1,3,3,2,1,3,4,2,High,59,100,35,None,No,Survey Form
820,Dhaka,Local Bus,Gulistan–Farmgate,Weekday,Evening Peak,44,Banker,Prefer not to say,Dry,Occasional,Crowding,Door blocked,"The bus was busy but still manageable, which is a relief during peak time.",Positive,1,5,3,4,4,3,4,2,5,Low,9,97,60,Traveling with child,Yes,Interview
821,Dhaka,Local Bus,Mirpur–Shahbagh,Weekday,Morning Peak,27,Banker,Female,Dry,Daily,Staff Behavior,Helpful staff,The conductor spoke politely and guided passengers clearly.,Positive,2,4,4,4,2,4,4,2,3,Low,8,31,40,Traveling with child,Yes,No formal complaint
822,Dhaka,Local Bus,Mirpur–Shahbagh,Weekday,Evening Peak,31,Teacher,Female,Dry,4-5 days/week,Safety,Harassment concern,The driver was braking so hard that everyone almost fell forward. I honestly did not feel safe.,Negative,-1,1,3,1,4,3,4,2,4,High,23,35,35,None,No,Interview
823,Dhaka,Local Bus,Mirpur–Shahbagh,Weekday,Morning Peak,28,Banker,Female,Heavy Rain,2-3 days/week,Safety,Harassment concern,"The ride felt somewhat crowded, but I did not face any major safety issue.",Neutral,0,3,4,2,4,3,2,3,4,Severe,9,97,30,None,Maybe,Online Form
824,Dhaka,Local Bus,Jatrabari–Badda,Weekday,Evening Peak,20,Small Business,Prefer not to say,Light Rain,4-5 days/week,Availability,Route shortage,There were far fewer buses than the number of waiting passengers. The line just kept getting longer.,Negative,-2,2,1,3,4,4,4,2,2,Severe,52,65,30,None,No,Online Form
825,Dhaka,Local Bus,Mohakhali–Badda,Weekday,Morning Peak,18,Job Seeker,Male,Light Rain,4-5 days/week,Cost,Fair fare,"Vara ta service er sathe match kore na. Joto taka dei, toto quality pai na.",Negative,-1,2,2,4,3,2,3,4,2,High,21,74,45,None,No,Survey Form
826,Dhaka,Local Bus,Farmgate–Mohakhali,Weekday,Evening Peak,57,Job Seeker,Female,Dry,Occasional,Comfort,Poor ventilation,Ventilation was decent and the trip was less tiring today.,Positive,2,4,4,4,2,4,2,4,4,High,11,89,20,None,Yes,No formal complaint
827,Dhaka,Local Bus,Sayedabad–Kuril,Weekday,Morning Peak,57,Homemaker,Male,Light Rain,2-3 days/week,Crowding,Queue too long,"Too many passengers, no personal space, and constant pushing—this should not be normal.",Negative,-2,1,2,3,2,4,4,2,1,Low,49,65,40,None,No,No formal complaint
828,Dhaka,Local Bus,Sayedabad–Kuril,Weekday,Morning Peak,34,Shopkeeper,Female,Dry,Occasional,Delay,Traffic congestion,"The bus came sooner than I expected, which almost never happens during peak hour.",Positive,2,5,5,4,4,4,3,4,4,High,10,100,20,None,Yes,Online Form
829,Dhaka,Local Bus,Jatrabari–Gulistan,Weekday,Morning Peak,19,Shopkeeper,Male,Light Rain,Occasional,Cleanliness,Poor maintenance,Bus ta onek nongra chilo. Gari te uthar por thekei uncomfortable lagchilo.,Negative,-2,1,2,3,1,4,3,4,4,Severe,24,61,40,None,No,Survey Form
830,Dhaka,Local Bus,Jatrabari–Badda,Weekday,Morning Peak,40,Office Employee,Female,Light Rain,4-5 days/week,Comfort,Hot interior,"The ride was jerky, noisy, and uncomfortable, especially while standing.",Negative,-2,1,2,2,4,4,2,4,1,Moderate,22,31,45,None,No,Interview
831,Dhaka,Local Bus,Motijheel–Rampura,Weekday,Evening Peak,19,Homemaker,Male,Light Rain,Daily,Availability,Route shortage,"There were buses on the route, but not enough to reduce waiting fully.",Neutral,0,3,3,4,4,3,2,3,2,Severe,12,48,50,None,Maybe,No formal complaint
832,Dhaka,Local Bus,Mirpur–Farmgate,Weekday,Morning Peak,49,Student,Prefer not to say,Dry,4-5 days/week,Safety,Harassment concern,"Safety was okay today, though the boarding process could be better.",Neutral,0,3,4,3,4,4,4,4,2,Moderate,8,49,30,None,Maybe,Survey Form
833,Dhaka,Local Bus,Mirpur–Farmgate,Weekday,Morning Peak,43,Freelancer,Female,Light Rain,2-3 days/week,Information,Wrong stop info,"The route details were clear enough today, so I did not have to guess much.",Positive,2,4,4,2,3,3,3,4,4,Moderate,7,74,30,Elderly support,Yes,Interview
834,Dhaka,Local Bus,Azimpur–Shahbagh,Weekday,Evening Peak,55,Banker,Male,Dry,4-5 days/week,Staff Behavior,Poor communication,The conductor kept shouting instead of answering simple fare questions calmly.,Negative,-2,2,4,2,4,2,4,4,4,High,48,58,50,Elderly support,No,Online Form
835,Dhaka,Local Bus,Mohakhali–Badda,Weekday,Evening Peak,44,Student,Female,Dry,Occasional,Staff Behavior,Helpful staff,A calm and respectful attitude from the staff made the ride easier.,Positive,1,4,2,3,3,3,3,2,4,Severe,3,105,45,Elderly support,Yes,Survey Form
836,Dhaka,Local Bus,New Market–Science Lab,Weekday,Morning Peak,50,Shopkeeper,Female,Dry,2-3 days/week,Cost,Fair fare,The fare felt too high considering how crowded and uncomfortable the ride was.,Negative,-1,2,2,2,2,2,3,3,3,Moderate,24,98,45,Elderly support,No,No formal complaint
837,Dhaka,Local Bus,Uttara–Airport,Weekday,Evening Peak,54,Shopkeeper,Prefer not to say,Heavy Rain,4-5 days/week,Information,Poor signage,Route information was just about manageable.,Neutral,0,3,2,2,3,4,3,2,4,Moderate,20,105,15,None,Maybe,Interview
838,Dhaka,Local Bus,Azimpur–Shahbagh,Weekday,Evening Peak,33,Student,Prefer not to say,Light Rain,Occasional,Cost,Unclear fare,The fare is not the only issue—the unclear way they collect it creates arguments almost every day.,Negative,-1,1,3,3,2,1,3,4,2,Severe,18,99,60,None,No,Interview
839,Dhaka,Local Bus,Mirpur–Shahbagh,Weekday,Evening Peak,41,Job Seeker,Female,Dry,Daily,Accessibility,No elderly support,"The stop access felt manageable, even during the busy hour.",Positive,1,4,4,4,4,3,4,3,3,Severe,4,38,40,None,Yes,Interview
840,Dhaka,Local Bus,Jatrabari–Gulistan,Weekday,Evening Peak,23,Shopkeeper,Prefer not to say,Light Rain,Occasional,Comfort,Poor ventilation,Ventilation was decent and the trip was less tiring today.,Positive,2,5,3,3,2,4,4,3,5,Moderate,9,44,25,None,Yes,Survey Form
841,Dhaka,Local Bus,Farmgate–Mohakhali,Weekday,Morning Peak,33,Small Business,Prefer not to say,Light Rain,Occasional,Staff Behavior,Rude helper,Staff behavior made the whole ride more unpleasant than it needed to be.,Negative,-1,2,2,3,2,4,4,4,4,Moderate,48,33,15,None,No,Interview
842,Dhaka,Local Bus,Sayedabad–Kuril,Weekday,Morning Peak,54,Homemaker,Prefer not to say,Dry,2-3 days/week,Availability,Long headway,"I found a bus fairly quickly, even during the rush.",Positive,2,5,5,3,2,2,3,5,4,Severe,12,39,25,None,Yes,Survey Form
843,Dhaka,Local Bus,Mirpur–Shahbagh,Weekday,Evening Peak,27,Healthcare Worker,Male,Dry,2-3 days/week,Information,No route info,There was no clear information about where the bus would stop or how long the delay would be.,Negative,-2,1,1,3,3,4,2,2,4,High,46,69,25,None,No,Online Form
844,Dhaka,Local Bus,Jatrabari–Badda,Weekday,Morning Peak,39,Freelancer,Male,Dry,Occasional,Availability,No seat available,"Peak time e bus kom thake, tai sobai ekta bus er upor chap pore jay.",Negative,-2,1,1,2,3,3,3,1,4,High,18,56,45,None,No,Online Form
845,Dhaka,Local Bus,New Market–Science Lab,Weekday,Morning Peak,45,Homemaker,Male,Dry,2-3 days/week,Staff Behavior,Rude helper,The conductor spoke politely and guided passengers clearly.,Positive,2,4,4,2,3,3,3,4,4,Moderate,4,42,20,None,Yes,Survey Form
846,Dhaka,Local Bus,Sayedabad–Kuril,Weekday,Morning Peak,23,Homemaker,Male,Light Rain,Daily,Crowding,Door blocked,"The bus was crowded, but that is normal during peak time.",Neutral,0,3,3,2,4,3,2,4,3,Moderate,8,88,15,None,Maybe,Interview
847,Dhaka,Local Bus,Jatrabari–Badda,Weekday,Morning Peak,47,Office Employee,Male,Light Rain,2-3 days/week,Comfort,Seat discomfort,"It was a typical weekday trip, neither smooth nor terrible.",Neutral,0,3,4,3,4,3,3,2,3,High,14,53,20,None,Maybe,Survey Form
848,Dhaka,Local Bus,Mirpur–Farmgate,Weekday,Evening Peak,49,Homemaker,Prefer not to say,Dry,2-3 days/week,Crowding,Queue too long,Bus e emon bhir chilo je neme jabar agei chinta hoye jacchilo kivabe gate porjonto jabo.,Negative,-2,2,4,2,2,4,3,2,2,High,32,62,25,Traveling with child,No,No formal complaint
849,Dhaka,Local Bus,Jatrabari–Gulistan,Weekday,Morning Peak,30,Small Business,Male,Heavy Rain,4-5 days/week,Safety,Pickpocket risk,"The driver handled the bus carefully today, and the ride felt safer than usual.",Positive,1,5,2,4,4,3,3,3,3,Severe,6,57,50,None,Yes,Online Form
850,Dhaka,Local Bus,Gulistan–Farmgate,Weekday,Morning Peak,26,Healthcare Worker,Female,Dry,Daily,Cleanliness,Litter inside,"The bus was not very clean, but it was acceptable for a regular local bus trip.",Neutral,0,3,3,2,3,4,4,4,4,Moderate,14,89,25,None,Maybe,Online Form
851,Dhaka,Local Bus,Sayedabad–Kuril,Weekday,Evening Peak,24,Shopkeeper,Male,Dry,2-3 days/week,Safety,Unsafe boarding,"Nothing serious happened, but the route still feels a little risky during rush hour.",Neutral,0,3,4,3,2,2,4,3,3,High,16,73,25,None,Maybe,No formal complaint
852,Dhaka,Local Bus,Farmgate–Mohakhali,Weekday,Evening Peak,38,Homemaker,Male,Dry,2-3 days/week,Availability,Long headway,"A bus came after some waiting, so availability was average today.",Neutral,0,3,3,2,3,3,4,3,4,High,9,100,35,Elderly support,Maybe,Survey Form
853,Dhaka,Local Bus,Mirpur–Shahbagh,Weekday,Morning Peak,55,Healthcare Worker,Prefer not to say,Light Rain,Daily,Cost,Extra charge,The fare felt fair enough for the distance I traveled.,Positive,1,5,2,3,4,4,2,4,3,High,5,80,25,None,Yes,No formal complaint
854,Dhaka,Local Bus,Gulistan–Farmgate,Weekday,Evening Peak,45,Teacher,Male,Dry,2-3 days/week,Delay,Long waiting time,"The bus came sooner than I expected, which almost never happens during peak hour.",Positive,2,4,4,4,2,4,3,4,2,Moderate,8,105,50,None,Yes,Interview
855,Dhaka,Local Bus,Mohakhali–Badda,Weekday,Morning Peak,59,Shopkeeper,Prefer not to say,Dry,2-3 days/week,Cleanliness,Bad odor,"I do not expect luxury, but at least the bus should be clean enough to sit comfortably.",Negative,-2,2,3,2,1,3,3,4,4,High,59,102,20,None,No,Online Form
856,Dhaka,Local Bus,Sayedabad–Kuril,Weekday,Evening Peak,22,Factory Worker,Female,Heavy Rain,4-5 days/week,Availability,Too few buses,There seemed to be more buses on the road than usual.,Positive,1,5,4,2,4,2,2,5,3,High,12,43,15,None,Yes,Survey Form
857,Dhaka,Local Bus,Sayedabad–Kuril,Weekday,Evening Peak,58,Healthcare Worker,Prefer not to say,Light Rain,4-5 days/week,Safety,Unsafe boarding,The bus did not stop properly and passengers had to get on while it was moving slowly. That is not safe at all.,Negative,-1,2,2,2,2,3,4,4,2,Severe,25,96,60,None,No,Interview
858,Dhaka,Local Bus,Farmgate–Mohakhali,Weekday,Evening Peak,33,Driver,Female,Dry,Occasional,Availability,Route shortage,"During office time, availability is still poor. Demand is clearly higher than supply.",Negative,-2,1,1,4,4,3,3,1,4,Moderate,22,83,25,None,No,Online Form
859,Dhaka,Local Bus,Jatrabari–Badda,Weekday,Evening Peak,59,Driver,Prefer not to say,Dry,Daily,Delay,Late departure,"Same problem again—long wait, slow movement, and too many unnecessary stops. Morning peak in Dhaka feels impossible sometimes.",Negative,-1,2,1,2,2,3,3,4,4,Low,50,98,40,None,No,No formal complaint
860,Dhaka,Local Bus,Motijheel–Rampura,Weekday,Morning Peak,54,Small Business,Prefer not to say,Dry,4-5 days/week,Crowding,Door blocked,"The bus was crowded, but that is normal during peak time.",Neutral,0,3,2,2,3,3,3,3,3,High,15,93,60,None,Maybe,No formal complaint
861,Dhaka,Local Bus,Gulistan–Farmgate,Weekday,Morning Peak,42,Small Business,Prefer not to say,Dry,4-5 days/week,Cleanliness,Dirty seats,"The inside looked used and worn, but not worse than usual.",Neutral,0,3,2,3,2,3,4,3,4,High,16,43,15,None,Maybe,Interview
862,Dhaka,Local Bus,Uttara–Airport,Weekday,Evening Peak,19,Healthcare Worker,Female,Dry,2-3 days/week,Accessibility,Weak disability access,Getting on and off was smoother than usual.,Positive,1,5,2,2,2,2,5,2,4,Moderate,10,59,25,None,Yes,Interview
863,Dhaka,Local Bus,Mirpur–Shahbagh,Weekday,Morning Peak,30,Shopkeeper,Male,Light Rain,Occasional,Comfort,Too noisy,Ventilation was decent and the trip was less tiring today.,Positive,2,5,4,3,2,3,3,2,5,High,11,89,40,None,Yes,Interview
864,Dhaka,Local Bus,Farmgate–Mohakhali,Weekday,Evening Peak,20,Freelancer,Prefer not to say,Dry,4-5 days/week,Staff Behavior,Rude helper,Communication from the conductor was average today.,Neutral,0,3,4,2,3,4,4,2,2,Severe,12,42,30,None,Maybe,Online Form
865,Dhaka,Local Bus,Gulistan–Farmgate,Weekday,Morning Peak,26,Teacher,Female,Light Rain,4-5 days/week,Cleanliness,Litter inside,"For a local bus, the condition was actually acceptable today.",Positive,1,5,3,3,4,2,2,3,4,Severe,9,79,25,None,Yes,Online Form
866,Dhaka,Local Bus,Uttara–Airport,Weekday,Evening Peak,21,Job Seeker,Prefer not to say,Dry,Occasional,Cleanliness,Dirty seats,"The inside looked maintained, which made the trip easier to tolerate.",Positive,2,5,4,3,5,4,4,4,2,High,9,78,40,None,Yes,Online Form
867,Dhaka,Local Bus,Jatrabari–Gulistan,Weekday,Morning Peak,59,Student,Prefer not to say,Dry,Daily,Comfort,Hot interior,"It was extremely hot inside the bus, and there was barely any airflow.",Negative,-2,2,4,4,3,4,3,2,2,High,43,59,50,None,No,Survey Form
868,Dhaka,Local Bus,Mirpur–Farmgate,Weekday,Morning Peak,52,Student,Female,Light Rain,Daily,Accessibility,Weak disability access,Getting on the bus was difficult because it barely stopped near the designated stop.,Negative,-1,1,4,4,3,3,1,2,4,High,41,67,20,None,No,Interview
869,Dhaka,Local Bus,Mohakhali–Badda,Weekday,Evening Peak,40,Healthcare Worker,Female,Dry,4-5 days/week,Crowding,Queue too long,Crowding made the ride stressful from start to finish. I could barely breathe comfortably.,Negative,-2,2,3,4,3,3,4,2,1,Severe,42,44,30,None,No,Interview
870,Dhaka,Local Bus,Mirpur–Farmgate,Weekday,Evening Peak,57,Office Employee,Female,Dry,4-5 days/week,Availability,No seat available,"If you miss one local bus on this route, you may have to wait a long time for the next one.",Negative,-2,1,1,4,3,4,3,1,4,Severe,57,82,35,None,No,No formal complaint
871,Dhaka,Local Bus,Jatrabari–Gulistan,Weekday,Morning Peak,29,Job Seeker,Male,Dry,Daily,Staff Behavior,Poor communication,A little politeness would make a big difference for regular commuters.,Negative,-2,2,3,3,4,3,4,2,4,Low,32,40,20,None,No,No formal complaint
872,Dhaka,Local Bus,Sayedabad–Kuril,Weekday,Morning Peak,28,Shopkeeper,Female,Dry,Daily,Availability,Route shortage,"During office time, availability is still poor. Demand is clearly higher than supply.",Negative,-1,1,1,2,4,3,2,1,4,High,30,91,35,None,No,Interview
873,Dhaka,Local Bus,Mohakhali–Badda,Weekday,Evening Peak,31,Teacher,Female,Dry,Occasional,Cleanliness,Dirty seats,"The inside looked maintained, which made the trip easier to tolerate.",Positive,2,4,4,2,3,3,3,4,3,High,10,98,40,None,Yes,Interview
874,Dhaka,Local Bus,Mirpur–Farmgate,Weekday,Morning Peak,37,Homemaker,Female,Dry,2-3 days/week,Safety,Reckless driving,The bus did not stop properly and passengers had to get on while it was moving slowly. That is not safe at all.,Negative,-1,1,2,1,2,3,4,3,4,Moderate,61,55,15,Elderly support,No,Survey Form
875,Dhaka,Local Bus,Jatrabari–Badda,Weekday,Evening Peak,24,Job Seeker,Female,Light Rain,Occasional,Cleanliness,Litter inside,"The inside of the bus was dusty, the seats were dirty, and there was a bad smell the whole way.",Negative,-2,1,3,4,1,3,2,2,4,High,46,58,20,None,No,Survey Form
876,Dhaka,Local Bus,Sayedabad–Kuril,Weekday,Morning Peak,48,Teacher,Male,Dry,Daily,Cost,Fair fare,"If the service stays like this, the fare should not keep increasing.",Negative,-2,1,4,4,2,1,4,2,4,High,62,100,20,None,No,Survey Form
877,Dhaka,Local Bus,Jatrabari–Badda,Weekday,Morning Peak,18,Homemaker,Prefer not to say,Light Rain,Daily,Availability,Too few buses,"There were buses on the route, but not enough to reduce waiting fully.",Neutral,0,3,2,3,3,3,2,3,2,High,18,65,25,Wheelchair access,Maybe,Online Form
878,Dhaka,Local Bus,Mirpur–Farmgate,Weekday,Morning Peak,23,Banker,Female,Dry,Daily,Staff Behavior,Helpful staff,The conductor kept shouting instead of answering simple fare questions calmly.,Negative,-1,2,4,2,2,3,2,3,4,Moderate,46,43,40,None,No,Interview
879,Dhaka,Local Bus,Uttara–Airport,Weekday,Evening Peak,51,Small Business,Male,Dry,4-5 days/week,Cost,Fair fare,The fare is not the only issue—the unclear way they collect it creates arguments almost every day.,Negative,-2,1,4,3,2,1,3,3,4,Moderate,24,81,30,None,No,Interview
880,Dhaka,Local Bus,Farmgate–Mohakhali,Weekday,Evening Peak,20,Shopkeeper,Female,Light Rain,Occasional,Cleanliness,Litter inside,"The inside looked used and worn, but not worse than usual.",Neutral,0,3,3,2,2,2,3,3,4,Severe,20,37,50,None,Maybe,Interview
881,Dhaka,Local Bus,Sayedabad–Kuril,Weekday,Evening Peak,34,Teacher,Prefer not to say,Dry,4-5 days/week,Information,No route info,"Bus e kono clear information chilo na, especially notun passenger der jonno eta problem.",Negative,-2,1,1,2,4,4,2,4,2,High,23,90,25,None,No,No formal complaint
882,Dhaka,Local Bus,Mirpur–Farmgate,Weekday,Morning Peak,43,Teacher,Female,Dry,Occasional,Delay,Traffic congestion,"Same problem again—long wait, slow movement, and too many unnecessary stops. Morning peak in Dhaka feels impossible sometimes.",Negative,-1,2,2,2,2,3,4,3,3,High,39,74,15,Elderly support,No,Online Form
883,Dhaka,Local Bus,Uttara–Airport,Weekday,Evening Peak,25,Job Seeker,Male,Dry,2-3 days/week,Information,No timing info,There was no clear information about where the bus would stop or how long the delay would be.,Negative,-2,1,1,2,3,2,4,4,2,High,33,45,50,None,No,Online Form
884,Dhaka,Local Bus,Jatrabari–Badda,Weekday,Morning Peak,29,Banker,Male,Dry,4-5 days/week,Crowding,Overcrowded bus,"Everyone was squeezed together, and even moving one step inside felt impossible.",Negative,-2,1,2,3,4,3,3,3,1,High,56,81,25,None,No,Interview
885,Dhaka,Local Bus,Azimpur–Shahbagh,Weekday,Evening Peak,28,Student,Male,Heavy Rain,Occasional,Safety,Harassment concern,"The driver handled the bus carefully today, and the ride felt safer than usual.",Positive,1,5,2,4,4,3,4,4,4,High,8,93,40,None,Yes,Interview
886,Dhaka,Local Bus,Gulistan–Farmgate,Weekday,Evening Peak,21,Teacher,Male,Heavy Rain,Daily,Cleanliness,Litter inside,Bus ta onek nongra chilo. Gari te uthar por thekei uncomfortable lagchilo.,Negative,-2,2,2,4,2,4,4,4,4,Severe,44,39,50,None,No,Interview
887,Dhaka,Local Bus,Jatrabari–Gulistan,Weekday,Morning Peak,50,Job Seeker,Prefer not to say,Dry,Daily,Cleanliness,Poor maintenance,"For a local bus, the condition was actually acceptable today.",Positive,2,4,3,3,4,4,4,2,2,Moderate,6,39,20,Wheelchair access,Yes,Survey Form
888,Dhaka,Local Bus,Mohakhali–Badda,Weekday,Evening Peak,20,Shopkeeper,Female,Light Rain,4-5 days/week,Delay,Long waiting time,Aajke bus er jonno eto wait korte holo je matha noshto hoye gelo. Peak hour e regular service thakar kotha.,Negative,-1,2,2,3,3,3,4,3,2,Moderate,65,81,15,None,No,Online Form
889,Dhaka,Local Bus,New Market–Science Lab,Weekday,Evening Peak,34,Healthcare Worker,Prefer not to say,Dry,2-3 days/week,Information,No timing info,I had to ask three people before confirming whether this bus was going my way.,Negative,-1,1,1,4,2,4,2,4,3,High,39,75,15,Elderly support,No,Interview
890,Dhaka,Local Bus,New Market–Science Lab,Weekday,Morning Peak,32,Freelancer,Female,Light Rain,Occasional,Cleanliness,Poor maintenance,"The bus was not very clean, but it was acceptable for a regular local bus trip.",Neutral,0,3,2,2,3,3,2,3,4,High,17,102,35,None,Maybe,Interview
891,Dhaka,Local Bus,Farmgate–Mohakhali,Weekday,Evening Peak,59,Small Business,Male,Heavy Rain,4-5 days/week,Information,No route info,I could follow the stops without much confusion.,Positive,2,5,5,2,3,4,3,2,4,High,8,93,45,None,Yes,No formal complaint
892,Dhaka,Local Bus,Mirpur–Farmgate,Weekday,Morning Peak,34,Teacher,Female,Dry,4-5 days/week,Availability,Long headway,Service frequency was neither very good nor very bad.,Neutral,0,3,3,4,3,2,4,3,2,Moderate,12,57,50,None,Maybe,Online Form
893,Dhaka,Local Bus,Gulistan–Farmgate,Weekday,Evening Peak,37,Student,Prefer not to say,Dry,Daily,Crowding,Standing entire trip,"Too many passengers, no personal space, and constant pushing—this should not be normal.",Negative,-2,2,2,2,4,3,3,4,2,Moderate,18,33,30,None,No,Survey Form
894,Dhaka,Local Bus,Motijheel–Rampura,Weekday,Evening Peak,20,Homemaker,Male,Heavy Rain,Daily,Safety,Reckless driving,Rush hour e safety niye onek tension lage. Driver o helper duijon e khub aggressive chilo.,Negative,-2,1,4,1,3,3,2,3,2,High,42,57,25,None,No,Online Form
895,Dhaka,Local Bus,Mirpur–Shahbagh,Weekday,Morning Peak,58,Teacher,Female,Dry,4-5 days/week,Staff Behavior,Helpful staff,A calm and respectful attitude from the staff made the ride easier.,Positive,1,4,4,4,2,4,2,4,4,Severe,4,80,50,None,Yes,Online Form
896,Dhaka,Local Bus,Mirpur–Farmgate,Weekday,Evening Peak,60,Shopkeeper,Prefer not to say,Dry,4-5 days/week,Information,No timing info,There was no clear information about where the bus would stop or how long the delay would be.,Negative,-1,2,2,4,2,4,4,3,2,High,35,87,40,None,No,No formal complaint
897,Dhaka,Local Bus,Jatrabari–Badda,Weekday,Evening Peak,57,Healthcare Worker,Female,Dry,2-3 days/week,Delay,Long waiting time,"The bus came sooner than I expected, which almost never happens during peak hour.",Positive,2,4,4,2,4,4,2,4,2,Severe,10,40,20,None,Yes,Interview
898,Dhaka,Local Bus,Uttara–Airport,Weekday,Evening Peak,47,Factory Worker,Male,Dry,Occasional,Accessibility,No elderly support,Getting on the bus was difficult because it barely stopped near the designated stop.,Negative,-1,1,2,3,4,4,1,2,3,High,33,53,35,Wheelchair access,No,Interview
899,Dhaka,Local Bus,Mirpur–Shahbagh,Weekday,Evening Peak,57,Teacher,Male,Light Rain,2-3 days/week,Safety,Unsafe boarding,Rush hour e safety niye onek tension lage. Driver o helper duijon e khub aggressive chilo.,Negative,-1,2,3,1,3,4,4,4,3,Severe,63,50,60,None,No,Interview
900,Dhaka,Local Bus,Sayedabad–Kuril,Weekday,Morning Peak,20,Student,Male,Dry,2-3 days/week,Information,No timing info,"The route details were clear enough today, so I did not have to guess much.",Positive,2,5,4,3,2,2,2,3,2,Severe,8,79,15,None,Yes,Online Form
901,Dhaka,Local Bus,Azimpur–Shahbagh,Weekday,Evening Peak,43,Shopkeeper,Male,Light Rain,2-3 days/week,Delay,Late departure,Aajke bus er jonno eto wait korte holo je matha noshto hoye gelo. Peak hour e regular service thakar kotha.,Negative,-1,2,2,2,4,3,3,2,3,Moderate,23,69,60,None,No,Online Form
902,Dhaka,Local Bus,Farmgate–Mohakhali,Weekday,Morning Peak,43,Factory Worker,Female,Dry,2-3 days/week,Cleanliness,Bad odor,"The vehicle looked poorly maintained, and it made an already tiring trip feel worse.",Negative,-1,1,3,3,1,3,2,3,3,Moderate,39,89,35,None,No,Online Form
903,Dhaka,Local Bus,New Market–Science Lab,Weekday,Morning Peak,28,Small Business,Male,Dry,Daily,Accessibility,Poor stop access,"The footpath near the stop was crowded and broken, so reaching the bus safely was not easy.",Negative,-1,2,4,2,2,4,1,4,2,High,35,61,20,None,No,Interview
904,Dhaka,Local Bus,Mirpur–Shahbagh,Weekday,Evening Peak,45,Small Business,Female,Dry,Daily,Comfort,Poor ventilation,"The ride was still busy, but it felt more comfortable than usual.",Positive,1,5,3,3,4,4,2,2,4,Severe,5,102,35,Elderly support,Yes,No formal complaint
905,Dhaka,Local Bus,Mirpur–Farmgate,Weekday,Morning Peak,23,Shopkeeper,Prefer not to say,Dry,4-5 days/week,Information,No timing info,I had to ask three people before confirming whether this bus was going my way.,Negative,-1,1,1,4,4,2,2,2,4,Low,24,44,30,None,No,Online Form
906,Dhaka,Local Bus,New Market–Science Lab,Weekday,Morning Peak,18,Office Employee,Prefer not to say,Dry,Occasional,Cost,Extra charge,The fare is not the only issue—the unclear way they collect it creates arguments almost every day.,Negative,-2,2,3,2,4,2,4,2,2,Moderate,54,74,20,None,No,No formal complaint
907,Dhaka,Local Bus,Gulistan–Farmgate,Weekday,Morning Peak,55,Small Business,Female,Dry,4-5 days/week,Crowding,Standing entire trip,"Everyone was squeezed together, and even moving one step inside felt impossible.",Negative,-2,2,3,3,3,3,4,2,2,Moderate,54,77,15,None,No,Survey Form
908,Dhaka,Local Bus,Jatrabari–Gulistan,Weekday,Morning Peak,52,Banker,Female,Dry,Daily,Delay,Irregular service,"The bus was a bit late today, but not unusually late for a weekday in Dhaka.",Neutral,0,3,2,4,3,3,2,4,4,Moderate,12,60,30,Elderly support,Maybe,Survey Form
909,Dhaka,Local Bus,Jatrabari–Gulistan,Weekday,Morning Peak,45,Factory Worker,Female,Light Rain,Daily,Cost,Extra charge,"If the service stays like this, the fare should not keep increasing.",Negative,-2,1,4,4,2,1,2,2,3,High,22,61,50,None,No,No formal complaint
910,Dhaka,Local Bus,Gulistan–Farmgate,Weekday,Morning Peak,34,Job Seeker,Male,Light Rain,Occasional,Cleanliness,Poor maintenance,"The bus was not very clean, but it was acceptable for a regular local bus trip.",Neutral,0,3,4,3,2,4,4,4,3,High,17,72,45,None,Maybe,Online Form
911,Dhaka,Local Bus,New Market–Science Lab,Weekday,Morning Peak,52,Homemaker,Female,Dry,Occasional,Cleanliness,Dirty seats,"The bus was not very clean, but it was acceptable for a regular local bus trip.",Neutral,0,3,4,2,2,3,4,2,4,Severe,18,84,60,None,Maybe,No formal complaint
912,Dhaka,Local Bus,Mirpur–Farmgate,Weekday,Morning Peak,35,Teacher,Prefer not to say,Dry,Daily,Safety,Pickpocket risk,"People were pushing near the gate while boarding, and it felt risky, especially for women and older passengers.",Negative,-1,2,3,2,3,2,3,2,3,High,64,60,25,None,No,Online Form
913,Dhaka,Local Bus,Azimpur–Shahbagh,Weekday,Evening Peak,37,Office Employee,Prefer not to say,Light Rain,2-3 days/week,Accessibility,Poor stop access,This route is hard for elderly passengers. Even healthy people struggle to board during peak hours.,Negative,-2,2,3,3,2,4,2,3,4,High,18,35,45,None,No,Online Form
914,Dhaka,Local Bus,Jatrabari–Gulistan,Weekday,Morning Peak,31,Driver,Prefer not to say,Dry,2-3 days/week,Cleanliness,Litter inside,"The inside of the bus was dusty, the seats were dirty, and there was a bad smell the whole way.",Negative,-2,2,4,3,1,3,3,4,2,High,55,52,50,None,No,Interview
915,Dhaka,Local Bus,Azimpur–Shahbagh,Weekday,Evening Peak,20,Job Seeker,Male,Dry,Daily,Accessibility,Poor stop access,This route is hard for elderly passengers. Even healthy people struggle to board during peak hours.,Negative,-2,2,4,4,4,2,1,3,3,Moderate,33,60,50,Elderly support,No,Survey Form
916,Dhaka,Local Bus,Jatrabari–Badda,Weekday,Evening Peak,56,Small Business,Prefer not to say,Light Rain,2-3 days/week,Safety,Pickpocket risk,The bus was so packed that I kept worrying about my phone and wallet the whole trip.,Negative,-1,1,3,1,4,3,4,2,4,High,57,66,60,None,No,Survey Form
917,Dhaka,Local Bus,New Market–Science Lab,Weekday,Evening Peak,52,Job Seeker,Prefer not to say,Light Rain,Daily,Cleanliness,Poor maintenance,"For a local bus, the condition was actually acceptable today.",Positive,2,4,4,3,3,3,4,3,4,High,11,76,25,None,Yes,Survey Form
918,Dhaka,Local Bus,Jatrabari–Gulistan,Weekday,Morning Peak,22,Banker,Prefer not to say,Dry,Occasional,Staff Behavior,Helpful staff,Staff behavior made the whole ride more unpleasant than it needed to be.,Negative,-1,2,3,2,3,2,4,2,3,Low,21,75,25,None,No,Survey Form
919,Dhaka,Local Bus,Uttara–Airport,Weekday,Morning Peak,33,Driver,Female,Light Rain,4-5 days/week,Comfort,Poor ventilation,Ventilation was decent and the trip was less tiring today.,Positive,2,4,2,4,2,3,2,2,3,Low,9,57,15,None,Yes,Survey Form
920,Dhaka,Local Bus,New Market–Science Lab,Weekday,Evening Peak,59,Job Seeker,Male,Dry,Daily,Cost,High fare,I did not mind paying this fare because the trip was manageable.,Positive,1,5,2,2,4,5,2,3,2,Severe,11,104,35,None,Yes,Survey Form
921,Dhaka,Local Bus,New Market–Science Lab,Weekday,Morning Peak,28,Small Business,Male,Light Rain,Occasional,Crowding,Standing entire trip,Crowding was less intense than I expected today.,Positive,1,4,2,4,4,2,4,4,3,Severe,4,96,15,Traveling with child,Yes,No formal complaint
922,Dhaka,Local Bus,Mohakhali–Badda,Weekday,Morning Peak,28,Small Business,Female,Light Rain,2-3 days/week,Availability,No seat available,"Peak time e bus kom thake, tai sobai ekta bus er upor chap pore jay.",Negative,-1,1,1,4,2,2,4,1,2,Moderate,40,91,60,None,No,Interview
923,Dhaka,Local Bus,Jatrabari–Badda,Weekday,Evening Peak,41,Shopkeeper,Female,Light Rain,2-3 days/week,Crowding,Door blocked,"The bus was crowded, but that is normal during peak time.",Neutral,0,3,3,4,2,4,4,2,3,Moderate,20,87,15,None,Maybe,Interview
924,Dhaka,Local Bus,Gulistan–Farmgate,Weekday,Morning Peak,32,Banker,Prefer not to say,Light Rain,4-5 days/week,Crowding,Queue too long,The bus was so full that I had to stand bent near the gate for almost the whole trip.,Negative,-1,1,2,2,4,3,2,4,1,High,59,40,20,None,No,No formal complaint
925,Dhaka,Local Bus,New Market–Science Lab,Weekday,Evening Peak,46,Freelancer,Prefer not to say,Heavy Rain,2-3 days/week,Safety,Reckless driving,"The ride felt somewhat crowded, but I did not face any major safety issue.",Neutral,0,3,3,3,4,2,3,2,2,High,17,64,25,None,Maybe,No formal complaint
926,Dhaka,Local Bus,Mirpur–Farmgate,Weekday,Evening Peak,51,Healthcare Worker,Female,Dry,4-5 days/week,Cleanliness,Poor maintenance,"The bus was cleaner than I expected, and the seating area was in decent shape.",Positive,1,4,2,2,4,3,2,2,2,High,3,94,50,None,Yes,Survey Form
927,Dhaka,Local Bus,Jatrabari–Gulistan,Weekday,Evening Peak,47,Homemaker,Female,Heavy Rain,Occasional,Information,No route info,I had to ask three people before confirming whether this bus was going my way.,Negative,-1,1,1,4,2,2,2,4,3,High,19,70,20,None,No,Survey Form
928,Dhaka,Local Bus,Azimpur–Shahbagh,Weekday,Morning Peak,23,Homemaker,Female,Dry,Occasional,Delay,Late departure,"From Azimpur–Shahbagh, the delay was frustrating. I left early but still got late because the bus service was irregular.",Negative,-2,1,1,4,4,4,2,2,4,Moderate,46,34,35,None,No,Survey Form
929,Dhaka,Local Bus,Mirpur–Shahbagh,Weekday,Evening Peak,45,Banker,Male,Heavy Rain,Daily,Delay,Traffic congestion,"There was some waiting time, though it was still manageable.",Neutral,0,3,3,4,3,4,2,3,3,Moderate,13,82,40,None,Maybe,No formal complaint
930,Dhaka,Local Bus,Mirpur–Shahbagh,Weekday,Evening Peak,24,Teacher,Male,Dry,Occasional,Cleanliness,Bad odor,"For a local bus, the condition was actually acceptable today.",Positive,2,4,4,3,4,3,3,2,2,Moderate,9,45,25,None,Yes,Survey Form
931,Dhaka,Local Bus,Sayedabad–Kuril,Weekday,Morning Peak,44,Factory Worker,Female,Dry,Daily,Delay,Traffic congestion,"Same problem again—long wait, slow movement, and too many unnecessary stops. Morning peak in Dhaka feels impossible sometimes.",Negative,-1,1,1,2,2,3,3,3,2,Moderate,23,34,60,None,No,Online Form
932,Dhaka,Local Bus,Mohakhali–Badda,Weekday,Evening Peak,48,Factory Worker,Female,Dry,Daily,Cost,Extra charge,"Vara ta service er sathe match kore na. Joto taka dei, toto quality pai na.",Negative,-1,2,4,3,3,2,4,3,2,High,21,103,25,None,No,Survey Form
933,Dhaka,Local Bus,Farmgate–Mohakhali,Weekday,Evening Peak,31,Office Employee,Prefer not to say,Dry,2-3 days/week,Availability,Route shortage,"During office time, availability is still poor. Demand is clearly higher than supply.",Negative,-2,2,1,4,2,3,3,1,4,Moderate,58,84,30,None,No,Interview
934,Dhaka,Local Bus,Mirpur–Farmgate,Weekday,Evening Peak,38,Freelancer,Prefer not to say,Dry,Daily,Comfort,Too noisy,"The ride was tiring, but about what I normally expect from a local bus.",Neutral,0,3,3,3,3,2,4,3,2,High,9,43,50,Elderly support,Maybe,No formal complaint
935,Dhaka,Local Bus,Farmgate–Mohakhali,Weekday,Evening Peak,34,Student,Male,Dry,Daily,Safety,Reckless driving,The driver was braking so hard that everyone almost fell forward. I honestly did not feel safe.,Negative,-1,1,3,1,3,2,3,3,4,High,50,96,50,None,No,No formal complaint
936,Dhaka,Local Bus,Uttara–Airport,Weekday,Morning Peak,42,Small Business,Female,Dry,4-5 days/week,Crowding,Overcrowded bus,"There was pressure inside the bus, but not severe.",Neutral,0,3,4,3,4,3,3,4,3,High,15,80,40,None,Maybe,Survey Form
937,Dhaka,Local Bus,Azimpur–Shahbagh,Weekday,Evening Peak,29,Shopkeeper,Female,Light Rain,2-3 days/week,Safety,Reckless driving,"The ride felt somewhat crowded, but I did not face any major safety issue.",Neutral,0,3,2,3,2,2,4,4,2,Low,8,77,25,Traveling with child,Maybe,No formal complaint
938,Dhaka,Local Bus,Sayedabad–Kuril,Weekday,Evening Peak,37,Student,Prefer not to say,Dry,4-5 days/week,Delay,Traffic congestion,"Traffic slowed the trip, but overall it was average.",Neutral,0,3,3,4,2,4,3,4,4,High,17,94,40,None,Maybe,Interview
939,Dhaka,Local Bus,Mirpur–Shahbagh,Weekday,Evening Peak,56,Office Employee,Male,Dry,Occasional,Safety,Unsafe boarding,I felt comparatively secure throughout the journey.,Positive,2,5,3,5,2,3,4,4,2,High,4,33,25,None,Yes,No formal complaint
940,Dhaka,Local Bus,Motijheel–Rampura,Weekday,Morning Peak,42,Freelancer,Female,Dry,2-3 days/week,Safety,Pickpocket risk,"People were pushing near the gate while boarding, and it felt risky, especially for women and older passengers.",Negative,-1,2,4,2,2,2,2,4,4,Low,59,97,15,Traveling with child,No,No formal complaint
941,Dhaka,Local Bus,Azimpur–Shahbagh,Weekday,Evening Peak,52,Small Business,Prefer not to say,Heavy Rain,4-5 days/week,Information,No route info,I had to ask three people before confirming whether this bus was going my way.,Negative,-1,2,1,4,2,4,2,4,4,High,47,67,30,Wheelchair access,No,Online Form
942,Dhaka,Local Bus,Uttara–Airport,Weekday,Morning Peak,44,Teacher,Prefer not to say,Dry,Daily,Information,No timing info,"There was some confusion, but I still reached the right destination.",Neutral,0,3,2,2,4,3,3,3,2,Moderate,20,30,15,None,Maybe,Survey Form
943,Dhaka,Local Bus,Mirpur–Shahbagh,Weekday,Evening Peak,41,Driver,Prefer not to say,Dry,4-5 days/week,Accessibility,Poor stop access,"The footpath near the stop was crowded and broken, so reaching the bus safely was not easy.",Negative,-2,1,2,4,3,4,1,3,3,Severe,39,30,25,None,No,Survey Form
944,Dhaka,Local Bus,Jatrabari–Badda,Weekday,Evening Peak,37,Homemaker,Female,Dry,4-5 days/week,Accessibility,Weak disability access,"The stop access felt manageable, even during the busy hour.",Positive,1,4,4,2,2,3,3,3,4,Moderate,5,105,45,Traveling with child,Yes,Survey Form
945,Dhaka,Local Bus,Uttara–Airport,Weekday,Evening Peak,42,Freelancer,Male,Light Rain,4-5 days/week,Availability,Long headway,There were far fewer buses than the number of waiting passengers. The line just kept getting longer.,Negative,-2,2,2,2,2,4,4,2,2,Low,48,50,35,None,No,No formal complaint
946,Dhaka,Local Bus,Gulistan–Farmgate,Weekday,Evening Peak,42,Shopkeeper,Female,Light Rain,4-5 days/week,Information,Wrong stop info,I had to ask three people before confirming whether this bus was going my way.,Negative,-2,2,1,2,3,4,4,3,3,High,40,56,50,None,No,Online Form
947,Dhaka,Local Bus,Motijheel–Rampura,Weekday,Morning Peak,39,Student,Prefer not to say,Dry,2-3 days/week,Delay,Late departure,Travel time was reasonable today and the service felt more reliable than usual.,Positive,2,5,5,4,4,2,4,3,4,Moderate,11,98,60,None,Yes,No formal complaint
948,Dhaka,Local Bus,Mirpur–Shahbagh,Weekday,Morning Peak,31,Teacher,Male,Dry,Daily,Safety,Unsafe boarding,Rush hour e safety niye onek tension lage. Driver o helper duijon e khub aggressive chilo.,Negative,-2,2,4,2,2,4,3,4,4,Severe,45,70,35,None,No,Survey Form
949,Dhaka,Local Bus,Farmgate–Mohakhali,Weekday,Evening Peak,32,Student,Prefer not to say,Dry,Daily,Delay,Irregular service,"The bus came sooner than I expected, which almost never happens during peak hour.",Positive,1,4,4,4,3,3,2,3,3,Severe,12,97,40,Traveling with child,Yes,Online Form
950,Dhaka,Local Bus,Farmgate–Mohakhali,Weekday,Evening Peak,22,Job Seeker,Female,Dry,4-5 days/week,Cost,Fair fare,"Compared with other days, today the cost felt reasonable.",Positive,2,5,3,3,2,5,4,2,3,Severe,5,30,15,None,Yes,Online Form
951,Dhaka,Local Bus,Mohakhali–Badda,Weekday,Evening Peak,33,Homemaker,Female,Light Rain,2-3 days/week,Availability,Route shortage,There seemed to be more buses on the road than usual.,Positive,2,5,5,4,2,2,2,5,3,High,4,100,60,None,Yes,No formal complaint
952,Dhaka,Local Bus,Mirpur–Farmgate,Weekday,Morning Peak,54,Teacher,Female,Heavy Rain,Occasional,Information,No timing info,There was no clear information about where the bus would stop or how long the delay would be.,Negative,-1,2,1,2,4,2,4,3,2,Moderate,50,70,60,None,No,Survey Form
953,Dhaka,Local Bus,Jatrabari–Gulistan,Weekday,Morning Peak,38,Healthcare Worker,Prefer not to say,Dry,Daily,Accessibility,Poor stop access,This route is hard for elderly passengers. Even healthy people struggle to board during peak hours.,Negative,-2,2,2,2,3,2,1,3,2,Severe,28,37,50,None,No,Interview
954,Dhaka,Local Bus,Motijheel–Rampura,Weekday,Morning Peak,32,Job Seeker,Prefer not to say,Dry,Daily,Accessibility,No elderly support,"The stop area was busy, though still usable.",Neutral,0,3,2,2,4,4,2,3,2,Low,13,44,25,Elderly support,Maybe,No formal complaint
955,Dhaka,Local Bus,Jatrabari–Gulistan,Weekday,Evening Peak,39,Student,Prefer not to say,Dry,Daily,Delay,Late departure,"I was standing at Sayedabad for almost 41 minutes and still no bus came on time. For a weekday peak hour, this is exhausting.",Negative,-1,2,2,4,2,3,4,4,3,High,28,86,30,None,No,No formal complaint
956,Dhaka,Local Bus,Sayedabad–Kuril,Weekday,Evening Peak,38,Job Seeker,Prefer not to say,Dry,Daily,Safety,Reckless driving,"The ride felt somewhat crowded, but I did not face any major safety issue.",Neutral,0,3,3,3,4,4,2,2,3,Low,12,92,45,Traveling with child,Maybe,Survey Form
957,Dhaka,Local Bus,Farmgate–Mohakhali,Weekday,Evening Peak,45,Shopkeeper,Prefer not to say,Dry,Daily,Delay,Late departure,"The bus came sooner than I expected, which almost never happens during peak hour.",Positive,1,5,5,3,2,3,3,4,4,Severe,12,104,50,None,Yes,Survey Form
958,Dhaka,Local Bus,New Market–Science Lab,Weekday,Morning Peak,60,Driver,Female,Dry,2-3 days/week,Availability,Too few buses,"A bus came after some waiting, so availability was average today.",Neutral,0,3,3,4,3,3,4,3,3,Severe,14,65,20,Elderly support,Maybe,Survey Form
959,Dhaka,Local Bus,Motijheel–Rampura,Weekday,Evening Peak,58,Shopkeeper,Female,Light Rain,Daily,Availability,Long headway,"A bus came after some waiting, so availability was average today.",Neutral,0,3,3,4,3,4,3,2,2,High,16,58,35,Elderly support,Maybe,Survey Form
960,Dhaka,Local Bus,Azimpur–Shahbagh,Weekday,Morning Peak,22,Teacher,Male,Dry,Occasional,Cost,High fare,The fare felt too high considering how crowded and uncomfortable the ride was.,Negative,-2,2,2,2,4,2,2,3,4,High,49,92,50,None,No,Survey Form
961,Dhaka,Local Bus,Sayedabad–Kuril,Weekday,Evening Peak,26,Driver,Female,Dry,2-3 days/week,Delay,Irregular service,"Traffic slowed the trip, but overall it was average.",Neutral,0,3,3,3,3,2,3,2,4,Moderate,16,98,20,None,Maybe,Interview
962,Dhaka,Local Bus,Jatrabari–Gulistan,Weekday,Morning Peak,55,Shopkeeper,Male,Dry,2-3 days/week,Crowding,Queue too long,"Everyone was squeezed together, and even moving one step inside felt impossible.",Negative,-1,2,4,2,4,2,4,3,1,High,35,38,45,None,No,Online Form
963,Dhaka,Local Bus,Jatrabari–Gulistan,Weekday,Morning Peak,42,Shopkeeper,Prefer not to say,Dry,Occasional,Availability,Too few buses,"If you miss one local bus on this route, you may have to wait a long time for the next one.",Negative,-1,1,1,4,2,3,4,1,2,Moderate,40,91,60,None,No,Survey Form
964,Dhaka,Local Bus,Jatrabari–Badda,Weekday,Evening Peak,26,Office Employee,Prefer not to say,Light Rain,Occasional,Crowding,Overcrowded bus,"The bus was crowded, but that is normal during peak time.",Neutral,0,3,3,2,3,2,4,3,3,High,9,45,30,None,Maybe,Survey Form
965,Dhaka,Local Bus,Mohakhali–Badda,Weekday,Morning Peak,40,Student,Male,Dry,Daily,Delay,Late departure,"For once, the trip moved smoothly and I reached on time.",Positive,2,4,4,3,3,2,4,4,3,High,10,57,35,None,Yes,No formal complaint
966,Dhaka,Local Bus,Mirpur–Shahbagh,Weekday,Morning Peak,55,Teacher,Male,Dry,Daily,Information,No route info,Clear route and stop information would save passengers a lot of confusion.,Negative,-1,1,1,4,2,3,2,4,3,High,37,52,45,Traveling with child,No,No formal complaint
967,Dhaka,Local Bus,Jatrabari–Badda,Weekday,Morning Peak,49,Teacher,Prefer not to say,Dry,Daily,Availability,No seat available,Availability was better today and I did not have to wait too long.,Positive,2,4,4,2,3,4,4,4,4,Moderate,5,77,15,None,Yes,Survey Form
968,Dhaka,Local Bus,Azimpur–Shahbagh,Weekday,Evening Peak,58,Teacher,Prefer not to say,Heavy Rain,4-5 days/week,Availability,Long headway,"If you miss one local bus on this route, you may have to wait a long time for the next one.",Negative,-2,1,1,4,2,3,2,1,4,High,36,79,45,None,No,Survey Form
969,Dhaka,Local Bus,Motijheel–Rampura,Weekday,Evening Peak,20,Teacher,Female,Light Rain,Daily,Crowding,Door blocked,"Everyone was squeezed together, and even moving one step inside felt impossible.",Negative,-2,1,3,2,4,4,3,3,1,Moderate,63,59,20,None,No,Online Form
970,Dhaka,Local Bus,Azimpur–Shahbagh,Weekday,Evening Peak,58,Freelancer,Male,Light Rain,Occasional,Cleanliness,Bad odor,"The vehicle looked poorly maintained, and it made an already tiring trip feel worse.",Negative,-2,2,2,2,2,4,4,2,2,Moderate,21,100,25,None,No,No formal complaint
971,Dhaka,Local Bus,New Market–Science Lab,Weekday,Morning Peak,60,Homemaker,Male,Heavy Rain,2-3 days/week,Safety,Harassment concern,I felt comparatively secure throughout the journey.,Positive,1,5,4,4,3,3,2,2,3,High,9,30,15,None,Yes,No formal complaint
972,Dhaka,Local Bus,Motijheel–Rampura,Weekday,Evening Peak,25,Student,Male,Dry,4-5 days/week,Availability,No seat available,Availability was better today and I did not have to wait too long.,Positive,2,4,3,4,4,2,3,4,4,High,5,48,15,Wheelchair access,Yes,Interview
973,Dhaka,Local Bus,Jatrabari–Gulistan,Weekday,Morning Peak,58,Freelancer,Female,Heavy Rain,Occasional,Comfort,Too noisy,The seat condition was poor and there was no real comfort during the trip.,Negative,-2,1,2,4,4,4,3,3,1,Severe,41,31,15,Elderly support,No,Survey Form
974,Dhaka,Local Bus,Uttara–Airport,Weekday,Evening Peak,18,Job Seeker,Male,Dry,4-5 days/week,Information,No route info,I had to ask three people before confirming whether this bus was going my way.,Negative,-2,2,2,3,2,3,4,3,2,Moderate,55,54,50,Elderly support,No,Survey Form
975,Dhaka,Local Bus,Sayedabad–Kuril,Weekday,Morning Peak,18,Homemaker,Male,Dry,Occasional,Information,Poor signage,"Bus e kono clear information chilo na, especially notun passenger der jonno eta problem.",Negative,-1,1,1,4,4,4,3,2,2,Low,46,38,50,Elderly support,No,Interview
976,Dhaka,Local Bus,Mirpur–Farmgate,Weekday,Evening Peak,35,Banker,Female,Dry,4-5 days/week,Cleanliness,Litter inside,"For daily commuting, the cleanliness is really below standard. The floor was messy and the windows looked untouched.",Negative,-1,1,3,3,1,3,2,3,4,Low,65,32,30,Traveling with child,No,Online Form
977,Dhaka,Local Bus,New Market–Science Lab,Weekday,Morning Peak,23,Factory Worker,Prefer not to say,Light Rain,4-5 days/week,Cleanliness,Litter inside,"The bus was cleaner than I expected, and the seating area was in decent shape.",Positive,2,5,3,3,5,2,4,4,2,High,4,46,60,Elderly support,Yes,Survey Form
978,Dhaka,Local Bus,Jatrabari–Badda,Weekday,Evening Peak,47,Small Business,Prefer not to say,Dry,Daily,Crowding,Overcrowded bus,I could stand comfortably enough without being pushed around too much.,Positive,2,5,2,3,2,2,2,3,5,High,12,73,40,None,Yes,No formal complaint
979,Dhaka,Local Bus,Mirpur–Farmgate,Weekday,Morning Peak,42,Banker,Male,Dry,Occasional,Cost,Extra charge,"The fare felt acceptable, though service quality could still improve.",Neutral,0,3,4,3,2,3,2,3,3,Moderate,17,95,30,None,Maybe,No formal complaint
980,Dhaka,Local Bus,Mohakhali–Badda,Weekday,Evening Peak,35,Student,Prefer not to say,Dry,Daily,Availability,Too few buses,"During office time, availability is still poor. Demand is clearly higher than supply.",Negative,-1,1,1,2,3,2,3,1,4,High,52,59,15,None,No,Survey Form
981,Dhaka,Local Bus,New Market–Science Lab,Weekday,Morning Peak,20,Homemaker,Prefer not to say,Dry,2-3 days/week,Availability,Long headway,"During office time, availability is still poor. Demand is clearly higher than supply.",Negative,-2,1,1,4,4,2,4,1,2,High,42,64,15,None,No,Survey Form
982,Dhaka,Local Bus,Uttara–Airport,Weekday,Evening Peak,46,Driver,Male,Dry,2-3 days/week,Cost,Fair fare,I did not mind paying this fare because the trip was manageable.,Positive,2,5,3,2,3,5,3,4,4,High,5,102,30,None,Yes,Interview
983,Dhaka,Local Bus,Sayedabad–Kuril,Weekday,Evening Peak,57,Student,Prefer not to say,Light Rain,Daily,Staff Behavior,Helpful staff,"The staff were not especially helpful, but they were not very rude either.",Neutral,0,3,2,4,4,2,4,2,4,Moderate,19,53,15,None,Maybe,Online Form
984,Dhaka,Local Bus,Sayedabad–Kuril,Weekday,Morning Peak,51,Office Employee,Female,Light Rain,4-5 days/week,Comfort,Hot interior,"The ride was tiring, but about what I normally expect from a local bus.",Neutral,0,3,4,3,3,4,2,3,2,High,14,54,30,None,Maybe,Survey Form
985,Dhaka,Local Bus,Gulistan–Farmgate,Weekday,Evening Peak,26,Driver,Male,Dry,Occasional,Cost,Fair fare,"Compared with other days, today the cost felt reasonable.",Positive,2,5,2,2,4,4,2,4,4,High,11,63,20,None,Yes,Survey Form
986,Dhaka,Local Bus,Azimpur–Shahbagh,Weekday,Evening Peak,27,Homemaker,Male,Dry,Daily,Cleanliness,Bad odor,"I do not expect luxury, but at least the bus should be clean enough to sit comfortably.",Negative,-1,1,3,2,1,3,3,3,4,Severe,59,44,25,None,No,Interview
987,Dhaka,Local Bus,Motijheel–Rampura,Weekday,Evening Peak,23,Healthcare Worker,Prefer not to say,Dry,Occasional,Staff Behavior,Poor communication,A calm and respectful attitude from the staff made the ride easier.,Positive,1,5,3,4,2,4,3,2,2,Low,5,53,50,None,Yes,Interview
988,Dhaka,Local Bus,Azimpur–Shahbagh,Weekday,Morning Peak,60,Shopkeeper,Female,Dry,Daily,Safety,Reckless driving,"The ride felt somewhat crowded, but I did not face any major safety issue.",Neutral,0,3,2,3,3,3,2,2,4,Severe,19,30,40,None,Maybe,Interview
989,Dhaka,Local Bus,Sayedabad–Kuril,Weekday,Morning Peak,28,Teacher,Prefer not to say,Dry,2-3 days/week,Availability,Too few buses,Availability was better today and I did not have to wait too long.,Positive,1,5,5,2,2,3,2,4,3,High,4,90,25,None,Yes,Survey Form
990,Dhaka,Local Bus,Mirpur–Farmgate,Weekday,Morning Peak,55,Teacher,Female,Dry,4-5 days/week,Cleanliness,Bad odor,"The bus was not very clean, but it was acceptable for a regular local bus trip.",Neutral,0,3,4,2,2,3,4,2,3,High,9,61,35,None,Maybe,Survey Form
991,Dhaka,Local Bus,Motijheel–Rampura,Weekday,Evening Peak,26,Driver,Prefer not to say,Dry,4-5 days/week,Accessibility,Poor stop access,"The footpath near the stop was crowded and broken, so reaching the bus safely was not easy.",Negative,-1,1,4,4,2,2,1,2,4,Moderate,21,99,60,None,No,Survey Form
992,Dhaka,Local Bus,Uttara–Airport,Weekday,Morning Peak,49,Job Seeker,Prefer not to say,Dry,Daily,Crowding,Overcrowded bus,The bus was so full that I had to stand bent near the gate for almost the whole trip.,Negative,-2,2,3,4,2,3,4,3,2,Severe,64,61,35,None,No,Online Form
993,Dhaka,Local Bus,Jatrabari–Badda,Weekday,Evening Peak,25,Teacher,Male,Dry,2-3 days/week,Delay,Late departure,"For once, the trip moved smoothly and I reached on time.",Positive,1,5,5,2,3,3,2,2,4,High,7,51,60,None,Yes,Survey Form
994,Dhaka,Local Bus,Jatrabari–Gulistan,Weekday,Evening Peak,51,Small Business,Prefer not to say,Dry,Occasional,Accessibility,Difficult boarding,Getting on the bus was difficult because it barely stopped near the designated stop.,Negative,-2,1,4,2,2,2,1,2,4,Moderate,20,42,15,Elderly support,No,No formal complaint
995,Dhaka,Local Bus,Mirpur–Farmgate,Weekday,Evening Peak,27,Freelancer,Prefer not to say,Heavy Rain,4-5 days/week,Information,No timing info,There was no clear information about where the bus would stop or how long the delay would be.,Negative,-2,2,1,2,3,4,4,4,2,Low,65,58,30,None,No,Online Form
996,Dhaka,Local Bus,Azimpur–Shahbagh,Weekday,Morning Peak,29,Job Seeker,Prefer not to say,Dry,2-3 days/week,Availability,Long headway,There were far fewer buses than the number of waiting passengers. The line just kept getting longer.,Negative,-1,2,2,2,3,2,3,1,2,Moderate,47,72,15,None,No,Online Form
997,Dhaka,Local Bus,Mirpur–Shahbagh,Weekday,Evening Peak,49,Homemaker,Male,Light Rain,Daily,Information,No timing info,Even a small sign or proper announcement could have made this trip easier.,Negative,-1,1,1,2,2,4,3,4,3,High,39,56,35,Traveling with child,No,Interview
998,Dhaka,Local Bus,Farmgate–Mohakhali,Weekday,Morning Peak,49,Factory Worker,Prefer not to say,Dry,2-3 days/week,Delay,Long waiting time,"There was some waiting time, though it was still manageable.",Neutral,0,3,2,4,3,4,2,2,4,Low,10,70,50,None,Maybe,Online Form
999,Dhaka,Local Bus,Mirpur–Shahbagh,Weekday,Morning Peak,42,Shopkeeper,Female,Dry,2-3 days/week,Information,No route info,"Bus e kono clear information chilo na, especially notun passenger der jonno eta problem.",Negative,-2,1,1,2,2,4,3,3,4,High,24,88,45,None,No,Online Form
1000,Dhaka,Local Bus,Mohakhali–Badda,Weekday,Evening Peak,27,Freelancer,Female,Light Rain,4-5 days/week,Safety,Pickpocket risk,"Safety was okay today, though the boarding process could be better.",Neutral,0,3,2,3,2,4,4,4,2,Severe,20,95,15,None,Maybe,Survey Form
1001,Dhaka,Local Bus,Uttara–Airport,Weekday,Evening Peak,27,Office Employee,Female,Dry,4-5 days/week,Information,Poor signage,"I got enough information after asking around, though it was not very clear at first.",Neutral,0,3,3,4,2,3,2,3,2,Moderate,14,104,25,None,Maybe,Interview
1002,Dhaka,Local Bus,Uttara–Airport,Weekday,Evening Peak,36,Shopkeeper,Prefer not to say,Dry,Occasional,Cleanliness,Litter inside,"For daily commuting, the cleanliness is really below standard. The floor was messy and the windows looked untouched.",Negative,-2,2,3,2,1,4,3,4,4,Severe,63,72,25,Traveling with child,No,Survey Form
1003,Dhaka,Local Bus,Jatrabari–Gulistan,Weekday,Evening Peak,22,Homemaker,Prefer not to say,Dry,2-3 days/week,Information,No route info,I had to ask three people before confirming whether this bus was going my way.,Negative,-1,2,2,2,3,2,3,3,2,High,46,56,45,None,No,Online Form
1004,Dhaka,Local Bus,Azimpur–Shahbagh,Weekday,Evening Peak,40,Healthcare Worker,Male,Dry,Daily,Delay,Late departure,"From Azimpur–Shahbagh, the delay was frustrating. I left early but still got late because the bus service was irregular.",Negative,-2,1,1,3,2,3,2,3,4,Severe,43,30,40,None,No,Online Form
1005,Dhaka,Local Bus,Jatrabari–Gulistan,Weekday,Morning Peak,42,Shopkeeper,Prefer not to say,Light Rain,2-3 days/week,Cleanliness,Litter inside,"For a local bus, the condition was actually acceptable today.",Positive,1,4,4,3,3,3,4,3,3,Moderate,10,93,40,None,Yes,Survey Form
1006,Dhaka,Local Bus,Uttara–Airport,Weekday,Morning Peak,31,Freelancer,Male,Light Rain,2-3 days/week,Staff Behavior,Poor communication,"The staff were not especially helpful, but they were not very rude either.",Neutral,0,3,4,3,2,4,3,3,3,High,14,36,30,None,Maybe,Interview
1007,Dhaka,Local Bus,Uttara–Airport,Weekday,Morning Peak,48,Job Seeker,Male,Dry,2-3 days/week,Delay,Late departure,"The local bus showed up very late today. By the time I reached my office, I was already behind schedule.",Negative,-2,1,1,4,4,3,2,4,4,High,53,32,15,None,No,Interview
1008,Dhaka,Local Bus,Jatrabari–Badda,Weekday,Evening Peak,19,Shopkeeper,Female,Dry,Occasional,Delay,Long waiting time,"The bus came sooner than I expected, which almost never happens during peak hour.",Positive,1,5,4,2,2,4,3,4,4,Severe,3,44,15,None,Yes,Online Form
1009,Dhaka,Local Bus,Mirpur–Farmgate,Weekday,Morning Peak,57,Factory Worker,Prefer not to say,Dry,2-3 days/week,Accessibility,Poor stop access,Accessibility er dike khub kom attention ache. Peak hour e nama-utha duitae kosto.,Negative,-1,2,2,3,2,3,2,3,3,High,25,94,20,Wheelchair access,No,Survey Form
1010,Dhaka,Local Bus,Mirpur–Farmgate,Weekday,Evening Peak,34,Driver,Male,Dry,Occasional,Cost,Extra charge,I did not mind paying this fare because the trip was manageable.,Positive,2,5,3,4,3,5,2,4,3,Moderate,6,36,45,None,Yes,Interview
1011,Dhaka,Local Bus,New Market–Science Lab,Weekday,Morning Peak,21,Freelancer,Female,Light Rain,4-5 days/week,Accessibility,Difficult boarding,Accessibility er dike khub kom attention ache. Peak hour e nama-utha duitae kosto.,Negative,-2,2,3,4,3,4,2,3,2,Moderate,65,104,30,None,No,Interview
1012,Dhaka,Local Bus,Motijheel–Rampura,Weekday,Morning Peak,18,Freelancer,Prefer not to say,Dry,Occasional,Cleanliness,Bad odor,"For a local bus, the condition was actually acceptable today.",Positive,1,5,4,4,5,4,4,4,4,High,7,73,35,None,Yes,Online Form
1013,Dhaka,Local Bus,Farmgate–Mohakhali,Weekday,Evening Peak,41,Homemaker,Prefer not to say,Dry,Daily,Staff Behavior,Rude helper,Helper er kotha bolar dhoron bhalo chilo na. Choto proshno korleo kharap bhabe jawab dicchilo.,Negative,-1,2,3,2,4,3,4,4,4,High,23,94,45,Elderly support,No,Online Form
1014,Dhaka,Local Bus,Jatrabari–Gulistan,Weekday,Morning Peak,30,Small Business,Prefer not to say,Dry,4-5 days/week,Cleanliness,Bad odor,"For daily commuting, the cleanliness is really below standard. The floor was messy and the windows looked untouched.",Negative,-2,2,3,3,2,2,3,3,2,High,35,31,25,None,No,Interview
1015,Dhaka,Local Bus,Mirpur–Farmgate,Weekday,Evening Peak,41,Teacher,Male,Light Rain,Daily,Safety,Reckless driving,Rush hour e safety niye onek tension lage. Driver o helper duijon e khub aggressive chilo.,Negative,-2,2,2,1,4,2,2,4,4,Severe,41,87,60,None,No,Online Form
1016,Dhaka,Local Bus,Azimpur–Shahbagh,Weekday,Morning Peak,52,Freelancer,Prefer not to say,Dry,Occasional,Crowding,Queue too long,"Too many passengers, no personal space, and constant pushing—this should not be normal.",Negative,-1,2,3,3,2,3,4,2,2,High,54,33,15,Traveling with child,No,Interview
1017,Dhaka,Local Bus,Mirpur–Farmgate,Weekday,Evening Peak,39,Small Business,Male,Light Rain,2-3 days/week,Information,Wrong stop info,Route information was just about manageable.,Neutral,0,3,3,2,2,4,4,3,3,Severe,14,49,45,None,Maybe,No formal complaint
1018,Dhaka,Local Bus,Uttara–Airport,Weekday,Evening Peak,59,Office Employee,Female,Dry,2-3 days/week,Availability,No seat available,"If you miss one local bus on this route, you may have to wait a long time for the next one.",Negative,-1,2,2,4,3,3,4,2,3,Moderate,24,75,30,None,No,Online Form
1019,Dhaka,Local Bus,Gulistan–Farmgate,Weekday,Morning Peak,36,Teacher,Female,Light Rain,4-5 days/week,Cost,High fare,"Compared with other days, today the cost felt reasonable.",Positive,2,4,4,2,4,4,4,3,4,Moderate,8,60,30,Elderly support,Yes,Survey Form
1020,Dhaka,Local Bus,Jatrabari–Gulistan,Weekday,Morning Peak,32,Freelancer,Female,Dry,Daily,Staff Behavior,Rude helper,Staff behavior was okay overall.,Neutral,0,3,2,3,2,3,2,2,4,High,15,57,20,Elderly support,Maybe,No formal complaint
1021,Dhaka,Local Bus,Jatrabari–Badda,Weekday,Morning Peak,27,Student,Prefer not to say,Dry,2-3 days/week,Cleanliness,Bad odor,"I do not expect luxury, but at least the bus should be clean enough to sit comfortably.",Negative,-1,1,3,2,1,2,4,3,3,Severe,30,99,60,None,No,Interview
1022,Dhaka,Local Bus,Gulistan–Farmgate,Weekday,Morning Peak,21,Teacher,Male,Dry,2-3 days/week,Availability,Too few buses,There seemed to be more buses on the road than usual.,Positive,1,4,4,3,3,4,2,4,4,High,11,93,15,None,Yes,No formal complaint
1023,Dhaka,Local Bus,Mirpur–Farmgate,Weekday,Morning Peak,43,Office Employee,Prefer not to say,Light Rain,Daily,Availability,Too few buses,There seemed to be more buses on the road than usual.,Positive,1,5,5,2,4,3,4,5,3,High,6,50,15,None,Yes,Survey Form
1024,Dhaka,Local Bus,New Market–Science Lab,Weekday,Evening Peak,60,Homemaker,Male,Dry,2-3 days/week,Staff Behavior,Rude helper,Helper er kotha bolar dhoron bhalo chilo na. Choto proshno korleo kharap bhabe jawab dicchilo.,Negative,-1,1,4,2,2,2,4,4,4,Moderate,23,51,20,None,No,No formal complaint
1025,Dhaka,Local Bus,Farmgate–Mohakhali,Weekday,Evening Peak,37,Small Business,Male,Light Rain,4-5 days/week,Delay,Late departure,"The bus was a bit late today, but not unusually late for a weekday in Dhaka.",Neutral,0,3,3,2,2,3,2,2,2,High,14,71,25,None,Maybe,No formal complaint
1026,Dhaka,Local Bus,Motijheel–Rampura,Weekday,Evening Peak,57,Small Business,Female,Light Rain,Daily,Crowding,Standing entire trip,"Everyone was squeezed together, and even moving one step inside felt impossible.",Negative,-1,1,4,3,3,2,2,3,1,High,53,33,40,None,No,Survey Form
1027,Dhaka,Local Bus,Uttara–Airport,Weekday,Morning Peak,44,Freelancer,Prefer not to say,Heavy Rain,Occasional,Availability,No seat available,"If you miss one local bus on this route, you may have to wait a long time for the next one.",Negative,-1,1,1,3,3,2,3,1,3,Moderate,52,60,40,Traveling with child,No,No formal complaint
1028,Dhaka,Local Bus,Azimpur–Shahbagh,Weekday,Morning Peak,33,Banker,Male,Dry,4-5 days/week,Cost,Unclear fare,The fare felt too high considering how crowded and uncomfortable the ride was.,Negative,-2,1,3,3,4,1,2,4,4,Low,21,52,60,None,No,Online Form
1029,Dhaka,Local Bus,New Market–Science Lab,Weekday,Morning Peak,27,Shopkeeper,Male,Heavy Rain,Occasional,Staff Behavior,Aggressive conductor,Communication from the conductor was average today.,Neutral,0,3,4,3,2,4,2,3,4,Moderate,18,87,15,None,Maybe,No formal complaint
1030,Dhaka,Local Bus,Azimpur–Shahbagh,Weekday,Evening Peak,47,Job Seeker,Female,Dry,2-3 days/week,Cost,Unclear fare,"The fare felt acceptable, though service quality could still improve.",Neutral,0,3,4,3,3,2,3,3,2,Severe,9,76,60,None,Maybe,No formal complaint
1031,Dhaka,Local Bus,Uttara–Airport,Weekday,Morning Peak,49,Factory Worker,Male,Dry,4-5 days/week,Comfort,Seat discomfort,"The ride was tiring, but about what I normally expect from a local bus.",Neutral,0,3,2,4,4,4,3,4,3,Low,19,97,45,None,Maybe,Online Form
1032,Dhaka,Local Bus,Gulistan–Farmgate,Weekday,Evening Peak,18,Factory Worker,Male,Heavy Rain,4-5 days/week,Safety,Harassment concern,"Boarding was more orderly today, which made the trip feel safer.",Positive,2,5,4,4,3,2,4,3,3,High,11,89,25,None,Yes,Interview
1033,Dhaka,Local Bus,Mohakhali–Badda,Weekday,Morning Peak,21,Homemaker,Prefer not to say,Dry,Occasional,Comfort,Hot interior,"Comfort was average—no major issue, no special improvement.",Neutral,0,3,4,4,2,2,2,2,3,Low,14,64,25,None,Maybe,Survey Form
1034,Dhaka,Local Bus,Mohakhali–Badda,Weekday,Evening Peak,20,Freelancer,Female,Dry,4-5 days/week,Accessibility,Poor stop access,"The stop access felt manageable, even during the busy hour.",Positive,1,4,3,3,4,4,3,4,2,Moderate,12,94,45,None,Yes,Online Form
1035,Dhaka,Local Bus,Sayedabad–Kuril,Weekday,Evening Peak,40,Factory Worker,Female,Dry,Daily,Accessibility,Difficult boarding,"The stop area was busy, though still usable.",Neutral,0,3,4,2,2,2,3,2,4,Moderate,12,44,15,Wheelchair access,Maybe,Survey Form
1036,Dhaka,Local Bus,Farmgate–Mohakhali,Weekday,Morning Peak,56,Teacher,Male,Dry,Occasional,Cost,Unclear fare,"The fare felt acceptable, though service quality could still improve.",Neutral,0,3,2,3,4,3,2,3,3,Severe,19,82,25,Elderly support,Maybe,No formal complaint
1037,Dhaka,Local Bus,Azimpur–Shahbagh,Weekday,Morning Peak,44,Driver,Female,Dry,4-5 days/week,Cost,Extra charge,The fare felt too high considering how crowded and uncomfortable the ride was.,Negative,-1,2,3,3,2,1,4,3,4,Moderate,43,69,15,None,No,Survey Form
1038,Dhaka,Local Bus,Mirpur–Shahbagh,Weekday,Evening Peak,36,Student,Prefer not to say,Light Rain,Daily,Cleanliness,Poor maintenance,"The bus was not very clean, but it was acceptable for a regular local bus trip.",Neutral,0,3,4,2,3,4,2,3,3,Low,16,37,40,None,Maybe,Interview
1039,Dhaka,Local Bus,Sayedabad–Kuril,Weekday,Morning Peak,39,Homemaker,Prefer not to say,Light Rain,4-5 days/week,Staff Behavior,Poor communication,The helper was rude when passengers asked whether the bus would stop at the next point.,Negative,-2,1,3,2,3,4,3,2,4,Moderate,37,102,15,None,No,Online Form
1040,Dhaka,Local Bus,Uttara–Airport,Weekday,Evening Peak,23,Office Employee,Male,Light Rain,4-5 days/week,Availability,Long headway,There were far fewer buses than the number of waiting passengers. The line just kept getting longer.,Negative,-1,1,1,3,3,2,3,1,3,Moderate,35,94,15,None,No,Survey Form
1041,Dhaka,Local Bus,New Market–Science Lab,Weekday,Morning Peak,55,Shopkeeper,Male,Light Rain,Occasional,Delay,Long waiting time,"Same problem again—long wait, slow movement, and too many unnecessary stops. Morning peak in Dhaka feels impossible sometimes.",Negative,-2,2,2,3,4,4,4,2,2,Severe,26,53,15,Traveling with child,No,No formal complaint
1042,Dhaka,Local Bus,Motijheel–Rampura,Weekday,Morning Peak,24,Freelancer,Female,Dry,Daily,Accessibility,Difficult boarding,The bus stopped properly and boarding was easier today.,Positive,1,4,4,3,4,2,4,2,4,High,7,52,60,None,Yes,No formal complaint
1043,Dhaka,Local Bus,Gulistan–Farmgate,Weekday,Morning Peak,49,Student,Female,Light Rain,4-5 days/week,Cleanliness,Dirty seats,"I do not expect luxury, but at least the bus should be clean enough to sit comfortably.",Negative,-1,1,3,4,1,3,3,4,3,High,60,43,30,Traveling with child,No,Interview
1044,Dhaka,Local Bus,Sayedabad–Kuril,Weekday,Evening Peak,40,Factory Worker,Female,Heavy Rain,Occasional,Information,No route info,Clear route and stop information would save passengers a lot of confusion.,Negative,-1,1,1,4,2,4,2,3,4,High,35,90,15,None,No,Online Form
1045,Dhaka,Local Bus,Gulistan–Farmgate,Weekday,Evening Peak,47,Job Seeker,Prefer not to say,Light Rain,Daily,Safety,Pickpocket risk,"Safety was okay today, though the boarding process could be better.",Neutral,0,3,2,3,2,3,2,4,4,Severe,13,36,30,None,Maybe,Interview
1046,Dhaka,Local Bus,Mirpur–Shahbagh,Weekday,Morning Peak,35,Student,Prefer not to say,Light Rain,Daily,Cleanliness,Bad odor,"The bus was not very clean, but it was acceptable for a regular local bus trip.",Neutral,0,3,2,3,2,2,4,2,2,Severe,17,63,60,None,Maybe,Online Form
1047,Dhaka,Local Bus,New Market–Science Lab,Weekday,Morning Peak,21,Healthcare Worker,Prefer not to say,Dry,Occasional,Crowding,Overcrowded bus,Crowding made the ride stressful from start to finish. I could barely breathe comfortably.,Negative,-1,2,3,4,3,2,4,4,1,Low,23,41,40,None,No,Interview
1048,Dhaka,Local Bus,Gulistan–Farmgate,Weekday,Evening Peak,23,Driver,Male,Dry,2-3 days/week,Delay,Long waiting time,"The bus was a bit late today, but not unusually late for a weekday in Dhaka.",Neutral,0,3,3,3,4,3,2,2,4,High,12,58,15,Wheelchair access,Maybe,Interview
1049,Dhaka,Local Bus,Motijheel–Rampura,Weekday,Morning Peak,54,Office Employee,Male,Dry,4-5 days/week,Staff Behavior,Poor communication,The conductor kept shouting instead of answering simple fare questions calmly.,Negative,-1,1,2,4,4,4,4,2,4,High,21,73,15,Elderly support,No,Online Form
1050,Dhaka,Local Bus,Gulistan–Farmgate,Weekday,Evening Peak,20,Banker,Male,Heavy Rain,Daily,Information,No timing info,"I got enough information after asking around, though it was not very clear at first.",Neutral,0,3,3,2,3,3,4,2,2,High,11,52,45,Elderly support,Maybe,Interview
1051,Dhaka,Local Bus,Mohakhali–Badda,Weekday,Morning Peak,29,Small Business,Female,Dry,Daily,Cleanliness,Dirty seats,"The inside looked used and worn, but not worse than usual.",Neutral,0,3,3,3,3,3,2,3,4,High,10,33,15,None,Maybe,Interview
1052,Dhaka,Local Bus,Jatrabari–Gulistan,Weekday,Evening Peak,31,Healthcare Worker,Prefer not to say,Dry,2-3 days/week,Information,Wrong stop info,"The route details were clear enough today, so I did not have to guess much.",Positive,2,4,3,3,4,3,4,2,2,High,7,67,20,None,Yes,No formal complaint
1053,Dhaka,Local Bus,Azimpur–Shahbagh,Weekday,Morning Peak,25,Driver,Prefer not to say,Dry,2-3 days/week,Cost,Fair fare,The fare felt fair enough for the distance I traveled.,Positive,2,5,2,4,3,5,2,3,4,Severe,7,84,45,None,Yes,No formal complaint
1054,Dhaka,Local Bus,Mohakhali–Badda,Weekday,Evening Peak,44,Shopkeeper,Prefer not to say,Dry,2-3 days/week,Cleanliness,Poor maintenance,"The inside looked used and worn, but not worse than usual.",Neutral,0,3,2,3,3,2,2,4,4,Moderate,18,89,50,None,Maybe,Interview
1055,Dhaka,Local Bus,Mohakhali–Badda,Weekday,Morning Peak,57,Freelancer,Female,Dry,4-5 days/week,Accessibility,No elderly support,"Boarding took some effort, but I managed without much trouble.",Neutral,0,3,2,3,2,3,3,4,3,High,8,47,35,None,Maybe,Online Form
1056,Dhaka,Local Bus,New Market–Science Lab,Weekday,Morning Peak,50,Driver,Female,Dry,Daily,Accessibility,Difficult boarding,Accessibility was average; it could be better for elderly passengers.,Neutral,0,3,4,2,4,2,3,2,3,High,12,51,40,Wheelchair access,Maybe,Interview
1057,Dhaka,Local Bus,Farmgate–Mohakhali,Weekday,Evening Peak,35,Teacher,Prefer not to say,Light Rain,Occasional,Cleanliness,Bad odor,"The inside of the bus was dusty, the seats were dirty, and there was a bad smell the whole way.",Negative,-1,1,4,2,1,2,2,3,4,Low,31,63,30,None,No,Online Form
1058,Dhaka,Local Bus,Gulistan–Farmgate,Weekday,Morning Peak,57,Job Seeker,Female,Light Rain,Occasional,Crowding,Door blocked,Bus e emon bhir chilo je neme jabar agei chinta hoye jacchilo kivabe gate porjonto jabo.,Negative,-1,1,2,2,2,4,2,3,1,Severe,53,73,50,None,No,Online Form
1059,Dhaka,Local Bus,Mirpur–Farmgate,Weekday,Evening Peak,31,Job Seeker,Male,Light Rain,4-5 days/week,Cost,Extra charge,"If the service stays like this, the fare should not keep increasing.",Negative,-2,1,2,4,3,1,3,4,4,Low,40,76,60,None,No,Survey Form
1060,Dhaka,Local Bus,Jatrabari–Badda,Weekday,Evening Peak,28,Shopkeeper,Female,Light Rain,Occasional,Safety,Pickpocket risk,"Safety was okay today, though the boarding process could be better.",Neutral,0,3,3,2,2,2,4,2,2,Moderate,9,34,35,Traveling with child,Maybe,Online Form
1061,Dhaka,Local Bus,New Market–Science Lab,Weekday,Morning Peak,34,Homemaker,Male,Dry,2-3 days/week,Safety,Harassment concern,"The ride felt somewhat crowded, but I did not face any major safety issue.",Neutral,0,3,3,2,2,3,2,2,4,Low,15,51,60,None,Maybe,Online Form
1062,Dhaka,Local Bus,Farmgate–Mohakhali,Weekday,Evening Peak,50,Healthcare Worker,Female,Dry,Daily,Staff Behavior,Aggressive conductor,The conductor kept shouting instead of answering simple fare questions calmly.,Negative,-1,2,2,3,4,4,4,3,2,Moderate,52,44,45,None,No,Interview
1063,Dhaka,Local Bus,Mirpur–Farmgate,Weekday,Evening Peak,37,Factory Worker,Prefer not to say,Light Rain,Daily,Availability,No seat available,"I found a bus fairly quickly, even during the rush.",Positive,2,5,4,4,3,3,4,4,2,High,5,54,40,None,Yes,Online Form
1064,Dhaka,Local Bus,Mohakhali–Badda,Weekday,Morning Peak,36,Teacher,Male,Dry,Occasional,Cleanliness,Dirty seats,"The vehicle looked poorly maintained, and it made an already tiring trip feel worse.",Negative,-1,2,3,4,1,2,4,2,2,Severe,59,64,60,None,No,Online Form
1065,Dhaka,Local Bus,Jatrabari–Badda,Weekday,Morning Peak,40,Homemaker,Prefer not to say,Light Rain,Daily,Safety,Unsafe boarding,"People were pushing near the gate while boarding, and it felt risky, especially for women and older passengers.",Negative,-1,2,4,2,3,2,4,3,2,High,26,49,30,Elderly support,No,No formal complaint
1066,Dhaka,Local Bus,Farmgate–Mohakhali,Weekday,Evening Peak,48,Small Business,Prefer not to say,Dry,4-5 days/week,Information,No timing info,The information given by staff was helpful and saved time.,Positive,2,4,4,3,4,2,3,4,2,Moderate,10,36,15,None,Yes,No formal complaint
1067,Dhaka,Local Bus,Motijheel–Rampura,Weekday,Evening Peak,42,Banker,Female,Dry,2-3 days/week,Information,Wrong stop info,I could follow the stops without much confusion.,Positive,2,4,4,4,3,3,3,3,3,Low,3,93,40,None,Yes,Survey Form
1068,Dhaka,Local Bus,Motijheel–Rampura,Weekday,Morning Peak,41,Student,Female,Dry,Occasional,Accessibility,No elderly support,The bus stopped properly and boarding was easier today.,Positive,2,4,3,2,3,3,4,3,3,High,8,81,15,None,Yes,No formal complaint
1069,Dhaka,Local Bus,Jatrabari–Gulistan,Weekday,Evening Peak,48,Student,Prefer not to say,Dry,4-5 days/week,Availability,No seat available,"Peak time e bus kom thake, tai sobai ekta bus er upor chap pore jay.",Negative,-2,1,1,4,4,2,2,1,3,High,31,100,30,None,No,No formal complaint
1070,Dhaka,Local Bus,Azimpur–Shahbagh,Weekday,Evening Peak,46,Job Seeker,Female,Light Rain,Occasional,Accessibility,Poor stop access,Getting on the bus was difficult because it barely stopped near the designated stop.,Negative,-2,2,2,3,2,3,1,4,2,High,18,102,50,None,No,No formal complaint
1071,Dhaka,Local Bus,Gulistan–Farmgate,Weekday,Morning Peak,30,Office Employee,Female,Dry,Daily,Safety,Harassment concern,The driver was braking so hard that everyone almost fell forward. I honestly did not feel safe.,Negative,-1,1,2,1,4,3,2,4,4,High,39,63,45,None,No,Interview
1072,Dhaka,Local Bus,Sayedabad–Kuril,Weekday,Morning Peak,50,Small Business,Prefer not to say,Light Rain,2-3 days/week,Information,Wrong stop info,Even a small sign or proper announcement could have made this trip easier.,Negative,-1,1,1,3,2,4,4,2,3,Moderate,55,60,20,None,No,Online Form
1073,Dhaka,Local Bus,Mirpur–Farmgate,Weekday,Evening Peak,19,Homemaker,Male,Dry,Occasional,Availability,No seat available,"During office time, availability is still poor. Demand is clearly higher than supply.",Negative,-2,1,1,4,3,2,2,1,2,High,29,98,60,None,No,Survey Form
1074,Dhaka,Local Bus,Farmgate–Mohakhali,Weekday,Evening Peak,36,Homemaker,Prefer not to say,Dry,Daily,Staff Behavior,Aggressive conductor,The conductor kept shouting instead of answering simple fare questions calmly.,Negative,-2,1,2,2,4,2,2,2,4,Moderate,39,68,60,None,No,No formal complaint
1075,Dhaka,Local Bus,Uttara–Airport,Weekday,Morning Peak,19,Office Employee,Prefer not to say,Dry,2-3 days/week,Cost,Extra charge,"The fare felt acceptable, though service quality could still improve.",Neutral,0,3,4,4,4,3,4,4,3,Severe,13,30,30,None,Maybe,Online Form
1076,Dhaka,Local Bus,Sayedabad–Kuril,Weekday,Morning Peak,47,Freelancer,Prefer not to say,Dry,4-5 days/week,Crowding,Overcrowded bus,"Too many passengers, no personal space, and constant pushing—this should not be normal.",Negative,-2,2,3,4,4,4,4,4,1,High,26,89,50,None,No,Online Form
1077,Dhaka,Local Bus,New Market–Science Lab,Weekday,Morning Peak,47,Small Business,Prefer not to say,Dry,2-3 days/week,Crowding,Standing entire trip,"Too many passengers, no personal space, and constant pushing—this should not be normal.",Negative,-1,1,3,2,3,3,4,2,1,High,52,59,45,None,No,Interview
1078,Dhaka,Local Bus,Jatrabari–Gulistan,Weekday,Morning Peak,21,Student,Male,Dry,Occasional,Safety,Pickpocket risk,"Safety was okay today, though the boarding process could be better.",Neutral,0,3,4,2,3,2,2,2,2,Moderate,19,61,40,None,Maybe,Interview
1079,Dhaka,Local Bus,New Market–Science Lab,Weekday,Evening Peak,50,Job Seeker,Female,Dry,Daily,Safety,Reckless driving,"Nothing serious happened, but the route still feels a little risky during rush hour.",Neutral,0,3,3,3,2,2,3,2,4,High,17,85,30,None,Maybe,No formal complaint
1080,Dhaka,Local Bus,Mirpur–Farmgate,Weekday,Evening Peak,36,Teacher,Male,Dry,4-5 days/week,Comfort,Too noisy,"Between heat, noise, and crowding, this felt like a very draining commute.",Negative,-2,1,4,4,4,2,3,3,1,Severe,30,88,40,None,No,No formal complaint
1081,Dhaka,Local Bus,Gulistan–Farmgate,Weekday,Evening Peak,38,Banker,Male,Dry,Daily,Delay,Traffic congestion,"The bus was a bit late today, but not unusually late for a weekday in Dhaka.",Neutral,0,3,3,3,4,3,3,3,2,Low,19,73,20,None,Maybe,Interview
1082,Dhaka,Local Bus,Mohakhali–Badda,Weekday,Evening Peak,55,Job Seeker,Female,Dry,4-5 days/week,Crowding,Door blocked,"Everyone was squeezed together, and even moving one step inside felt impossible.",Negative,-2,1,2,2,4,3,2,3,1,High,49,31,45,None,No,No formal complaint
1083,Dhaka,Local Bus,Sayedabad–Kuril,Weekday,Evening Peak,25,Office Employee,Prefer not to say,Dry,2-3 days/week,Comfort,Poor ventilation,"I expected a rough commute, but it was actually manageable.",Positive,2,5,4,4,3,4,3,3,5,Moderate,12,34,40,None,Yes,Survey Form
1084,Dhaka,Local Bus,Motijheel–Rampura,Weekday,Morning Peak,34,Job Seeker,Male,Heavy Rain,Occasional,Cost,Fair fare,I paid more than usual today and there was no proper explanation from the conductor.,Negative,-2,1,3,4,3,1,4,2,4,High,19,91,35,None,No,Interview
1085,Dhaka,Local Bus,Jatrabari–Gulistan,Weekday,Morning Peak,50,Shopkeeper,Female,Dry,Daily,Crowding,Standing entire trip,The bus was so full that I had to stand bent near the gate for almost the whole trip.,Negative,-1,1,4,3,3,3,3,4,1,High,32,74,45,Traveling with child,No,Survey Form
1086,Dhaka,Local Bus,Uttara–Airport,Weekday,Evening Peak,55,Teacher,Prefer not to say,Dry,Daily,Accessibility,Poor stop access,"The footpath near the stop was crowded and broken, so reaching the bus safely was not easy.",Negative,-1,2,3,4,4,4,1,4,3,High,35,47,50,None,No,Interview
1087,Dhaka,Local Bus,Jatrabari–Gulistan,Weekday,Morning Peak,19,Freelancer,Male,Light Rain,Daily,Cost,Extra charge,"If the service stays like this, the fare should not keep increasing.",Negative,-1,2,4,3,3,2,3,3,4,High,29,40,15,None,No,No formal complaint
1088,Dhaka,Local Bus,Mirpur–Farmgate,Weekday,Evening Peak,28,Small Business,Prefer not to say,Light Rain,2-3 days/week,Crowding,Door blocked,"There was pressure inside the bus, but not severe.",Neutral,0,3,3,2,2,4,4,4,2,Severe,19,97,30,None,Maybe,No formal complaint
1089,Dhaka,Local Bus,Sayedabad–Kuril,Weekday,Evening Peak,20,Office Employee,Female,Dry,2-3 days/week,Safety,Reckless driving,"Nothing serious happened, but the route still feels a little risky during rush hour.",Neutral,0,3,4,2,4,2,3,2,3,Severe,20,33,40,Elderly support,Maybe,Interview
1090,Dhaka,Local Bus,Sayedabad–Kuril,Weekday,Evening Peak,54,Student,Male,Dry,2-3 days/week,Accessibility,No elderly support,"The stop area was busy, though still usable.",Neutral,0,3,4,2,4,2,3,4,2,Moderate,19,45,35,Elderly support,Maybe,Online Form
1091,Dhaka,Local Bus,Sayedabad–Kuril,Weekday,Morning Peak,31,Teacher,Male,Dry,2-3 days/week,Staff Behavior,Poor communication,Communication from the conductor was average today.,Neutral,0,3,2,2,4,2,3,3,3,High,17,39,35,None,Maybe,Interview
1092,Dhaka,Local Bus,Sayedabad–Kuril,Weekday,Evening Peak,23,Banker,Female,Heavy Rain,4-5 days/week,Staff Behavior,Rude helper,Staff behavior made the whole ride more unpleasant than it needed to be.,Negative,-2,1,4,4,4,3,4,2,4,High,46,94,30,Wheelchair access,No,Interview
1093,Dhaka,Local Bus,Jatrabari–Badda,Weekday,Evening Peak,37,Freelancer,Male,Dry,Daily,Cleanliness,Poor maintenance,"The vehicle looked poorly maintained, and it made an already tiring trip feel worse.",Negative,-2,1,3,2,1,4,2,2,3,Moderate,42,104,25,None,No,No formal complaint
1094,Dhaka,Local Bus,Uttara–Airport,Weekday,Morning Peak,31,Freelancer,Prefer not to say,Dry,4-5 days/week,Cleanliness,Dirty seats,"The vehicle looked poorly maintained, and it made an already tiring trip feel worse.",Negative,-1,1,3,4,1,3,2,3,4,High,21,80,35,None,No,Interview
1095,Dhaka,Local Bus,Jatrabari–Gulistan,Weekday,Morning Peak,58,Student,Male,Light Rain,Daily,Comfort,Too noisy,"Peak hour e local bus e comfort expect kora jay na, but ajke situation aro kharap chilo.",Negative,-2,1,3,3,4,3,2,2,1,High,34,78,35,None,No,No formal complaint
1096,Dhaka,Local Bus,Gulistan–Farmgate,Weekday,Evening Peak,26,Teacher,Male,Dry,4-5 days/week,Staff Behavior,Rude helper,Communication from the conductor was average today.,Neutral,0,3,4,2,4,3,2,4,3,Moderate,10,49,35,None,Maybe,No formal complaint
1097,Dhaka,Local Bus,Azimpur–Shahbagh,Weekday,Evening Peak,43,Student,Male,Dry,Occasional,Staff Behavior,Poor communication,Staff behavior made the whole ride more unpleasant than it needed to be.,Negative,-2,1,3,2,4,4,4,4,4,High,42,77,50,Elderly support,No,No formal complaint
1098,Dhaka,Local Bus,New Market–Science Lab,Weekday,Morning Peak,19,Healthcare Worker,Male,Dry,Daily,Safety,Pickpocket risk,I felt comparatively secure throughout the journey.,Positive,1,5,4,4,3,3,3,2,4,High,12,37,15,None,Yes,No formal complaint
1099,Dhaka,Local Bus,Azimpur–Shahbagh,Weekday,Morning Peak,41,Homemaker,Prefer not to say,Dry,Occasional,Comfort,Seat discomfort,"Comfort was average—no major issue, no special improvement.",Neutral,0,3,3,3,2,4,3,4,3,Severe,11,91,20,None,Maybe,Online Form
1100,Dhaka,Local Bus,Uttara–Airport,Weekday,Evening Peak,27,Small Business,Female,Heavy Rain,Occasional,Safety,Pickpocket risk,"Nothing serious happened, but the route still feels a little risky during rush hour.",Neutral,0,3,4,2,3,3,2,3,3,Severe,13,44,25,None,Maybe,Online Form
1101,Dhaka,Local Bus,Mirpur–Shahbagh,Weekday,Evening Peak,28,Office Employee,Male,Dry,2-3 days/week,Cleanliness,Poor maintenance,"The vehicle looked poorly maintained, and it made an already tiring trip feel worse.",Negative,-2,1,2,2,1,2,2,4,3,High,37,52,60,None,No,No formal complaint
1102,Dhaka,Local Bus,Mirpur–Farmgate,Weekday,Evening Peak,35,Job Seeker,Male,Dry,Daily,Comfort,Too noisy,"Comfort was average—no major issue, no special improvement.",Neutral,0,3,4,2,2,3,4,4,2,Severe,14,49,40,None,Maybe,Interview
1103,Dhaka,Local Bus,Mohakhali–Badda,Weekday,Morning Peak,59,Job Seeker,Prefer not to say,Light Rain,4-5 days/week,Cleanliness,Dirty seats,"The inside looked used and worn, but not worse than usual.",Neutral,0,3,4,4,2,3,2,3,4,Moderate,12,44,45,None,Maybe,Online Form
1104,Dhaka,Local Bus,Mirpur–Farmgate,Weekday,Morning Peak,50,Small Business,Prefer not to say,Dry,Daily,Information,No route info,"I got enough information after asking around, though it was not very clear at first.",Neutral,0,3,3,3,4,3,4,3,2,Moderate,20,104,35,None,Maybe,Online Form
1105,Dhaka,Local Bus,Sayedabad–Kuril,Weekday,Evening Peak,37,Freelancer,Prefer not to say,Heavy Rain,Daily,Crowding,Door blocked,Crowding made the ride stressful from start to finish. I could barely breathe comfortably.,Negative,-1,2,2,3,2,3,3,3,2,High,38,79,15,None,No,Online Form
1106,Dhaka,Local Bus,Gulistan–Farmgate,Weekday,Evening Peak,33,Healthcare Worker,Male,Light Rain,2-3 days/week,Information,Poor signage,"The route details were clear enough today, so I did not have to guess much.",Positive,2,4,4,2,4,2,2,4,4,Moderate,4,39,30,Elderly support,Yes,Online Form
1107,Dhaka,Local Bus,Gulistan–Farmgate,Weekday,Morning Peak,30,Job Seeker,Prefer not to say,Dry,4-5 days/week,Information,No route info,There was no clear information about where the bus would stop or how long the delay would be.,Negative,-1,2,1,3,2,3,4,2,2,Severe,47,31,20,None,No,Interview
1108,Dhaka,Local Bus,Mirpur–Shahbagh,Weekday,Evening Peak,42,Healthcare Worker,Male,Light Rain,Daily,Comfort,Hot interior,"Between heat, noise, and crowding, this felt like a very draining commute.",Negative,-1,2,3,2,3,2,3,4,1,Severe,62,35,25,None,No,No formal complaint
1109,Dhaka,Local Bus,Mirpur–Farmgate,Weekday,Morning Peak,34,Healthcare Worker,Male,Dry,Daily,Delay,Late departure,"I was standing at Shahbagh for almost 52 minutes and still no bus came on time. For a weekday peak hour, this is exhausting.",Negative,-2,2,1,2,2,2,4,2,3,High,20,68,20,Traveling with child,No,Interview
1110,Dhaka,Local Bus,Sayedabad–Kuril,Weekday,Evening Peak,20,Driver,Female,Heavy Rain,Occasional,Crowding,Overcrowded bus,"Too many passengers, no personal space, and constant pushing—this should not be normal.",Negative,-2,2,4,2,2,2,4,3,2,Moderate,24,97,60,None,No,Survey Form
1111,Dhaka,Local Bus,Sayedabad–Kuril,Weekday,Evening Peak,56,Freelancer,Male,Heavy Rain,2-3 days/week,Availability,Long headway,"Peak time e bus kom thake, tai sobai ekta bus er upor chap pore jay.",Negative,-1,1,1,4,4,2,2,1,4,High,42,99,40,Elderly support,No,Interview
1112,Dhaka,Local Bus,Mirpur–Shahbagh,Weekday,Morning Peak,50,Freelancer,Male,Heavy Rain,2-3 days/week,Accessibility,Poor stop access,"The stop access felt manageable, even during the busy hour.",Positive,2,5,2,4,3,2,4,2,4,High,4,45,40,None,Yes,Survey Form
1113,Dhaka,Local Bus,Farmgate–Mohakhali,Weekday,Evening Peak,38,Factory Worker,Male,Dry,2-3 days/week,Availability,Long headway,Availability was better today and I did not have to wait too long.,Positive,1,5,5,2,3,3,2,5,2,High,5,77,25,Wheelchair access,Yes,Online Form
1114,Dhaka,Local Bus,Jatrabari–Badda,Weekday,Morning Peak,20,Banker,Female,Dry,2-3 days/week,Staff Behavior,Helpful staff,Staff behavior made the whole ride more unpleasant than it needed to be.,Negative,-2,1,4,4,4,4,3,3,2,Moderate,24,61,60,None,No,Survey Form
1115,Dhaka,Local Bus,Mirpur–Shahbagh,Weekday,Evening Peak,44,Student,Prefer not to say,Light Rain,2-3 days/week,Cost,Extra charge,The fare is not the only issue—the unclear way they collect it creates arguments almost every day.,Negative,-2,2,3,3,2,2,3,3,4,High,20,62,30,None,No,No formal complaint
1116,Dhaka,Local Bus,Jatrabari–Badda,Weekday,Morning Peak,25,Small Business,Male,Dry,Occasional,Availability,No seat available,Service frequency was neither very good nor very bad.,Neutral,0,3,3,4,4,2,3,2,4,High,20,98,35,None,Maybe,Survey Form
1117,Dhaka,Local Bus,Sayedabad–Kuril,Weekday,Morning Peak,46,Driver,Female,Dry,Occasional,Delay,Late departure,"For once, the trip moved smoothly and I reached on time.",Positive,1,4,4,3,2,3,3,4,2,High,11,44,50,None,Yes,Online Form
1118,Dhaka,Local Bus,Sayedabad–Kuril,Weekday,Morning Peak,33,Healthcare Worker,Female,Light Rain,Daily,Comfort,Hot interior,"It was extremely hot inside the bus, and there was barely any airflow.",Negative,-2,2,4,2,3,3,4,4,2,High,42,75,50,None,No,Online Form
1119,Dhaka,Local Bus,Jatrabari–Gulistan,Weekday,Evening Peak,56,Homemaker,Female,Dry,2-3 days/week,Comfort,Seat discomfort,"Between heat, noise, and crowding, this felt like a very draining commute.",Negative,-2,2,4,3,4,2,3,2,2,Low,35,42,45,None,No,Survey Form
1120,Dhaka,Local Bus,Motijheel–Rampura,Weekday,Morning Peak,45,Freelancer,Male,Dry,4-5 days/week,Comfort,Seat discomfort,"The ride was jerky, noisy, and uncomfortable, especially while standing.",Negative,-1,1,2,4,4,3,3,2,1,Moderate,32,103,20,None,No,Online Form
1121,Dhaka,Local Bus,Motijheel–Rampura,Weekday,Evening Peak,51,Shopkeeper,Female,Dry,2-3 days/week,Information,No timing info,"Bus e kono clear information chilo na, especially notun passenger der jonno eta problem.",Negative,-1,1,1,3,3,4,3,4,3,Severe,53,36,20,None,No,No formal complaint
1122,Dhaka,Local Bus,Jatrabari–Badda,Weekday,Morning Peak,26,Factory Worker,Prefer not to say,Heavy Rain,Daily,Crowding,Door blocked,"The bus was busy but still manageable, which is a relief during peak time.",Positive,1,5,3,4,4,2,3,4,4,Moderate,12,105,40,None,Yes,Survey Form
1123,Dhaka,Local Bus,Mirpur–Farmgate,Weekday,Morning Peak,21,Shopkeeper,Male,Light Rain,4-5 days/week,Delay,Irregular service,"The bus came sooner than I expected, which almost never happens during peak hour.",Positive,2,4,4,4,4,2,4,3,4,High,6,60,60,Wheelchair access,Yes,No formal complaint
1124,Dhaka,Local Bus,New Market–Science Lab,Weekday,Evening Peak,51,Small Business,Prefer not to say,Dry,4-5 days/week,Delay,Long waiting time,"From New Market–Science Lab, the delay was frustrating. I left early but still got late because the bus service was irregular.",Negative,-1,2,2,3,2,4,2,2,2,High,33,77,50,Traveling with child,No,No formal complaint
1125,Dhaka,Local Bus,Azimpur–Shahbagh,Weekday,Evening Peak,44,Factory Worker,Female,Dry,Occasional,Comfort,Seat discomfort,Ventilation was decent and the trip was less tiring today.,Positive,2,4,3,4,3,4,3,4,4,Moderate,4,60,45,None,Yes,Survey Form
1126,Dhaka,Local Bus,Jatrabari–Badda,Weekday,Morning Peak,49,Factory Worker,Female,Light Rain,2-3 days/week,Cost,Unclear fare,"If the service stays like this, the fare should not keep increasing.",Negative,-2,2,2,2,2,1,4,4,3,Moderate,38,91,25,Elderly support,No,Online Form
1127,Dhaka,Local Bus,Uttara–Airport,Weekday,Evening Peak,20,Teacher,Female,Dry,4-5 days/week,Information,Poor signage,"There was some confusion, but I still reached the right destination.",Neutral,0,3,2,4,4,2,3,2,4,Severe,17,82,45,None,Maybe,Survey Form
1128,Dhaka,Local Bus,Mohakhali–Badda,Weekday,Evening Peak,29,Homemaker,Female,Dry,Daily,Availability,Too few buses,Availability was better today and I did not have to wait too long.,Positive,2,5,5,4,2,2,2,5,3,High,8,49,40,None,Yes,Online Form
1129,Dhaka,Local Bus,New Market–Science Lab,Weekday,Morning Peak,39,Shopkeeper,Male,Light Rain,2-3 days/week,Information,Poor signage,"There was some confusion, but I still reached the right destination.",Neutral,0,3,2,3,3,2,2,3,4,Moderate,20,31,35,None,Maybe,Online Form
1130,Dhaka,Local Bus,Uttara–Airport,Weekday,Evening Peak,45,Job Seeker,Male,Light Rain,Daily,Staff Behavior,Aggressive conductor,A little politeness would make a big difference for regular commuters.,Negative,-1,2,2,4,4,4,4,4,3,High,60,95,40,None,No,Survey Form
1131,Dhaka,Local Bus,Azimpur–Shahbagh,Weekday,Evening Peak,22,Driver,Male,Light Rain,2-3 days/week,Comfort,Hot interior,"It was a typical weekday trip, neither smooth nor terrible.",Neutral,0,3,4,2,2,4,2,3,3,Severe,9,93,25,None,Maybe,No formal complaint
1132,Dhaka,Local Bus,Azimpur–Shahbagh,Weekday,Morning Peak,30,Student,Female,Light Rain,2-3 days/week,Information,No timing info,Even a small sign or proper announcement could have made this trip easier.,Negative,-2,2,2,4,4,2,3,2,2,Moderate,22,90,50,None,No,Online Form
1133,Dhaka,Local Bus,New Market–Science Lab,Weekday,Morning Peak,50,Teacher,Male,Dry,Daily,Staff Behavior,Poor communication,A little politeness would make a big difference for regular commuters.,Negative,-1,1,2,3,3,2,4,2,2,High,25,98,25,Traveling with child,No,No formal complaint
1134,Dhaka,Local Bus,Mohakhali–Badda,Weekday,Morning Peak,28,Factory Worker,Female,Light Rain,4-5 days/week,Comfort,Poor ventilation,"Between heat, noise, and crowding, this felt like a very draining commute.",Negative,-2,1,4,3,2,2,4,3,1,Moderate,43,50,45,None,No,Interview
1135,Dhaka,Local Bus,New Market–Science Lab,Weekday,Morning Peak,48,Office Employee,Male,Light Rain,4-5 days/week,Delay,Late departure,"The local bus showed up very late today. By the time I reached my hospital, I was already behind schedule.",Negative,-2,2,2,4,2,2,3,2,4,Moderate,55,72,40,None,No,Online Form
1136,Dhaka,Local Bus,Mirpur–Farmgate,Weekday,Evening Peak,22,Driver,Female,Heavy Rain,4-5 days/week,Accessibility,Poor stop access,"The footpath near the stop was crowded and broken, so reaching the bus safely was not easy.",Negative,-1,1,4,3,4,2,1,4,2,High,51,68,35,Elderly support,No,Survey Form
1137,Dhaka,Local Bus,Mirpur–Farmgate,Weekday,Evening Peak,56,Job Seeker,Prefer not to say,Dry,Daily,Information,Poor signage,Even a small sign or proper announcement could have made this trip easier.,Negative,-2,2,1,3,4,2,3,4,3,High,35,66,30,None,No,Online Form
1138,Dhaka,Local Bus,Mirpur–Shahbagh,Weekday,Evening Peak,59,Job Seeker,Prefer not to say,Dry,2-3 days/week,Crowding,Standing entire trip,Crowding was less intense than I expected today.,Positive,2,5,4,3,4,3,2,4,4,High,3,34,15,Elderly support,Yes,Survey Form
1139,Dhaka,Local Bus,Mirpur–Farmgate,Weekday,Morning Peak,40,Homemaker,Male,Dry,4-5 days/week,Delay,Long waiting time,"For once, the trip moved smoothly and I reached on time.",Positive,2,4,4,3,2,4,4,2,4,Low,5,63,45,None,Yes,Survey Form
1140,Dhaka,Local Bus,Gulistan–Farmgate,Weekday,Evening Peak,31,Homemaker,Male,Light Rain,Occasional,Accessibility,Difficult boarding,Accessibility was average; it could be better for elderly passengers.,Neutral,0,3,2,2,2,3,3,3,3,Severe,12,39,45,None,Maybe,Online Form
1141,Dhaka,Local Bus,Mirpur–Farmgate,Weekday,Morning Peak,22,Homemaker,Male,Light Rain,2-3 days/week,Information,Poor signage,Route information was just about manageable.,Neutral,0,3,2,2,3,2,4,2,4,High,17,34,35,None,Maybe,Interview
1142,Dhaka,Local Bus,Uttara–Airport,Weekday,Evening Peak,54,Driver,Male,Heavy Rain,Daily,Safety,Pickpocket risk,Rush hour e safety niye onek tension lage. Driver o helper duijon e khub aggressive chilo.,Negative,-2,2,2,2,3,2,2,4,3,Severe,46,76,25,None,No,Interview
1143,Dhaka,Local Bus,Motijheel–Rampura,Weekday,Morning Peak,28,Healthcare Worker,Female,Dry,4-5 days/week,Delay,Late departure,"From Motijheel–Rampura, the delay was frustrating. I left early but still got late because the bus service was irregular.",Negative,-2,2,1,4,3,4,4,4,3,High,52,50,20,Wheelchair access,No,Interview
1144,Dhaka,Local Bus,Gulistan–Farmgate,Weekday,Morning Peak,48,Factory Worker,Male,Dry,Daily,Delay,Long waiting time,Aajke bus er jonno eto wait korte holo je matha noshto hoye gelo. Peak hour e regular service thakar kotha.,Negative,-2,2,2,3,3,2,2,4,4,High,64,87,15,None,No,Interview
1145,Dhaka,Local Bus,Jatrabari–Gulistan,Weekday,Morning Peak,60,Office Employee,Female,Heavy Rain,Daily,Delay,Irregular service,Aajke bus er jonno eto wait korte holo je matha noshto hoye gelo. Peak hour e regular service thakar kotha.,Negative,-2,1,1,4,2,4,3,4,3,High,49,42,15,None,No,Survey Form
1146,Dhaka,Local Bus,Gulistan–Farmgate,Weekday,Morning Peak,50,Factory Worker,Female,Light Rain,2-3 days/week,Comfort,Seat discomfort,"Between heat, noise, and crowding, this felt like a very draining commute.",Negative,-1,2,4,3,4,2,2,2,2,Severe,34,98,25,None,No,Online Form
1147,Dhaka,Local Bus,Mohakhali–Badda,Weekday,Morning Peak,23,Teacher,Male,Heavy Rain,2-3 days/week,Availability,No seat available,There seemed to be more buses on the road than usual.,Positive,2,5,5,2,2,4,2,5,3,High,12,45,15,None,Yes,Online Form
1148,Dhaka,Local Bus,Mirpur–Shahbagh,Weekday,Morning Peak,57,Banker,Prefer not to say,Dry,2-3 days/week,Accessibility,Poor stop access,The bus doors were crowded and there was no support for people who need extra time to board.,Negative,-2,1,2,2,2,3,1,4,4,Moderate,47,98,40,None,No,Online Form
1149,Dhaka,Local Bus,Farmgate–Mohakhali,Weekday,Evening Peak,57,Office Employee,Male,Light Rain,4-5 days/week,Crowding,Overcrowded bus,"I had to stand for part of the journey, though it was manageable.",Neutral,0,3,2,4,2,2,2,2,3,Severe,15,42,20,None,Maybe,Interview
1150,Dhaka,Local Bus,Motijheel–Rampura,Weekday,Evening Peak,53,Driver,Male,Light Rain,Occasional,Comfort,Poor ventilation,"It was extremely hot inside the bus, and there was barely any airflow.",Negative,-2,1,2,3,3,3,2,3,1,High,35,60,15,None,No,No formal complaint
1151,Dhaka,Local Bus,Mohakhali–Badda,Weekday,Morning Peak,40,Teacher,Male,Dry,Occasional,Delay,Irregular service,"From Mohakhali–Badda, the delay was frustrating. I left early but still got late because the bus service was irregular.",Negative,-1,1,1,4,2,4,2,3,3,High,43,96,25,Traveling with child,No,Online Form
1152,Dhaka,Local Bus,Uttara–Airport,Weekday,Morning Peak,22,Job Seeker,Prefer not to say,Dry,2-3 days/week,Comfort,Too noisy,The seat condition was poor and there was no real comfort during the trip.,Negative,-2,1,2,4,4,2,4,3,1,High,26,64,40,None,No,Online Form
1153,Dhaka,Local Bus,Uttara–Airport,Weekday,Morning Peak,36,Student,Male,Dry,2-3 days/week,Accessibility,No elderly support,"The stop access felt manageable, even during the busy hour.",Positive,2,4,2,3,4,4,4,3,3,Low,10,35,20,None,Yes,No formal complaint
1154,Dhaka,Local Bus,Motijheel–Rampura,Weekday,Evening Peak,53,Driver,Female,Light Rain,Daily,Availability,Too few buses,"There were buses on the route, but not enough to reduce waiting fully.",Neutral,0,3,3,3,3,3,2,2,4,Moderate,16,97,40,None,Maybe,Interview
1155,Dhaka,Local Bus,Sayedabad–Kuril,Weekday,Evening Peak,33,Driver,Prefer not to say,Dry,Occasional,Cleanliness,Bad odor,"The vehicle looked poorly maintained, and it made an already tiring trip feel worse.",Negative,-2,2,4,2,1,3,4,2,4,High,34,104,20,Elderly support,No,Online Form
1156,Dhaka,Local Bus,Azimpur–Shahbagh,Weekday,Morning Peak,31,Banker,Female,Dry,4-5 days/week,Accessibility,Difficult boarding,This route is hard for elderly passengers. Even healthy people struggle to board during peak hours.,Negative,-1,1,2,4,3,2,1,4,2,Moderate,52,63,30,Elderly support,No,No formal complaint
1157,Dhaka,Local Bus,Jatrabari–Gulistan,Weekday,Morning Peak,48,Homemaker,Female,Light Rain,2-3 days/week,Cost,Unclear fare,"It was not cheap, but not unreasonable either.",Neutral,0,3,2,2,3,3,4,3,3,High,8,62,50,None,Maybe,No formal complaint
1158,Dhaka,Local Bus,Uttara–Airport,Weekday,Evening Peak,18,Job Seeker,Prefer not to say,Dry,4-5 days/week,Accessibility,Poor stop access,Getting on and off was smoother than usual.,Positive,2,5,4,3,4,4,5,2,2,Moderate,9,88,35,None,Yes,No formal complaint
1159,Dhaka,Local Bus,Jatrabari–Gulistan,Weekday,Morning Peak,45,Teacher,Female,Dry,2-3 days/week,Comfort,Hot interior,The seat condition was poor and there was no real comfort during the trip.,Negative,-1,1,3,4,2,2,2,3,1,High,59,39,30,None,No,Online Form
1160,Dhaka,Local Bus,New Market–Science Lab,Weekday,Morning Peak,26,Shopkeeper,Female,Dry,Occasional,Availability,Long headway,"I expected more buses on New Market–Science Lab, but service frequency was disappointing today.",Negative,-1,2,2,3,3,2,3,1,3,High,55,66,45,None,No,No formal complaint
1161,Dhaka,Local Bus,Farmgate–Mohakhali,Weekday,Morning Peak,30,Freelancer,Prefer not to say,Dry,4-5 days/week,Availability,No seat available,"A bus came after some waiting, so availability was average today.",Neutral,0,3,3,2,4,4,2,2,3,High,9,62,15,None,Maybe,No formal complaint
1162,Dhaka,Local Bus,Uttara–Airport,Weekday,Morning Peak,35,Small Business,Male,Dry,2-3 days/week,Information,Poor signage,"There was some confusion, but I still reached the right destination.",Neutral,0,3,2,4,4,2,3,3,4,High,16,100,20,None,Maybe,Survey Form
1163,Dhaka,Local Bus,Gulistan–Farmgate,Weekday,Morning Peak,37,Student,Female,Dry,Daily,Cost,High fare,"Compared with other days, today the cost felt reasonable.",Positive,2,4,2,3,4,3,3,3,2,High,10,51,40,None,Yes,Online Form
1164,Dhaka,Local Bus,Farmgate–Mohakhali,Weekday,Morning Peak,36,Shopkeeper,Male,Light Rain,Occasional,Safety,Reckless driving,"Safety was okay today, though the boarding process could be better.",Neutral,0,3,3,3,3,2,4,2,2,Severe,15,72,60,Elderly support,Maybe,Online Form
1165,Dhaka,Local Bus,Farmgate–Mohakhali,Weekday,Morning Peak,24,Office Employee,Male,Dry,2-3 days/week,Delay,Late departure,"From Farmgate–Mohakhali, the delay was frustrating. I left early but still got late because the bus service was irregular.",Negative,-2,2,2,2,4,2,4,4,2,High,30,82,45,Elderly support,No,Interview
1166,Dhaka,Local Bus,Azimpur–Shahbagh,Weekday,Evening Peak,28,Small Business,Prefer not to say,Light Rain,Occasional,Information,Poor signage,"Bus e kono clear information chilo na, especially notun passenger der jonno eta problem.",Negative,-2,1,1,4,3,2,3,3,3,High,36,42,25,None,No,Survey Form
1167,Dhaka,Local Bus,Mirpur–Farmgate,Weekday,Morning Peak,57,Healthcare Worker,Prefer not to say,Dry,4-5 days/week,Delay,Long waiting time,"The bus came sooner than I expected, which almost never happens during peak hour.",Positive,2,5,4,4,4,3,4,3,2,Severe,3,83,20,None,Yes,Interview
1168,Dhaka,Local Bus,Uttara–Airport,Weekday,Morning Peak,35,Factory Worker,Prefer not to say,Dry,4-5 days/week,Cost,Extra charge,The fare felt too high considering how crowded and uncomfortable the ride was.,Negative,-2,2,4,2,2,2,2,2,4,Severe,35,80,40,None,No,Interview
1169,Dhaka,Local Bus,Mirpur–Shahbagh,Weekday,Evening Peak,41,Office Employee,Female,Dry,Occasional,Comfort,Seat discomfort,"The ride was still busy, but it felt more comfortable than usual.",Positive,1,4,3,3,2,3,3,4,3,High,7,50,15,Traveling with child,Yes,Interview
1170,Dhaka,Local Bus,Jatrabari–Gulistan,Weekday,Morning Peak,48,Teacher,Female,Dry,Occasional,Comfort,Seat discomfort,"Between heat, noise, and crowding, this felt like a very draining commute.",Negative,-2,2,2,2,4,3,3,3,2,Moderate,54,70,15,None,No,No formal complaint
1171,Dhaka,Local Bus,Sayedabad–Kuril,Weekday,Evening Peak,31,Healthcare Worker,Prefer not to say,Light Rain,2-3 days/week,Comfort,Poor ventilation,"Peak hour e local bus e comfort expect kora jay na, but ajke situation aro kharap chilo.",Negative,-1,2,2,3,2,2,4,4,1,High,57,81,25,None,No,Online Form
1172,Dhaka,Local Bus,Jatrabari–Gulistan,Weekday,Evening Peak,56,Banker,Prefer not to say,Dry,Daily,Availability,Long headway,"There were buses on the route, but not enough to reduce waiting fully.",Neutral,0,3,2,3,2,3,3,3,3,High,19,89,30,Traveling with child,Maybe,No formal complaint
1173,Dhaka,Local Bus,Mirpur–Farmgate,Weekday,Evening Peak,54,Teacher,Female,Heavy Rain,Daily,Comfort,Seat discomfort,"It was extremely hot inside the bus, and there was barely any airflow.",Negative,-2,1,4,2,2,2,2,2,1,Severe,40,43,30,None,No,No formal complaint
1174,Dhaka,Local Bus,Farmgate–Mohakhali,Weekday,Morning Peak,38,Job Seeker,Prefer not to say,Light Rain,Daily,Cost,Extra charge,The fare is not the only issue—the unclear way they collect it creates arguments almost every day.,Negative,-2,2,2,3,2,2,4,4,4,High,19,100,45,None,No,Interview
1175,Dhaka,Local Bus,Mohakhali–Badda,Weekday,Morning Peak,59,Factory Worker,Prefer not to say,Heavy Rain,Daily,Cleanliness,Dirty seats,"Cleanliness was average today—nothing impressive, nothing terrible.",Neutral,0,3,3,4,3,4,4,4,3,Severe,13,73,25,Elderly support,Maybe,Survey Form
1176,Dhaka,Local Bus,Mirpur–Farmgate,Weekday,Evening Peak,41,Teacher,Female,Dry,2-3 days/week,Delay,Traffic congestion,Aajke bus er jonno eto wait korte holo je matha noshto hoye gelo. Peak hour e regular service thakar kotha.,Negative,-2,2,2,4,3,2,2,3,3,Severe,57,68,35,Wheelchair access,No,Online Form
1177,Dhaka,Local Bus,Motijheel–Rampura,Weekday,Morning Peak,43,Small Business,Male,Dry,Occasional,Accessibility,Poor stop access,Getting on and off was smoother than usual.,Positive,2,5,2,2,2,3,4,3,4,Moderate,12,64,20,None,Yes,Interview
1178,Dhaka,Local Bus,Mohakhali–Badda,Weekday,Evening Peak,26,Office Employee,Male,Heavy Rain,2-3 days/week,Cost,Extra charge,The fare felt too high considering how crowded and uncomfortable the ride was.,Negative,-2,2,4,4,3,1,4,2,3,High,62,64,15,Elderly support,No,Interview
1179,Dhaka,Local Bus,Uttara–Airport,Weekday,Evening Peak,38,Student,Female,Dry,2-3 days/week,Safety,Reckless driving,Rush hour e safety niye onek tension lage. Driver o helper duijon e khub aggressive chilo.,Negative,-2,1,4,1,4,4,4,3,4,High,52,101,60,None,No,No formal complaint
1180,Dhaka,Local Bus,Mirpur–Shahbagh,Weekday,Morning Peak,35,Office Employee,Female,Heavy Rain,2-3 days/week,Safety,Reckless driving,"Boarding was more orderly today, which made the trip feel safer.",Positive,1,5,2,4,4,2,2,3,2,High,12,92,20,None,Yes,Online Form
1181,Dhaka,Local Bus,Farmgate–Mohakhali,Weekday,Evening Peak,45,Homemaker,Female,Light Rain,2-3 days/week,Availability,Long headway,"I expected more buses on Farmgate–Mohakhali, but service frequency was disappointing today.",Negative,-2,2,2,3,2,4,4,2,2,Moderate,28,35,25,None,No,No formal complaint
1182,Dhaka,Local Bus,Motijheel–Rampura,Weekday,Evening Peak,23,Teacher,Prefer not to say,Light Rain,4-5 days/week,Cleanliness,Litter inside,"The inside of the bus was dusty, the seats were dirty, and there was a bad smell the whole way.",Negative,-1,1,3,3,1,4,3,4,3,Severe,59,63,30,None,No,Online Form
1183,Dhaka,Local Bus,New Market–Science Lab,Weekday,Morning Peak,36,Freelancer,Prefer not to say,Heavy Rain,4-5 days/week,Staff Behavior,Poor communication,Staff behavior was better today; they were helpful without being rude.,Positive,2,4,2,4,4,4,4,4,2,Severe,7,100,20,None,Yes,Interview
1184,Dhaka,Local Bus,Mirpur–Shahbagh,Weekday,Morning Peak,38,Office Employee,Male,Dry,Daily,Comfort,Hot interior,"Peak hour e local bus e comfort expect kora jay na, but ajke situation aro kharap chilo.",Negative,-1,1,3,2,3,3,3,3,1,Moderate,22,76,40,None,No,Survey Form
1185,Dhaka,Local Bus,Uttara–Airport,Weekday,Evening Peak,35,Banker,Prefer not to say,Light Rain,4-5 days/week,Availability,Route shortage,"During office time, availability is still poor. Demand is clearly higher than supply.",Negative,-1,1,1,2,4,2,3,1,3,High,61,43,50,None,No,Survey Form
1186,Dhaka,Local Bus,Jatrabari–Badda,Weekday,Evening Peak,52,Shopkeeper,Prefer not to say,Dry,4-5 days/week,Staff Behavior,Rude helper,Staff behavior was okay overall.,Neutral,0,3,2,2,4,4,3,3,2,Low,13,94,50,None,Maybe,Interview
1187,Dhaka,Local Bus,Azimpur–Shahbagh,Weekday,Evening Peak,28,Teacher,Male,Dry,Daily,Delay,Late departure,"Traffic slowed the trip, but overall it was average.",Neutral,0,3,3,3,2,2,4,3,3,Severe,15,60,60,Traveling with child,Maybe,Interview
1188,Dhaka,Local Bus,Azimpur–Shahbagh,Weekday,Morning Peak,41,Job Seeker,Prefer not to say,Light Rain,Occasional,Accessibility,Weak disability access,"The stop area was busy, though still usable.",Neutral,0,3,3,3,4,3,2,3,3,Severe,15,91,25,None,Maybe,Interview
1189,Dhaka,Local Bus,Farmgate–Mohakhali,Weekday,Morning Peak,50,Job Seeker,Female,Dry,Occasional,Safety,Pickpocket risk,"Boarding was more orderly today, which made the trip feel safer.",Positive,2,5,3,4,2,2,4,2,3,High,6,46,40,None,Yes,Interview
1190,Dhaka,Local Bus,Farmgate–Mohakhali,Weekday,Morning Peak,54,Healthcare Worker,Prefer not to say,Heavy Rain,Daily,Comfort,Seat discomfort,"Peak hour e local bus e comfort expect kora jay na, but ajke situation aro kharap chilo.",Negative,-1,1,4,2,3,4,4,4,1,High,34,77,40,None,No,Survey Form
1191,Dhaka,Local Bus,Mohakhali–Badda,Weekday,Evening Peak,22,Healthcare Worker,Male,Dry,Daily,Availability,Too few buses,"There were buses on the route, but not enough to reduce waiting fully.",Neutral,0,3,3,4,4,2,4,3,3,High,16,96,60,None,Maybe,Survey Form
1192,Dhaka,Local Bus,New Market–Science Lab,Weekday,Morning Peak,57,Job Seeker,Female,Dry,4-5 days/week,Availability,Long headway,"There were buses on the route, but not enough to reduce waiting fully.",Neutral,0,3,3,4,4,3,3,2,2,Severe,12,52,35,None,Maybe,Interview
1193,Dhaka,Local Bus,Sayedabad–Kuril,Weekday,Evening Peak,28,Healthcare Worker,Female,Light Rain,Occasional,Comfort,Poor ventilation,"I expected a rough commute, but it was actually manageable.",Positive,2,5,2,2,3,3,3,3,5,Severe,4,49,50,None,Yes,No formal complaint
1194,Dhaka,Local Bus,Uttara–Airport,Weekday,Morning Peak,47,Student,Female,Heavy Rain,Occasional,Delay,Late departure,"Same problem again—long wait, slow movement, and too many unnecessary stops. Morning peak in Dhaka feels impossible sometimes.",Negative,-2,2,2,3,3,2,4,4,4,High,27,31,15,None,No,Survey Form
1195,Dhaka,Local Bus,Motijheel–Rampura,Weekday,Evening Peak,21,Homemaker,Female,Heavy Rain,2-3 days/week,Information,No timing info,I could follow the stops without much confusion.,Positive,1,4,4,4,3,4,3,2,4,High,7,59,30,None,Yes,Interview
1196,Dhaka,Local Bus,Jatrabari–Gulistan,Weekday,Evening Peak,48,Student,Prefer not to say,Dry,Daily,Cost,High fare,I paid more than usual today and there was no proper explanation from the conductor.,Negative,-2,2,3,2,2,1,4,4,3,High,37,85,25,None,No,Interview
1197,Dhaka,Local Bus,Jatrabari–Badda,Weekday,Evening Peak,43,Student,Male,Heavy Rain,Daily,Information,No timing info,I had to ask three people before confirming whether this bus was going my way.,Negative,-1,1,1,3,4,3,4,4,4,High,55,58,35,None,No,Interview
1198,Dhaka,Local Bus,Jatrabari–Gulistan,Weekday,Evening Peak,33,Student,Male,Heavy Rain,4-5 days/week,Delay,Late departure,"The local bus showed up very late today. By the time I reached my campus, I was already behind schedule.",Negative,-1,1,1,4,4,3,4,2,2,High,64,94,50,None,No,Online Form
1199,Dhaka,Local Bus,Mohakhali–Badda,Weekday,Morning Peak,55,Factory Worker,Male,Dry,Daily,Delay,Long waiting time,Travel time was reasonable today and the service felt more reliable than usual.,Positive,2,4,4,4,2,4,4,3,2,Severe,5,38,20,None,Yes,No formal complaint
1200,Dhaka,Local Bus,Uttara–Airport,Weekday,Morning Peak,18,Factory Worker,Male,Dry,2-3 days/week,Staff Behavior,Poor communication,"The staff were not especially helpful, but they were not very rude either.",Neutral,0,3,4,2,2,4,3,4,4,High,17,51,30,None,Maybe,Online Form
1201,Dhaka,Local Bus,Gulistan–Farmgate,Weekday,Morning Peak,60,Factory Worker,Prefer not to say,Light Rain,2-3 days/week,Safety,Harassment concern,"Boarding was more orderly today, which made the trip feel safer.",Positive,1,4,3,3,3,2,2,4,4,High,8,82,50,None,Yes,Survey Form
1202,Dhaka,Local Bus,Gulistan–Farmgate,Weekday,Evening Peak,31,Healthcare Worker,Prefer not to say,Light Rain,4-5 days/week,Crowding,Standing entire trip,"The bus was busy but still manageable, which is a relief during peak time.",Positive,2,4,2,4,4,4,4,4,3,Moderate,4,56,25,Traveling with child,Yes,Survey Form
1203,Dhaka,Local Bus,Sayedabad–Kuril,Weekday,Morning Peak,50,Banker,Prefer not to say,Light Rain,4-5 days/week,Comfort,Poor ventilation,"The ride was jerky, noisy, and uncomfortable, especially while standing.",Negative,-2,2,2,2,4,3,3,3,1,Moderate,20,79,40,None,No,Online Form
1204,Dhaka,Local Bus,Jatrabari–Badda,Weekday,Evening Peak,26,Factory Worker,Male,Dry,Daily,Information,Wrong stop info,The information given by staff was helpful and saved time.,Positive,2,4,4,4,3,2,4,2,3,Severe,8,35,50,None,Yes,No formal complaint
1205,Dhaka,Local Bus,Mirpur–Shahbagh,Weekday,Morning Peak,56,Healthcare Worker,Female,Light Rain,Daily,Crowding,Standing entire trip,Bus e emon bhir chilo je neme jabar agei chinta hoye jacchilo kivabe gate porjonto jabo.,Negative,-1,2,2,3,4,2,2,4,2,Low,25,103,30,None,No,Survey Form
1206,Dhaka,Local Bus,Farmgate–Mohakhali,Weekday,Morning Peak,35,Healthcare Worker,Prefer not to say,Light Rain,Daily,Safety,Pickpocket risk,"Nothing serious happened, but the route still feels a little risky during rush hour.",Neutral,0,3,2,2,4,3,2,4,3,High,16,38,25,None,Maybe,Survey Form
1207,Dhaka,Local Bus,Mirpur–Shahbagh,Weekday,Morning Peak,60,Healthcare Worker,Female,Heavy Rain,2-3 days/week,Safety,Harassment concern,The driver was braking so hard that everyone almost fell forward. I honestly did not feel safe.,Negative,-1,2,2,1,3,3,4,2,2,Severe,55,57,30,Traveling with child,No,Interview
1208,Dhaka,Local Bus,Azimpur–Shahbagh,Weekday,Morning Peak,42,Job Seeker,Female,Dry,Occasional,Staff Behavior,Poor communication,The helper was rude when passengers asked whether the bus would stop at the next point.,Negative,-1,1,4,4,3,2,2,3,2,Severe,33,61,25,None,No,Survey Form
1209,Dhaka,Local Bus,Sayedabad–Kuril,Weekday,Morning Peak,45,Factory Worker,Prefer not to say,Dry,Occasional,Cleanliness,Bad odor,"The vehicle looked poorly maintained, and it made an already tiring trip feel worse.",Negative,-1,1,3,2,1,4,4,4,2,Severe,56,79,45,None,No,No formal complaint
1210,Dhaka,Local Bus,Jatrabari–Badda,Weekday,Morning Peak,24,Healthcare Worker,Prefer not to say,Dry,2-3 days/week,Delay,Traffic congestion,"There was some waiting time, though it was still manageable.",Neutral,0,3,3,4,3,3,3,3,4,High,14,62,45,None,Maybe,Survey Form
1211,Dhaka,Local Bus,Farmgate–Mohakhali,Weekday,Evening Peak,41,Job Seeker,Male,Heavy Rain,Daily,Availability,Route shortage,"Peak time e bus kom thake, tai sobai ekta bus er upor chap pore jay.",Negative,-2,2,2,2,2,4,3,1,4,Moderate,21,66,15,None,No,No formal complaint
1212,Dhaka,Local Bus,Jatrabari–Gulistan,Weekday,Evening Peak,56,Freelancer,Prefer not to say,Dry,4-5 days/week,Accessibility,Poor stop access,The bus stopped properly and boarding was easier today.,Positive,2,4,3,3,2,3,4,2,2,Moderate,11,101,35,None,Yes,Online Form
1213,Dhaka,Local Bus,Mohakhali–Badda,Weekday,Morning Peak,43,Student,Male,Light Rain,2-3 days/week,Delay,Long waiting time,"Traffic slowed the trip, but overall it was average.",Neutral,0,3,2,4,3,4,2,3,4,Moderate,12,52,15,None,Maybe,Online Form
1214,Dhaka,Local Bus,Jatrabari–Gulistan,Weekday,Morning Peak,38,Homemaker,Male,Dry,Daily,Staff Behavior,Aggressive conductor,A little politeness would make a big difference for regular commuters.,Negative,-1,1,2,4,2,4,4,4,4,Low,58,58,50,None,No,Survey Form
1215,Dhaka,Local Bus,Sayedabad–Kuril,Weekday,Evening Peak,52,Student,Prefer not to say,Dry,Occasional,Cost,High fare,The fare felt too high considering how crowded and uncomfortable the ride was.,Negative,-2,1,2,2,2,1,3,2,2,Moderate,53,42,35,Elderly support,No,Online Form
1216,Dhaka,Local Bus,Jatrabari–Gulistan,Weekday,Evening Peak,38,Shopkeeper,Prefer not to say,Dry,2-3 days/week,Staff Behavior,Rude helper,The conductor kept shouting instead of answering simple fare questions calmly.,Negative,-2,2,4,2,2,4,4,2,2,High,24,55,35,None,No,No formal complaint
1217,Dhaka,Local Bus,Azimpur–Shahbagh,Weekday,Morning Peak,32,Student,Prefer not to say,Heavy Rain,Occasional,Comfort,Poor ventilation,Ventilation was decent and the trip was less tiring today.,Positive,1,4,3,4,4,3,4,2,3,High,9,86,40,None,Yes,Survey Form
1218,Dhaka,Local Bus,Jatrabari–Badda,Weekday,Evening Peak,37,Banker,Prefer not to say,Light Rain,Occasional,Comfort,Poor ventilation,"The ride was still busy, but it felt more comfortable than usual.",Positive,1,5,2,4,3,4,3,3,5,Severe,11,65,50,None,Yes,Survey Form
1219,Dhaka,Local Bus,Mohakhali–Badda,Weekday,Evening Peak,38,Teacher,Female,Dry,Occasional,Delay,Traffic congestion,"Traffic slowed the trip, but overall it was average.",Neutral,0,3,3,4,4,4,2,3,2,Moderate,19,60,15,None,Maybe,Online Form
1220,Dhaka,Local Bus,Farmgate–Mohakhali,Weekday,Evening Peak,21,Small Business,Male,Light Rain,Daily,Comfort,Too noisy,"I expected a rough commute, but it was actually manageable.",Positive,2,4,3,4,4,3,3,4,4,Low,3,85,50,None,Yes,Online Form
1221,Dhaka,Local Bus,Mirpur–Shahbagh,Weekday,Evening Peak,22,Freelancer,Female,Light Rain,4-5 days/week,Comfort,Too noisy,"Peak hour e local bus e comfort expect kora jay na, but ajke situation aro kharap chilo.",Negative,-1,2,2,4,3,3,4,2,2,Moderate,59,98,30,None,No,Survey Form
1222,Dhaka,Local Bus,Sayedabad–Kuril,Weekday,Morning Peak,57,Job Seeker,Male,Dry,Daily,Cost,High fare,"The fare felt acceptable, though service quality could still improve.",Neutral,0,3,4,2,4,3,2,4,4,Moderate,20,53,45,None,Maybe,Survey Form
1223,Dhaka,Local Bus,Mohakhali–Badda,Weekday,Evening Peak,53,Factory Worker,Female,Light Rain,Occasional,Information,No route info,Clear route and stop information would save passengers a lot of confusion.,Negative,-2,2,2,4,2,4,4,3,2,Severe,43,80,60,Traveling with child,No,Interview
1224,Dhaka,Local Bus,Uttara–Airport,Weekday,Evening Peak,59,Factory Worker,Male,Dry,2-3 days/week,Safety,Unsafe boarding,The driver was braking so hard that everyone almost fell forward. I honestly did not feel safe.,Negative,-2,1,2,1,2,3,4,2,2,Low,52,66,35,None,No,No formal complaint
1225,Dhaka,Local Bus,Mohakhali–Badda,Weekday,Morning Peak,37,Shopkeeper,Prefer not to say,Heavy Rain,Daily,Staff Behavior,Poor communication,A little politeness would make a big difference for regular commuters.,Negative,-1,1,4,4,3,2,2,2,2,High,47,72,60,None,No,Interview
1226,Dhaka,Local Bus,Azimpur–Shahbagh,Weekday,Evening Peak,18,Office Employee,Male,Heavy Rain,4-5 days/week,Comfort,Seat discomfort,"Between heat, noise, and crowding, this felt like a very draining commute.",Negative,-2,2,4,3,4,2,2,2,1,Severe,42,97,15,None,No,Survey Form
1227,Dhaka,Local Bus,Gulistan–Farmgate,Weekday,Morning Peak,58,Banker,Female,Dry,Occasional,Cleanliness,Bad odor,"The inside looked used and worn, but not worse than usual.",Neutral,0,3,2,2,2,4,4,2,4,High,20,86,30,None,Maybe,Online Form
1228,Dhaka,Local Bus,Jatrabari–Badda,Weekday,Evening Peak,58,Student,Male,Light Rain,Occasional,Delay,Traffic congestion,"I was standing at Kuril for almost 22 minutes and still no bus came on time. For a weekday peak hour, this is exhausting.",Negative,-2,1,1,4,4,4,4,3,4,Severe,29,64,35,None,No,No formal complaint
1229,Dhaka,Local Bus,Mirpur–Shahbagh,Weekday,Morning Peak,51,Job Seeker,Prefer not to say,Dry,2-3 days/week,Cost,Unclear fare,The fare is not the only issue—the unclear way they collect it creates arguments almost every day.,Negative,-1,1,2,4,4,1,4,2,3,High,22,52,60,None,No,Survey Form
1230,Dhaka,Local Bus,Mohakhali–Badda,Weekday,Evening Peak,39,Shopkeeper,Prefer not to say,Dry,4-5 days/week,Information,Wrong stop info,Even a small sign or proper announcement could have made this trip easier.,Negative,-1,2,1,2,2,3,3,3,3,Severe,27,54,15,None,No,Interview
1231,Dhaka,Local Bus,New Market–Science Lab,Weekday,Morning Peak,19,Small Business,Female,Heavy Rain,Occasional,Availability,Long headway,"Peak time e bus kom thake, tai sobai ekta bus er upor chap pore jay.",Negative,-2,1,1,3,4,4,4,1,2,Moderate,19,62,30,None,No,Online Form
1232,Dhaka,Local Bus,New Market–Science Lab,Weekday,Evening Peak,26,Small Business,Prefer not to say,Dry,Occasional,Information,No route info,There was no clear information about where the bus would stop or how long the delay would be.,Negative,-1,1,1,2,3,3,4,4,2,High,20,61,15,None,No,Online Form
1233,Dhaka,Local Bus,Motijheel–Rampura,Weekday,Morning Peak,32,Driver,Prefer not to say,Dry,4-5 days/week,Information,Wrong stop info,I had to ask three people before confirming whether this bus was going my way.,Negative,-2,2,2,2,4,4,4,3,2,Severe,45,70,30,None,No,Online Form
1234,Dhaka,Local Bus,New Market–Science Lab,Weekday,Evening Peak,52,Factory Worker,Prefer not to say,Dry,Occasional,Cost,High fare,The fare felt fair enough for the distance I traveled.,Positive,2,4,2,4,4,4,2,2,4,High,7,56,60,Wheelchair access,Yes,No formal complaint
1235,Dhaka,Local Bus,Mohakhali–Badda,Weekday,Morning Peak,23,Small Business,Male,Dry,2-3 days/week,Delay,Irregular service,Aajke bus er jonno eto wait korte holo je matha noshto hoye gelo. Peak hour e regular service thakar kotha.,Negative,-1,2,1,2,4,2,2,4,4,High,30,35,15,None,No,No formal complaint
1236,Dhaka,Local Bus,Mirpur–Shahbagh,Weekday,Evening Peak,45,Homemaker,Male,Dry,2-3 days/week,Staff Behavior,Rude helper,The conductor spoke politely and guided passengers clearly.,Positive,1,4,4,3,2,2,3,2,3,Low,7,99,35,None,Yes,No formal complaint
1237,Dhaka,Local Bus,Uttara–Airport,Weekday,Evening Peak,35,Job Seeker,Male,Dry,Daily,Staff Behavior,Rude helper,A calm and respectful attitude from the staff made the ride easier.,Positive,1,4,4,4,2,2,2,4,4,High,10,33,25,None,Yes,Survey Form
1238,Dhaka,Local Bus,Mirpur–Farmgate,Weekday,Evening Peak,50,Student,Male,Heavy Rain,Daily,Cleanliness,Litter inside,"Cleanliness was average today—nothing impressive, nothing terrible.",Neutral,0,3,4,4,3,4,4,3,3,Severe,12,65,35,None,Maybe,Online Form
1239,Dhaka,Local Bus,Sayedabad–Kuril,Weekday,Morning Peak,52,Job Seeker,Female,Dry,Occasional,Delay,Irregular service,"The local bus showed up very late today. By the time I reached my class, I was already behind schedule.",Negative,-1,1,1,2,2,2,2,3,2,Moderate,29,69,60,None,No,Interview
1240,Dhaka,Local Bus,Mirpur–Farmgate,Weekday,Evening Peak,52,Student,Female,Dry,Daily,Information,No timing info,"Bus e kono clear information chilo na, especially notun passenger der jonno eta problem.",Negative,-2,2,1,4,4,4,3,3,4,Moderate,65,74,60,None,No,No formal complaint
1241,Dhaka,Local Bus,Mirpur–Farmgate,Weekday,Morning Peak,18,Teacher,Prefer not to say,Dry,Occasional,Availability,Route shortage,Availability was better today and I did not have to wait too long.,Positive,1,5,4,3,2,3,4,4,4,High,8,54,45,None,Yes,Online Form
1242,Dhaka,Local Bus,New Market–Science Lab,Weekday,Morning Peak,49,Freelancer,Female,Heavy Rain,Occasional,Cleanliness,Poor maintenance,"The bus was not very clean, but it was acceptable for a regular local bus trip.",Neutral,0,3,2,3,3,3,2,4,4,Severe,11,37,25,Wheelchair access,Maybe,No formal complaint
1243,Dhaka,Local Bus,New Market–Science Lab,Weekday,Morning Peak,31,Driver,Female,Light Rain,Daily,Information,Poor signage,The information given by staff was helpful and saved time.,Positive,2,4,4,2,4,3,3,2,4,High,4,43,30,Elderly support,Yes,Interview
1244,Dhaka,Local Bus,Gulistan–Farmgate,Weekday,Morning Peak,22,Driver,Male,Heavy Rain,4-5 days/week,Staff Behavior,Aggressive conductor,The conductor kept shouting instead of answering simple fare questions calmly.,Negative,-1,1,3,4,4,2,2,3,4,High,36,57,60,None,No,No formal complaint
1245,Dhaka,Local Bus,Sayedabad–Kuril,Weekday,Morning Peak,43,Teacher,Prefer not to say,Dry,4-5 days/week,Cleanliness,Dirty seats,"The bus was cleaner than I expected, and the seating area was in decent shape.",Positive,2,5,2,3,5,4,3,4,4,Severe,6,99,40,None,Yes,No formal complaint
1246,Dhaka,Local Bus,Mirpur–Farmgate,Weekday,Morning Peak,48,Freelancer,Male,Dry,Occasional,Accessibility,Weak disability access,Getting on the bus was difficult because it barely stopped near the designated stop.,Negative,-2,2,2,2,3,3,1,2,4,Severe,25,33,60,None,No,No formal complaint
1247,Dhaka,Local Bus,Mirpur–Farmgate,Weekday,Morning Peak,49,Small Business,Prefer not to say,Light Rain,Daily,Staff Behavior,Poor communication,Helper er kotha bolar dhoron bhalo chilo na. Choto proshno korleo kharap bhabe jawab dicchilo.,Negative,-2,1,4,2,4,4,3,2,3,Moderate,18,92,60,None,No,No formal complaint
1248,Dhaka,Local Bus,Jatrabari–Gulistan,Weekday,Evening Peak,57,Freelancer,Female,Dry,Occasional,Information,No route info,"I got enough information after asking around, though it was not very clear at first.",Neutral,0,3,2,3,3,3,3,2,2,Moderate,10,101,20,Wheelchair access,Maybe,Survey Form
1249,Dhaka,Local Bus,Mirpur–Shahbagh,Weekday,Evening Peak,35,Small Business,Female,Dry,Daily,Availability,Long headway,"Peak time e bus kom thake, tai sobai ekta bus er upor chap pore jay.",Negative,-2,1,1,4,4,3,3,1,2,High,41,55,30,Elderly support,No,Survey Form
1250,Dhaka,Local Bus,Mirpur–Shahbagh,Weekday,Morning Peak,39,Banker,Male,Dry,4-5 days/week,Cleanliness,Poor maintenance,"For a local bus, the condition was actually acceptable today.",Positive,2,4,4,3,4,4,2,4,2,High,12,59,35,Elderly support,Yes,No formal complaint
1251,Dhaka,Local Bus,Farmgate–Mohakhali,Weekday,Evening Peak,24,Banker,Female,Dry,4-5 days/week,Cleanliness,Poor maintenance,"Cleanliness was average today—nothing impressive, nothing terrible.",Neutral,0,3,2,4,3,2,4,4,4,Severe,12,101,25,None,Maybe,Interview
1252,Dhaka,Local Bus,Jatrabari–Gulistan,Weekday,Evening Peak,31,Banker,Prefer not to say,Dry,Daily,Comfort,Hot interior,"The ride was jerky, noisy, and uncomfortable, especially while standing.",Negative,-1,1,4,4,3,4,4,2,1,High,58,68,35,None,No,No formal complaint
1253,Dhaka,Local Bus,Azimpur–Shahbagh,Weekday,Morning Peak,35,Banker,Male,Dry,Daily,Safety,Harassment concern,"The driver handled the bus carefully today, and the ride felt safer than usual.",Positive,2,4,2,4,3,3,4,3,4,High,3,73,40,None,Yes,No formal complaint
1254,Dhaka,Local Bus,Uttara–Airport,Weekday,Morning Peak,20,Freelancer,Female,Light Rain,2-3 days/week,Cost,Unclear fare,The fare felt fair enough for the distance I traveled.,Positive,1,5,4,4,4,5,4,2,4,High,5,78,25,None,Yes,No formal complaint
1255,Dhaka,Local Bus,Mirpur–Farmgate,Weekday,Morning Peak,60,Banker,Female,Dry,Daily,Accessibility,Weak disability access,"The footpath near the stop was crowded and broken, so reaching the bus safely was not easy.",Negative,-1,2,4,4,2,4,1,4,3,Moderate,22,62,40,None,No,No formal complaint
1256,Dhaka,Local Bus,Jatrabari–Gulistan,Weekday,Evening Peak,28,Freelancer,Female,Dry,4-5 days/week,Comfort,Seat discomfort,Ventilation was decent and the trip was less tiring today.,Positive,1,4,3,4,4,2,4,3,4,Moderate,5,53,40,Elderly support,Yes,Interview
1257,Dhaka,Local Bus,Sayedabad–Kuril,Weekday,Evening Peak,54,Freelancer,Prefer not to say,Heavy Rain,Daily,Safety,Unsafe boarding,Rush hour e safety niye onek tension lage. Driver o helper duijon e khub aggressive chilo.,Negative,-2,2,4,2,2,3,4,2,3,Moderate,60,77,30,None,No,Online Form
1258,Dhaka,Local Bus,Jatrabari–Gulistan,Weekday,Evening Peak,24,Driver,Female,Dry,2-3 days/week,Comfort,Poor ventilation,"Comfort was average—no major issue, no special improvement.",Neutral,0,3,2,4,2,4,2,3,3,High,13,78,20,Traveling with child,Maybe,No formal complaint
1259,Dhaka,Local Bus,Mirpur–Shahbagh,Weekday,Morning Peak,20,Healthcare Worker,Prefer not to say,Dry,2-3 days/week,Safety,Pickpocket risk,The bus was so packed that I kept worrying about my phone and wallet the whole trip.,Negative,-1,2,4,2,4,3,4,2,3,High,22,81,50,None,No,Interview
1260,Dhaka,Local Bus,Gulistan–Farmgate,Weekday,Morning Peak,38,Student,Prefer not to say,Light Rain,4-5 days/week,Crowding,Door blocked,"Everyone was squeezed together, and even moving one step inside felt impossible.",Negative,-1,1,3,2,3,2,4,2,1,Low,29,52,25,Wheelchair access,No,No formal complaint
1261,Dhaka,Local Bus,Azimpur–Shahbagh,Weekday,Morning Peak,18,Homemaker,Male,Dry,Occasional,Staff Behavior,Aggressive conductor,Staff behavior was okay overall.,Neutral,0,3,4,2,3,4,2,3,2,High,11,101,30,None,Maybe,No formal complaint
1262,Dhaka,Local Bus,Farmgate–Mohakhali,Weekday,Evening Peak,24,Freelancer,Female,Dry,4-5 days/week,Availability,No seat available,There seemed to be more buses on the road than usual.,Positive,2,4,3,4,4,3,4,4,3,Severe,9,70,35,None,Yes,Survey Form
1263,Dhaka,Local Bus,Sayedabad–Kuril,Weekday,Morning Peak,32,Job Seeker,Male,Dry,Occasional,Availability,No seat available,"There were buses on the route, but not enough to reduce waiting fully.",Neutral,0,3,3,3,4,4,3,2,4,Severe,16,81,20,None,Maybe,Survey Form
1264,Dhaka,Local Bus,Jatrabari–Badda,Weekday,Morning Peak,52,Driver,Prefer not to say,Light Rain,2-3 days/week,Comfort,Hot interior,"The ride was jerky, noisy, and uncomfortable, especially while standing.",Negative,-1,1,4,3,4,4,2,4,1,High,26,66,45,None,No,Interview
1265,Dhaka,Local Bus,Sayedabad–Kuril,Weekday,Morning Peak,23,Shopkeeper,Prefer not to say,Dry,2-3 days/week,Comfort,Too noisy,The seat condition was poor and there was no real comfort during the trip.,Negative,-2,2,2,2,3,3,4,3,2,High,23,73,45,Traveling with child,No,Survey Form
1266,Dhaka,Local Bus,Azimpur–Shahbagh,Weekday,Evening Peak,44,Office Employee,Prefer not to say,Light Rain,4-5 days/week,Crowding,Queue too long,"Too many passengers, no personal space, and constant pushing—this should not be normal.",Negative,-1,2,3,2,4,4,3,4,2,High,19,65,25,None,No,Interview
1267,Dhaka,Local Bus,Mohakhali–Badda,Weekday,Morning Peak,52,Office Employee,Male,Dry,Occasional,Availability,Long headway,There seemed to be more buses on the road than usual.,Positive,1,4,3,4,2,3,2,4,3,High,5,84,45,None,Yes,Interview
1268,Dhaka,Local Bus,Jatrabari–Badda,Weekday,Morning Peak,20,Shopkeeper,Female,Light Rain,Daily,Cost,High fare,I did not mind paying this fare because the trip was manageable.,Positive,1,4,2,4,3,3,4,4,2,High,5,35,15,None,Yes,Online Form
1269,Dhaka,Local Bus,New Market–Science Lab,Weekday,Evening Peak,36,Freelancer,Prefer not to say,Dry,Daily,Cleanliness,Dirty seats,"The inside of the bus was dusty, the seats were dirty, and there was a bad smell the whole way.",Negative,-1,1,3,3,1,3,3,4,2,High,64,33,15,None,No,No formal complaint
1270,Dhaka,Local Bus,Jatrabari–Badda,Weekday,Evening Peak,40,Small Business,Male,Heavy Rain,2-3 days/week,Comfort,Seat discomfort,The seat condition was poor and there was no real comfort during the trip.,Negative,-2,1,3,2,2,3,3,2,1,Moderate,33,52,35,None,No,Survey Form
1271,Dhaka,Local Bus,Mirpur–Shahbagh,Weekday,Morning Peak,51,Healthcare Worker,Prefer not to say,Dry,Daily,Cleanliness,Poor maintenance,"Cleanliness was average today—nothing impressive, nothing terrible.",Neutral,0,3,3,4,2,2,3,3,4,Moderate,14,75,25,None,Maybe,Online Form
1272,Dhaka,Local Bus,New Market–Science Lab,Weekday,Evening Peak,41,Office Employee,Female,Dry,Daily,Cleanliness,Litter inside,"The bus was not very clean, but it was acceptable for a regular local bus trip.",Neutral,0,3,4,3,3,4,4,4,3,High,20,70,25,None,Maybe,Online Form
1273,Dhaka,Local Bus,Motijheel–Rampura,Weekday,Morning Peak,25,Small Business,Male,Dry,Occasional,Accessibility,Difficult boarding,Accessibility was average; it could be better for elderly passengers.,Neutral,0,3,4,3,4,3,2,4,2,Severe,9,51,15,None,Maybe,No formal complaint
1274,Dhaka,Local Bus,Mohakhali–Badda,Weekday,Morning Peak,50,Freelancer,Prefer not to say,Dry,4-5 days/week,Crowding,Queue too long,The bus was so full that I had to stand bent near the gate for almost the whole trip.,Negative,-2,1,4,4,2,4,2,3,1,High,53,60,35,Elderly support,No,Survey Form
1275,Dhaka,Local Bus,Sayedabad–Kuril,Weekday,Evening Peak,60,Office Employee,Prefer not to say,Dry,Daily,Delay,Late departure,"I was standing at Shahbagh for almost 44 minutes and still no bus came on time. For a weekday peak hour, this is exhausting.",Negative,-1,1,1,2,3,4,3,3,3,High,54,103,60,Wheelchair access,No,No formal complaint
1276,Dhaka,Local Bus,Jatrabari–Badda,Weekday,Morning Peak,37,Banker,Female,Light Rain,Daily,Staff Behavior,Poor communication,The helper was rude when passengers asked whether the bus would stop at the next point.,Negative,-2,2,4,4,2,3,3,3,3,High,62,103,25,Elderly support,No,Interview
1277,Dhaka,Local Bus,Jatrabari–Badda,Weekday,Evening Peak,54,Driver,Male,Dry,Occasional,Crowding,Door blocked,Crowding was less intense than I expected today.,Positive,1,5,2,4,3,2,4,4,5,High,10,37,60,None,Yes,Online Form
1278,Dhaka,Local Bus,Gulistan–Farmgate,Weekday,Evening Peak,31,Shopkeeper,Male,Dry,Daily,Cleanliness,Dirty seats,"I do not expect luxury, but at least the bus should be clean enough to sit comfortably.",Negative,-2,1,3,3,1,3,4,2,4,High,42,85,40,None,No,Interview
1279,Dhaka,Local Bus,Mirpur–Shahbagh,Weekday,Evening Peak,36,Healthcare Worker,Prefer not to say,Dry,Occasional,Cost,Extra charge,I would say the cost was average for this route.,Neutral,0,3,3,4,4,3,4,4,2,Severe,18,34,25,None,Maybe,Survey Form
1280,Dhaka,Local Bus,New Market–Science Lab,Weekday,Evening Peak,24,Job Seeker,Female,Dry,4-5 days/week,Availability,Too few buses,"During office time, availability is still poor. Demand is clearly higher than supply.",Negative,-1,2,2,2,3,2,4,2,2,Moderate,34,37,25,None,No,No formal complaint
1281,Dhaka,Local Bus,Jatrabari–Gulistan,Weekday,Morning Peak,24,Driver,Prefer not to say,Dry,Occasional,Crowding,Standing entire trip,Bus e emon bhir chilo je neme jabar agei chinta hoye jacchilo kivabe gate porjonto jabo.,Negative,-1,1,3,4,4,3,3,2,1,High,51,62,50,None,No,No formal complaint
1282,Dhaka,Local Bus,Motijheel–Rampura,Weekday,Morning Peak,32,Office Employee,Female,Heavy Rain,Occasional,Crowding,Door blocked,Crowding made the ride stressful from start to finish. I could barely breathe comfortably.,Negative,-1,2,2,3,3,4,2,4,1,Severe,23,47,60,None,No,No formal complaint
1283,Dhaka,Local Bus,Sayedabad–Kuril,Weekday,Evening Peak,20,Office Employee,Prefer not to say,Light Rain,Occasional,Safety,Unsafe boarding,The bus did not stop properly and passengers had to get on while it was moving slowly. That is not safe at all.,Negative,-1,1,4,1,4,3,3,2,2,High,53,31,15,None,No,Survey Form
1284,Dhaka,Local Bus,Jatrabari–Gulistan,Weekday,Morning Peak,32,Healthcare Worker,Prefer not to say,Light Rain,2-3 days/week,Information,Poor signage,Clear route and stop information would save passengers a lot of confusion.,Negative,-2,1,1,2,3,3,4,4,3,Moderate,60,79,35,Elderly support,No,Interview
1285,Dhaka,Local Bus,Mohakhali–Badda,Weekday,Morning Peak,22,Shopkeeper,Female,Dry,Occasional,Crowding,Standing entire trip,Bus e emon bhir chilo je neme jabar agei chinta hoye jacchilo kivabe gate porjonto jabo.,Negative,-2,1,3,2,2,2,4,2,1,High,37,95,60,None,No,Interview
1286,Dhaka,Local Bus,Mirpur–Farmgate,Weekday,Evening Peak,20,Teacher,Female,Light Rain,4-5 days/week,Delay,Irregular service,"Same problem again—long wait, slow movement, and too many unnecessary stops. Morning peak in Dhaka feels impossible sometimes.",Negative,-2,1,1,3,4,2,3,3,2,Moderate,18,84,35,None,No,Online Form
1287,Dhaka,Local Bus,Gulistan–Farmgate,Weekday,Morning Peak,39,Teacher,Prefer not to say,Dry,4-5 days/week,Staff Behavior,Helpful staff,Helper er kotha bolar dhoron bhalo chilo na. Choto proshno korleo kharap bhabe jawab dicchilo.,Negative,-2,1,2,3,3,3,4,2,2,High,26,71,50,Elderly support,No,No formal complaint
1288,Dhaka,Local Bus,Jatrabari–Gulistan,Weekday,Evening Peak,44,Job Seeker,Male,Heavy Rain,Daily,Cleanliness,Dirty seats,"Cleanliness was average today—nothing impressive, nothing terrible.",Neutral,0,3,3,3,3,3,3,3,4,High,11,78,50,None,Maybe,No formal complaint
1289,Dhaka,Local Bus,Sayedabad–Kuril,Weekday,Morning Peak,41,Freelancer,Male,Dry,4-5 days/week,Staff Behavior,Helpful staff,Staff behavior was better today; they were helpful without being rude.,Positive,1,5,2,3,2,3,3,2,3,Severe,9,40,50,None,Yes,Interview
1290,Dhaka,Local Bus,New Market–Science Lab,Weekday,Morning Peak,18,Healthcare Worker,Prefer not to say,Light Rain,4-5 days/week,Information,No timing info,Clear route and stop information would save passengers a lot of confusion.,Negative,-2,1,1,3,4,3,3,2,2,Moderate,45,40,40,None,No,Survey Form
1291,Dhaka,Local Bus,Gulistan–Farmgate,Weekday,Morning Peak,24,Shopkeeper,Prefer not to say,Dry,2-3 days/week,Staff Behavior,Poor communication,Helper er kotha bolar dhoron bhalo chilo na. Choto proshno korleo kharap bhabe jawab dicchilo.,Negative,-1,1,4,2,3,2,3,4,2,Severe,44,100,20,None,No,No formal complaint
1292,Dhaka,Local Bus,Sayedabad–Kuril,Weekday,Evening Peak,55,Homemaker,Prefer not to say,Dry,Occasional,Comfort,Poor ventilation,The seat condition was poor and there was no real comfort during the trip.,Negative,-2,1,3,3,3,3,2,2,1,Low,52,78,45,None,No,Online Form
1293,Dhaka,Local Bus,Azimpur–Shahbagh,Weekday,Morning Peak,19,Job Seeker,Male,Dry,4-5 days/week,Staff Behavior,Rude helper,Helper er kotha bolar dhoron bhalo chilo na. Choto proshno korleo kharap bhabe jawab dicchilo.,Negative,-1,1,4,4,2,4,3,4,3,High,31,98,30,None,No,Interview
1294,Dhaka,Local Bus,Farmgate–Mohakhali,Weekday,Evening Peak,23,Factory Worker,Female,Heavy Rain,2-3 days/week,Information,No route info,"There was some confusion, but I still reached the right destination.",Neutral,0,3,2,4,4,4,3,2,2,Moderate,14,93,35,Elderly support,Maybe,Survey Form
1295,Dhaka,Local Bus,Gulistan–Farmgate,Weekday,Evening Peak,30,Office Employee,Prefer not to say,Dry,2-3 days/week,Cleanliness,Bad odor,"The inside of the bus was dusty, the seats were dirty, and there was a bad smell the whole way.",Negative,-2,2,2,3,1,3,3,4,3,Severe,41,98,50,None,No,Online Form
1296,Dhaka,Local Bus,Azimpur–Shahbagh,Weekday,Morning Peak,18,Office Employee,Male,Dry,2-3 days/week,Cleanliness,Bad odor,"The vehicle looked poorly maintained, and it made an already tiring trip feel worse.",Negative,-1,1,3,3,1,4,4,3,4,Moderate,30,95,40,Traveling with child,No,Interview
1297,Dhaka,Local Bus,Farmgate–Mohakhali,Weekday,Morning Peak,25,Homemaker,Prefer not to say,Dry,Daily,Cost,Fair fare,I would say the cost was average for this route.,Neutral,0,3,2,3,2,3,2,3,4,Moderate,17,54,15,None,Maybe,Survey Form
1298,Dhaka,Local Bus,Azimpur–Shahbagh,Weekday,Morning Peak,18,Office Employee,Male,Heavy Rain,4-5 days/week,Accessibility,Weak disability access,"The stop access felt manageable, even during the busy hour.",Positive,2,4,3,4,2,3,4,3,4,Severe,12,57,45,None,Yes,Online Form
1299,Dhaka,Local Bus,Uttara–Airport,Weekday,Morning Peak,43,Small Business,Prefer not to say,Dry,2-3 days/week,Availability,No seat available,"There were buses on the route, but not enough to reduce waiting fully.",Neutral,0,3,2,4,2,3,3,3,2,Severe,18,92,25,None,Maybe,Online Form
1300,Dhaka,Local Bus,Jatrabari–Badda,Weekday,Morning Peak,52,Teacher,Male,Dry,Occasional,Staff Behavior,Rude helper,Helper er kotha bolar dhoron bhalo chilo na. Choto proshno korleo kharap bhabe jawab dicchilo.,Negative,-2,1,4,3,2,3,4,2,2,High,58,32,35,None,No,Interview
1301,Dhaka,Local Bus,New Market–Science Lab,Weekday,Morning Peak,39,Factory Worker,Prefer not to say,Dry,Daily,Safety,Unsafe boarding,The driver was braking so hard that everyone almost fell forward. I honestly did not feel safe.,Negative,-1,1,2,1,2,2,2,4,2,Severe,45,101,25,None,No,Online Form
1302,Dhaka,Local Bus,Motijheel–Rampura,Weekday,Morning Peak,35,Shopkeeper,Prefer not to say,Light Rain,2-3 days/week,Crowding,Standing entire trip,"The bus was crowded, but that is normal during peak time.",Neutral,0,3,4,2,3,4,2,3,3,High,8,86,35,None,Maybe,Interview
1303,Dhaka,Local Bus,Jatrabari–Gulistan,Weekday,Evening Peak,43,Banker,Male,Light Rain,Occasional,Crowding,Overcrowded bus,The bus was so full that I had to stand bent near the gate for almost the whole trip.,Negative,-2,1,2,3,3,2,4,3,1,High,48,62,35,None,No,Survey Form
1304,Dhaka,Local Bus,Gulistan–Farmgate,Weekday,Evening Peak,22,Banker,Female,Dry,Daily,Crowding,Queue too long,"Everyone was squeezed together, and even moving one step inside felt impossible.",Negative,-1,2,3,2,3,4,2,4,1,High,65,39,35,None,No,Survey Form
1305,Dhaka,Local Bus,Mohakhali–Badda,Weekday,Evening Peak,34,Homemaker,Male,Dry,4-5 days/week,Availability,Route shortage,There were far fewer buses than the number of waiting passengers. The line just kept getting longer.,Negative,-2,2,2,2,3,3,2,2,2,High,18,56,60,Elderly support,No,Interview
1306,Dhaka,Local Bus,Azimpur–Shahbagh,Weekday,Morning Peak,44,Factory Worker,Female,Light Rain,2-3 days/week,Availability,Route shortage,Service frequency was neither very good nor very bad.,Neutral,0,3,2,2,3,2,3,3,4,Severe,15,59,20,None,Maybe,Survey Form
1307,Dhaka,Local Bus,Mirpur–Shahbagh,Weekday,Morning Peak,60,Freelancer,Prefer not to say,Dry,2-3 days/week,Crowding,Overcrowded bus,Bus e emon bhir chilo je neme jabar agei chinta hoye jacchilo kivabe gate porjonto jabo.,Negative,-1,1,3,3,4,3,2,4,1,Moderate,22,44,45,None,No,No formal complaint
1308,Dhaka,Local Bus,Farmgate–Mohakhali,Weekday,Evening Peak,26,Homemaker,Male,Dry,4-5 days/week,Cost,High fare,"Vara ta service er sathe match kore na. Joto taka dei, toto quality pai na.",Negative,-1,1,4,2,2,1,4,2,3,Severe,44,101,45,None,No,Survey Form
1309,Dhaka,Local Bus,Mirpur–Farmgate,Weekday,Morning Peak,55,Driver,Male,Light Rain,Occasional,Crowding,Overcrowded bus,Crowding was less intense than I expected today.,Positive,1,4,4,2,3,3,2,2,4,Severe,10,44,30,None,Yes,No formal complaint
1310,Dhaka,Local Bus,Jatrabari–Gulistan,Weekday,Morning Peak,53,Factory Worker,Prefer not to say,Dry,4-5 days/week,Information,No timing info,"I got enough information after asking around, though it was not very clear at first.",Neutral,0,3,3,3,4,2,3,4,4,Severe,14,85,50,None,Maybe,Interview
1311,Dhaka,Local Bus,Mirpur–Shahbagh,Weekday,Morning Peak,36,Small Business,Male,Dry,Daily,Crowding,Standing entire trip,"There was pressure inside the bus, but not severe.",Neutral,0,3,2,3,2,2,2,2,3,High,19,87,25,None,Maybe,Interview
1312,Dhaka,Local Bus,Jatrabari–Gulistan,Weekday,Evening Peak,28,Teacher,Male,Dry,Daily,Comfort,Too noisy,"Peak hour e local bus e comfort expect kora jay na, but ajke situation aro kharap chilo.",Negative,-1,1,3,4,3,3,3,3,1,High,47,47,60,None,No,Survey Form
1313,Dhaka,Local Bus,Farmgate–Mohakhali,Weekday,Morning Peak,59,Freelancer,Prefer not to say,Dry,2-3 days/week,Staff Behavior,Poor communication,The helper was rude when passengers asked whether the bus would stop at the next point.,Negative,-2,1,4,2,3,4,3,4,4,High,60,78,40,None,No,Interview
1314,Dhaka,Local Bus,Jatrabari–Badda,Weekday,Morning Peak,45,Freelancer,Prefer not to say,Heavy Rain,4-5 days/week,Cleanliness,Litter inside,"For daily commuting, the cleanliness is really below standard. The floor was messy and the windows looked untouched.",Negative,-1,1,3,4,1,4,4,4,2,Severe,57,86,25,Wheelchair access,No,Online Form
1315,Dhaka,Local Bus,New Market–Science Lab,Weekday,Evening Peak,38,Small Business,Prefer not to say,Light Rain,Daily,Availability,No seat available,"During office time, availability is still poor. Demand is clearly higher than supply.",Negative,-1,2,2,2,4,4,4,2,2,Moderate,47,101,60,None,No,Survey Form
1316,Dhaka,Local Bus,Gulistan–Farmgate,Weekday,Evening Peak,36,Job Seeker,Prefer not to say,Light Rain,2-3 days/week,Delay,Late departure,"From Gulistan–Farmgate, the delay was frustrating. I left early but still got late because the bus service was irregular.",Negative,-1,2,2,3,4,3,2,2,2,Severe,25,33,50,None,No,Survey Form
1317,Dhaka,Local Bus,Azimpur–Shahbagh,Weekday,Evening Peak,47,Banker,Male,Dry,4-5 days/week,Safety,Harassment concern,The driver was braking so hard that everyone almost fell forward. I honestly did not feel safe.,Negative,-2,2,2,1,3,2,3,2,2,Moderate,39,31,50,None,No,Online Form
1318,Dhaka,Local Bus,Gulistan–Farmgate,Weekday,Evening Peak,31,Shopkeeper,Female,Dry,Occasional,Comfort,Seat discomfort,"It was extremely hot inside the bus, and there was barely any airflow.",Negative,-2,1,2,2,3,2,3,4,1,High,27,83,35,None,No,No formal complaint
1319,Dhaka,Local Bus,Jatrabari–Badda,Weekday,Evening Peak,20,Healthcare Worker,Male,Light Rain,2-3 days/week,Accessibility,Weak disability access,"The footpath near the stop was crowded and broken, so reaching the bus safely was not easy.",Negative,-2,2,2,4,2,3,2,2,4,Low,47,97,45,None,No,Survey Form
1320,Dhaka,Local Bus,Jatrabari–Badda,Weekday,Evening Peak,46,Teacher,Prefer not to say,Dry,4-5 days/week,Cost,Unclear fare,"It was not cheap, but not unreasonable either.",Neutral,0,3,2,3,2,3,4,4,4,Severe,18,79,30,None,Maybe,No formal complaint
1321,Dhaka,Local Bus,Uttara–Airport,Weekday,Morning Peak,26,Homemaker,Prefer not to say,Dry,4-5 days/week,Safety,Reckless driving,The driver was braking so hard that everyone almost fell forward. I honestly did not feel safe.,Negative,-2,2,3,1,2,3,2,2,2,High,18,61,30,None,No,Survey Form
1322,Dhaka,Local Bus,Azimpur–Shahbagh,Weekday,Morning Peak,42,Job Seeker,Prefer not to say,Dry,Daily,Staff Behavior,Aggressive conductor,The conductor kept shouting instead of answering simple fare questions calmly.,Negative,-1,2,3,2,2,4,4,3,2,High,42,82,35,None,No,Online Form
1323,Dhaka,Local Bus,Farmgate–Mohakhali,Weekday,Evening Peak,35,Student,Female,Light Rain,Occasional,Comfort,Poor ventilation,The seat condition was poor and there was no real comfort during the trip.,Negative,-2,2,3,2,4,2,4,2,2,High,21,54,30,None,No,Online Form
1324,Dhaka,Local Bus,Motijheel–Rampura,Weekday,Evening Peak,40,Healthcare Worker,Prefer not to say,Heavy Rain,Occasional,Cleanliness,Bad odor,"The bus was not very clean, but it was acceptable for a regular local bus trip.",Neutral,0,3,3,2,2,4,4,3,4,Severe,14,62,25,None,Maybe,No formal complaint
1325,Dhaka,Local Bus,New Market–Science Lab,Weekday,Morning Peak,60,Freelancer,Male,Dry,Occasional,Cost,Fair fare,"The fare felt acceptable, though service quality could still improve.",Neutral,0,3,2,4,4,3,2,4,4,Moderate,18,61,40,None,Maybe,Survey Form
1326,Dhaka,Local Bus,Mirpur–Shahbagh,Weekday,Evening Peak,45,Driver,Male,Dry,Occasional,Staff Behavior,Helpful staff,Helper er kotha bolar dhoron bhalo chilo na. Choto proshno korleo kharap bhabe jawab dicchilo.,Negative,-1,1,3,3,3,2,3,2,3,Severe,39,94,40,None,No,Online Form
1327,Dhaka,Local Bus,Mohakhali–Badda,Weekday,Morning Peak,18,Homemaker,Prefer not to say,Dry,2-3 days/week,Delay,Late departure,Aajke bus er jonno eto wait korte holo je matha noshto hoye gelo. Peak hour e regular service thakar kotha.,Negative,-1,2,1,3,3,2,4,2,4,High,19,66,20,None,No,Online Form
1328,Dhaka,Local Bus,Mohakhali–Badda,Weekday,Morning Peak,50,Teacher,Male,Heavy Rain,2-3 days/week,Cost,Extra charge,"If the service stays like this, the fare should not keep increasing.",Negative,-2,1,4,4,2,1,4,4,3,High,18,104,50,Elderly support,No,Survey Form
1329,Dhaka,Local Bus,Sayedabad–Kuril,Weekday,Evening Peak,23,Job Seeker,Prefer not to say,Dry,Occasional,Availability,Route shortage,"There were buses on the route, but not enough to reduce waiting fully.",Neutral,0,3,3,4,4,4,2,2,3,High,10,84,40,None,Maybe,Online Form
1330,Dhaka,Local Bus,Mirpur–Shahbagh,Weekday,Evening Peak,54,Factory Worker,Female,Dry,4-5 days/week,Staff Behavior,Aggressive conductor,Communication from the conductor was average today.,Neutral,0,3,2,4,3,4,4,3,4,Low,18,31,25,None,Maybe,No formal complaint
1331,Dhaka,Local Bus,Jatrabari–Badda,Weekday,Morning Peak,49,Homemaker,Prefer not to say,Dry,2-3 days/week,Staff Behavior,Rude helper,Staff behavior made the whole ride more unpleasant than it needed to be.,Negative,-2,1,2,3,2,4,2,2,4,High,49,59,60,None,No,No formal complaint
1332,Dhaka,Local Bus,New Market–Science Lab,Weekday,Morning Peak,39,Student,Prefer not to say,Heavy Rain,2-3 days/week,Information,Wrong stop info,"There was some confusion, but I still reached the right destination.",Neutral,0,3,3,2,2,2,4,4,4,Moderate,12,50,45,None,Maybe,Interview
1333,Dhaka,Local Bus,Gulistan–Farmgate,Weekday,Evening Peak,58,Small Business,Male,Dry,Occasional,Accessibility,Poor stop access,"Boarding took some effort, but I managed without much trouble.",Neutral,0,3,3,2,3,4,2,2,4,Low,20,73,50,Elderly support,Maybe,No formal complaint
1334,Dhaka,Local Bus,Jatrabari–Gulistan,Weekday,Evening Peak,43,Student,Female,Heavy Rain,Occasional,Safety,Unsafe boarding,"Boarding was more orderly today, which made the trip feel safer.",Positive,1,5,4,5,4,3,3,3,2,Moderate,5,40,35,None,Yes,Interview
1335,Dhaka,Local Bus,New Market–Science Lab,Weekday,Morning Peak,31,Teacher,Prefer not to say,Dry,2-3 days/week,Accessibility,Poor stop access,Getting on the bus was difficult because it barely stopped near the designated stop.,Negative,-2,2,3,4,4,2,2,4,4,High,29,42,20,None,No,No formal complaint
1336,Dhaka,Local Bus,Sayedabad–Kuril,Weekday,Evening Peak,54,Student,Prefer not to say,Dry,Daily,Cleanliness,Poor maintenance,"The inside looked used and worn, but not worse than usual.",Neutral,0,3,2,3,3,4,4,3,3,High,18,68,50,Elderly support,Maybe,Online Form
1337,Dhaka,Local Bus,Gulistan–Farmgate,Weekday,Morning Peak,48,Driver,Female,Heavy Rain,4-5 days/week,Safety,Harassment concern,The bus did not stop properly and passengers had to get on while it was moving slowly. That is not safe at all.,Negative,-2,2,3,2,4,2,2,4,3,High,65,95,15,None,No,Online Form
1338,Dhaka,Local Bus,Sayedabad–Kuril,Weekday,Morning Peak,50,Small Business,Female,Dry,Occasional,Information,Poor signage,Clear route and stop information would save passengers a lot of confusion.,Negative,-2,2,2,4,4,3,3,4,2,High,61,32,40,None,No,No formal complaint
1339,Dhaka,Local Bus,Jatrabari–Badda,Weekday,Evening Peak,33,Driver,Prefer not to say,Dry,2-3 days/week,Availability,Too few buses,There were far fewer buses than the number of waiting passengers. The line just kept getting longer.,Negative,-1,2,2,3,4,2,3,2,3,Severe,55,38,15,None,No,Survey Form
1340,Dhaka,Local Bus,Jatrabari–Badda,Weekday,Morning Peak,41,Driver,Female,Light Rain,2-3 days/week,Safety,Unsafe boarding,The bus was so packed that I kept worrying about my phone and wallet the whole trip.,Negative,-1,1,2,1,3,2,3,2,4,Severe,54,43,35,None,No,Survey Form
1341,Dhaka,Local Bus,New Market–Science Lab,Weekday,Morning Peak,39,Office Employee,Prefer not to say,Dry,Daily,Availability,Too few buses,"During office time, availability is still poor. Demand is clearly higher than supply.",Negative,-2,1,1,4,4,3,4,1,3,Severe,36,37,20,None,No,Interview
1342,Dhaka,Local Bus,Mirpur–Farmgate,Weekday,Evening Peak,60,Student,Female,Heavy Rain,Occasional,Accessibility,No elderly support,"The stop area was busy, though still usable.",Neutral,0,3,2,2,3,2,3,4,4,Severe,19,58,60,None,Maybe,Survey Form
1343,Dhaka,Local Bus,Sayedabad–Kuril,Weekday,Morning Peak,55,Small Business,Male,Dry,2-3 days/week,Crowding,Overcrowded bus,"I had to stand for part of the journey, though it was manageable.",Neutral,0,3,3,3,4,4,4,2,3,High,14,84,60,None,Maybe,No formal complaint
1344,Dhaka,Local Bus,New Market–Science Lab,Weekday,Morning Peak,35,Small Business,Male,Light Rain,Daily,Availability,Too few buses,"I expected more buses on New Market–Science Lab, but service frequency was disappointing today.",Negative,-1,1,1,4,2,3,2,1,4,Moderate,20,37,15,None,No,Online Form
1345,Dhaka,Local Bus,Uttara–Airport,Weekday,Evening Peak,22,Healthcare Worker,Female,Light Rain,4-5 days/week,Delay,Irregular service,"From Uttara–Airport, the delay was frustrating. I left early but still got late because the bus service was irregular.",Negative,-2,1,1,2,2,4,3,4,3,High,45,71,15,None,No,Interview
1346,Dhaka,Local Bus,Jatrabari–Badda,Weekday,Evening Peak,40,Job Seeker,Prefer not to say,Heavy Rain,2-3 days/week,Safety,Unsafe boarding,"People were pushing near the gate while boarding, and it felt risky, especially for women and older passengers.",Negative,-1,2,3,2,3,2,4,2,3,High,31,70,30,Elderly support,No,No formal complaint
1347,Dhaka,Local Bus,Mohakhali–Badda,Weekday,Morning Peak,22,Small Business,Female,Dry,Occasional,Staff Behavior,Helpful staff,A calm and respectful attitude from the staff made the ride easier.,Positive,2,4,2,4,4,2,2,3,2,Severe,5,55,40,None,Yes,Interview
1348,Dhaka,Local Bus,Uttara–Airport,Weekday,Evening Peak,28,Teacher,Female,Heavy Rain,Occasional,Staff Behavior,Rude helper,The helper was rude when passengers asked whether the bus would stop at the next point.,Negative,-2,2,4,2,2,3,2,4,3,Severe,55,97,20,None,No,No formal complaint
1349,Dhaka,Local Bus,Azimpur–Shahbagh,Weekday,Morning Peak,42,Driver,Male,Light Rain,4-5 days/week,Information,Poor signage,There was no clear information about where the bus would stop or how long the delay would be.,Negative,-2,2,2,2,2,4,3,4,3,Severe,63,31,40,None,No,Online Form
1350,Dhaka,Local Bus,Mirpur–Farmgate,Weekday,Morning Peak,29,Homemaker,Female,Dry,4-5 days/week,Staff Behavior,Rude helper,Staff behavior made the whole ride more unpleasant than it needed to be.,Negative,-1,1,4,3,3,4,2,2,2,High,38,90,60,None,No,Survey Form
1351,Dhaka,Local Bus,Motijheel–Rampura,Weekday,Evening Peak,31,Driver,Male,Light Rain,2-3 days/week,Delay,Traffic congestion,"I was standing at Farmgate for almost 60 minutes and still no bus came on time. For a weekday peak hour, this is exhausting.",Negative,-2,2,1,4,4,3,3,4,2,Moderate,61,71,15,None,No,Interview
1352,Dhaka,Local Bus,Farmgate–Mohakhali,Weekday,Evening Peak,29,Freelancer,Female,Heavy Rain,4-5 days/week,Cleanliness,Dirty seats,Bus ta onek nongra chilo. Gari te uthar por thekei uncomfortable lagchilo.,Negative,-2,1,4,4,1,4,2,3,2,Severe,51,50,45,None,No,Interview
1353,Dhaka,Local Bus,Mirpur–Farmgate,Weekday,Morning Peak,41,Banker,Prefer not to say,Light Rain,Occasional,Crowding,Standing entire trip,"I had to stand for part of the journey, though it was manageable.",Neutral,0,3,4,4,4,4,4,3,3,High,20,69,40,None,Maybe,Online Form
1354,Dhaka,Local Bus,Uttara–Airport,Weekday,Evening Peak,51,Office Employee,Female,Light Rain,2-3 days/week,Safety,Unsafe boarding,"The ride felt somewhat crowded, but I did not face any major safety issue.",Neutral,0,3,2,3,2,3,2,2,3,Moderate,18,48,45,None,Maybe,Online Form
1355,Dhaka,Local Bus,Mirpur–Farmgate,Weekday,Morning Peak,21,Driver,Female,Light Rain,Daily,Information,Poor signage,There was no clear information about where the bus would stop or how long the delay would be.,Negative,-1,1,1,4,3,3,4,4,2,High,27,105,30,Elderly support,No,Online Form
1356,Dhaka,Local Bus,Azimpur–Shahbagh,Weekday,Morning Peak,31,Shopkeeper,Female,Dry,2-3 days/week,Availability,No seat available,"A bus came after some waiting, so availability was average today.",Neutral,0,3,3,2,3,2,4,2,2,Low,10,93,30,None,Maybe,No formal complaint
1357,Dhaka,Local Bus,Gulistan–Farmgate,Weekday,Morning Peak,25,Factory Worker,Female,Dry,Daily,Cost,Unclear fare,"If the service stays like this, the fare should not keep increasing.",Negative,-2,2,3,4,3,1,2,3,3,Severe,29,63,35,None,No,Interview
1358,Dhaka,Local Bus,New Market–Science Lab,Weekday,Morning Peak,28,Teacher,Prefer not to say,Dry,2-3 days/week,Cleanliness,Litter inside,"Cleanliness was average today—nothing impressive, nothing terrible.",Neutral,0,3,2,4,3,3,3,3,4,Severe,10,73,20,None,Maybe,Online Form
1359,Dhaka,Local Bus,Jatrabari–Badda,Weekday,Morning Peak,21,Office Employee,Male,Dry,Occasional,Staff Behavior,Aggressive conductor,The helper was rude when passengers asked whether the bus would stop at the next point.,Negative,-2,1,2,4,4,2,3,3,4,Severe,62,70,35,None,No,Online Form
1360,Dhaka,Local Bus,Jatrabari–Gulistan,Weekday,Morning Peak,19,Homemaker,Male,Light Rain,Daily,Safety,Pickpocket risk,"The ride felt somewhat crowded, but I did not face any major safety issue.",Neutral,0,3,4,3,2,2,2,4,3,Moderate,15,59,50,None,Maybe,Online Form
1361,Dhaka,Local Bus,Azimpur–Shahbagh,Weekday,Morning Peak,31,Shopkeeper,Prefer not to say,Dry,Occasional,Crowding,Queue too long,Crowding made the ride stressful from start to finish. I could barely breathe comfortably.,Negative,-1,2,2,3,2,2,4,4,1,High,48,93,60,None,No,No formal complaint
1362,Dhaka,Local Bus,Mohakhali–Badda,Weekday,Evening Peak,39,Driver,Prefer not to say,Light Rain,Daily,Delay,Long waiting time,"The bus came sooner than I expected, which almost never happens during peak hour.",Positive,2,5,5,2,2,4,4,2,2,High,3,75,20,None,Yes,Interview
1363,Dhaka,Local Bus,Jatrabari–Badda,Weekday,Evening Peak,23,Small Business,Female,Light Rain,Daily,Accessibility,Weak disability access,"The stop area was busy, though still usable.",Neutral,0,3,3,3,3,2,3,2,3,Moderate,15,42,30,None,Maybe,No formal complaint
1364,Dhaka,Local Bus,Azimpur–Shahbagh,Weekday,Evening Peak,35,Homemaker,Prefer not to say,Dry,Daily,Cleanliness,Poor maintenance,"The bus was not very clean, but it was acceptable for a regular local bus trip.",Neutral,0,3,3,4,3,2,4,4,3,Severe,20,93,30,None,Maybe,Interview
1365,Dhaka,Local Bus,Motijheel–Rampura,Weekday,Morning Peak,54,Driver,Male,Heavy Rain,2-3 days/week,Safety,Unsafe boarding,The bus was so packed that I kept worrying about my phone and wallet the whole trip.,Negative,-2,2,3,1,2,4,2,2,2,Moderate,64,61,60,None,No,No formal complaint
1366,Dhaka,Local Bus,Mirpur–Shahbagh,Weekday,Evening Peak,31,Freelancer,Male,Heavy Rain,2-3 days/week,Accessibility,Weak disability access,The bus doors were crowded and there was no support for people who need extra time to board.,Negative,-1,2,3,3,3,2,2,3,4,Moderate,35,55,45,None,No,Interview
1367,Dhaka,Local Bus,Uttara–Airport,Weekday,Evening Peak,52,Driver,Prefer not to say,Light Rain,2-3 days/week,Accessibility,Difficult boarding,"The stop area was busy, though still usable.",Neutral,0,3,4,3,2,4,3,4,4,High,19,70,35,None,Maybe,Survey Form
1368,Dhaka,Local Bus,Uttara–Airport,Weekday,Evening Peak,45,Freelancer,Female,Dry,4-5 days/week,Cost,Unclear fare,The fare is not the only issue—the unclear way they collect it creates arguments almost every day.,Negative,-2,2,3,3,4,2,4,3,4,Moderate,21,89,25,None,No,No formal complaint
1369,Dhaka,Local Bus,New Market–Science Lab,Weekday,Evening Peak,24,Teacher,Male,Light Rain,4-5 days/week,Information,No route info,Clear route and stop information would save passengers a lot of confusion.,Negative,-2,2,2,2,2,3,4,2,3,Severe,55,32,35,None,No,Online Form
1370,Dhaka,Local Bus,New Market–Science Lab,Weekday,Evening Peak,27,Factory Worker,Female,Light Rain,Daily,Cost,Extra charge,I would say the cost was average for this route.,Neutral,0,3,2,4,4,3,2,4,4,Severe,11,101,50,None,Maybe,Online Form
1371,Dhaka,Local Bus,Gulistan–Farmgate,Weekday,Evening Peak,37,Office Employee,Prefer not to say,Dry,2-3 days/week,Crowding,Overcrowded bus,Bus e emon bhir chilo je neme jabar agei chinta hoye jacchilo kivabe gate porjonto jabo.,Negative,-2,1,3,4,3,2,3,4,1,Severe,56,42,20,None,No,Survey Form
1372,Dhaka,Local Bus,Azimpur–Shahbagh,Weekday,Morning Peak,41,Office Employee,Female,Dry,Daily,Accessibility,Weak disability access,The bus doors were crowded and there was no support for people who need extra time to board.,Negative,-1,1,4,2,4,2,1,4,4,Moderate,35,74,20,None,No,Survey Form
1373,Dhaka,Local Bus,Azimpur–Shahbagh,Weekday,Morning Peak,21,Banker,Male,Dry,Occasional,Delay,Traffic congestion,"From Azimpur–Shahbagh, the delay was frustrating. I left early but still got late because the bus service was irregular.",Negative,-1,2,2,3,4,3,3,4,4,High,45,74,60,None,No,No formal complaint
1374,Dhaka,Local Bus,Mirpur–Farmgate,Weekday,Morning Peak,48,Small Business,Prefer not to say,Dry,2-3 days/week,Safety,Pickpocket risk,"The ride felt somewhat crowded, but I did not face any major safety issue.",Neutral,0,3,3,3,4,3,4,2,3,High,8,45,60,None,Maybe,Online Form
1375,Dhaka,Local Bus,Jatrabari–Gulistan,Weekday,Morning Peak,22,Homemaker,Prefer not to say,Dry,2-3 days/week,Comfort,Poor ventilation,Ventilation was decent and the trip was less tiring today.,Positive,1,4,4,2,2,4,3,4,4,Moderate,9,76,35,None,Yes,Online Form
1376,Dhaka,Local Bus,Sayedabad–Kuril,Weekday,Morning Peak,53,Shopkeeper,Male,Dry,Daily,Information,No route info,Clear route and stop information would save passengers a lot of confusion.,Negative,-1,2,2,4,3,2,2,3,4,High,62,44,50,Wheelchair access,No,Survey Form
1377,Dhaka,Local Bus,Sayedabad–Kuril,Weekday,Morning Peak,46,Healthcare Worker,Male,Dry,2-3 days/week,Comfort,Too noisy,"I expected a rough commute, but it was actually manageable.",Positive,2,4,2,3,4,4,3,2,4,Moderate,6,86,15,None,Yes,No formal complaint
1378,Dhaka,Local Bus,Mirpur–Shahbagh,Weekday,Evening Peak,30,Teacher,Female,Light Rain,4-5 days/week,Staff Behavior,Rude helper,Helper er kotha bolar dhoron bhalo chilo na. Choto proshno korleo kharap bhabe jawab dicchilo.,Negative,-2,2,3,4,4,3,4,3,3,Severe,59,75,25,None,No,No formal complaint
1379,Dhaka,Local Bus,Mohakhali–Badda,Weekday,Morning Peak,38,Teacher,Prefer not to say,Dry,4-5 days/week,Staff Behavior,Rude helper,The conductor spoke politely and guided passengers clearly.,Positive,2,4,2,4,3,2,4,4,3,Moderate,10,60,60,None,Yes,No formal complaint
1380,Dhaka,Local Bus,New Market–Science Lab,Weekday,Evening Peak,22,Homemaker,Prefer not to say,Dry,4-5 days/week,Staff Behavior,Poor communication,The conductor spoke politely and guided passengers clearly.,Positive,2,4,4,4,4,3,3,4,4,Severe,6,32,20,None,Yes,Online Form
1381,Dhaka,Local Bus,Motijheel–Rampura,Weekday,Morning Peak,37,Driver,Male,Heavy Rain,4-5 days/week,Availability,No seat available,"I expected more buses on Motijheel–Rampura, but service frequency was disappointing today.",Negative,-2,2,2,4,3,3,2,2,4,Severe,33,74,35,None,No,Survey Form
1382,Dhaka,Local Bus,Jatrabari–Gulistan,Weekday,Evening Peak,26,Factory Worker,Prefer not to say,Dry,2-3 days/week,Safety,Harassment concern,"The ride felt somewhat crowded, but I did not face any major safety issue.",Neutral,0,3,3,3,3,2,2,4,4,High,13,83,20,None,Maybe,No formal complaint
1383,Dhaka,Local Bus,Azimpur–Shahbagh,Weekday,Morning Peak,49,Office Employee,Prefer not to say,Dry,2-3 days/week,Comfort,Seat discomfort,"Comfort was average—no major issue, no special improvement.",Neutral,0,3,3,2,3,2,2,3,3,High,19,90,50,None,Maybe,Interview
1384,Dhaka,Local Bus,Motijheel–Rampura,Weekday,Morning Peak,18,Freelancer,Prefer not to say,Heavy Rain,4-5 days/week,Availability,Long headway,"During office time, availability is still poor. Demand is clearly higher than supply.",Negative,-1,2,2,3,2,4,2,1,3,Low,61,41,20,Elderly support,No,Interview
1385,Dhaka,Local Bus,Azimpur–Shahbagh,Weekday,Morning Peak,53,Small Business,Prefer not to say,Heavy Rain,Occasional,Accessibility,Poor stop access,The bus doors were crowded and there was no support for people who need extra time to board.,Negative,-1,1,4,2,3,2,1,2,4,High,27,60,30,None,No,Online Form
1386,Dhaka,Local Bus,Azimpur–Shahbagh,Weekday,Evening Peak,24,Student,Prefer not to say,Light Rain,Daily,Comfort,Poor ventilation,The seat condition was poor and there was no real comfort during the trip.,Negative,-2,1,2,3,4,2,4,3,1,Moderate,52,65,45,None,No,Online Form
1387,Dhaka,Local Bus,Gulistan–Farmgate,Weekday,Morning Peak,29,Homemaker,Prefer not to say,Heavy Rain,Daily,Delay,Traffic congestion,Aajke bus er jonno eto wait korte holo je matha noshto hoye gelo. Peak hour e regular service thakar kotha.,Negative,-2,1,1,3,4,3,2,4,4,High,62,80,40,None,No,No formal complaint
1388,Dhaka,Local Bus,Mirpur–Shahbagh,Weekday,Evening Peak,59,Factory Worker,Prefer not to say,Light Rain,Occasional,Staff Behavior,Rude helper,The conductor kept shouting instead of answering simple fare questions calmly.,Negative,-1,2,2,2,2,3,2,4,2,Moderate,59,79,30,None,No,Online Form
1389,Dhaka,Local Bus,Uttara–Airport,Weekday,Morning Peak,47,Job Seeker,Male,Dry,2-3 days/week,Availability,Too few buses,Service frequency was neither very good nor very bad.,Neutral,0,3,2,2,4,2,4,3,2,High,18,80,35,None,Maybe,No formal complaint
1390,Dhaka,Local Bus,Jatrabari–Badda,Weekday,Morning Peak,23,Small Business,Prefer not to say,Dry,Occasional,Staff Behavior,Helpful staff,The conductor kept shouting instead of answering simple fare questions calmly.,Negative,-2,1,4,3,3,3,2,4,3,High,41,68,20,None,No,No formal complaint
1391,Dhaka,Local Bus,Mohakhali–Badda,Weekday,Evening Peak,48,Shopkeeper,Prefer not to say,Dry,2-3 days/week,Delay,Irregular service,"Same problem again—long wait, slow movement, and too many unnecessary stops. Morning peak in Dhaka feels impossible sometimes.",Negative,-2,1,1,3,4,4,3,2,4,Severe,62,84,25,Traveling with child,No,Interview
1392,Dhaka,Local Bus,New Market–Science Lab,Weekday,Morning Peak,45,Healthcare Worker,Male,Dry,Daily,Cost,Unclear fare,The fare felt too high considering how crowded and uncomfortable the ride was.,Negative,-2,2,4,2,2,2,3,2,4,High,19,32,45,Traveling with child,No,Online Form
1393,Dhaka,Local Bus,Uttara–Airport,Weekday,Evening Peak,48,Teacher,Female,Heavy Rain,Occasional,Safety,Harassment concern,The driver was braking so hard that everyone almost fell forward. I honestly did not feel safe.,Negative,-2,1,4,1,3,4,4,3,3,Severe,18,81,25,None,No,Interview
1394,Dhaka,Local Bus,Mirpur–Farmgate,Weekday,Evening Peak,59,Small Business,Prefer not to say,Light Rain,Daily,Information,Wrong stop info,"The route details were clear enough today, so I did not have to guess much.",Positive,1,4,4,2,3,3,3,2,4,High,9,67,35,None,Yes,Online Form
1395,Dhaka,Local Bus,Gulistan–Farmgate,Weekday,Morning Peak,30,Freelancer,Prefer not to say,Dry,Daily,Delay,Late departure,"Same problem again—long wait, slow movement, and too many unnecessary stops. Morning peak in Dhaka feels impossible sometimes.",Negative,-2,1,1,2,3,2,3,2,2,High,30,105,45,None,No,No formal complaint
1396,Dhaka,Local Bus,Jatrabari–Badda,Weekday,Evening Peak,40,Shopkeeper,Female,Dry,4-5 days/week,Information,No route info,Even a small sign or proper announcement could have made this trip easier.,Negative,-1,1,1,2,3,2,2,4,3,High,60,58,45,None,No,Survey Form
1397,Dhaka,Local Bus,Jatrabari–Gulistan,Weekday,Morning Peak,30,Factory Worker,Female,Light Rain,4-5 days/week,Information,No route info,Even a small sign or proper announcement could have made this trip easier.,Negative,-1,2,2,3,3,4,4,3,3,Severe,37,44,40,Traveling with child,No,Survey Form
1398,Dhaka,Local Bus,Jatrabari–Badda,Weekday,Morning Peak,22,Banker,Male,Dry,Daily,Crowding,Door blocked,The bus was so full that I had to stand bent near the gate for almost the whole trip.,Negative,-1,1,2,4,4,3,2,4,1,High,61,34,30,None,No,No formal complaint
1399,Dhaka,Local Bus,Mohakhali–Badda,Weekday,Morning Peak,35,Student,Female,Dry,4-5 days/week,Safety,Unsafe boarding,The driver was braking so hard that everyone almost fell forward. I honestly did not feel safe.,Negative,-1,2,3,1,2,2,2,3,3,Severe,49,39,20,None,No,Online Form
1400,Dhaka,Local Bus,Uttara–Airport,Weekday,Morning Peak,22,Freelancer,Prefer not to say,Light Rain,Occasional,Information,Poor signage,"I got enough information after asking around, though it was not very clear at first.",Neutral,0,3,2,4,4,3,3,2,4,High,8,63,40,None,Maybe,Interview
1401,Dhaka,Local Bus,Motijheel–Rampura,Weekday,Evening Peak,24,Freelancer,Female,Heavy Rain,2-3 days/week,Delay,Traffic congestion,"There was some waiting time, though it was still manageable.",Neutral,0,3,3,3,3,4,3,3,3,High,13,35,40,None,Maybe,No formal complaint
1402,Dhaka,Local Bus,Jatrabari–Badda,Weekday,Evening Peak,43,Freelancer,Male,Dry,Daily,Delay,Long waiting time,"I was standing at Mohakhali for almost 35 minutes and still no bus came on time. For a weekday peak hour, this is exhausting.",Negative,-2,2,1,2,4,2,2,4,2,Severe,42,100,45,None,No,Interview
1403,Dhaka,Local Bus,Gulistan–Farmgate,Weekday,Morning Peak,39,Freelancer,Male,Dry,2-3 days/week,Cost,Unclear fare,The fare felt too high considering how crowded and uncomfortable the ride was.,Negative,-2,2,2,4,4,1,3,4,4,Moderate,51,97,35,Traveling with child,No,Interview
1404,Dhaka,Local Bus,Mirpur–Shahbagh,Weekday,Morning Peak,32,Shopkeeper,Female,Dry,4-5 days/week,Availability,No seat available,"I expected more buses on Mirpur–Shahbagh, but service frequency was disappointing today.",Negative,-1,2,2,2,2,2,4,1,4,Low,46,98,20,Traveling with child,No,Survey Form
1405,Dhaka,Local Bus,Jatrabari–Badda,Weekday,Morning Peak,33,Freelancer,Prefer not to say,Dry,2-3 days/week,Accessibility,Poor stop access,"The footpath near the stop was crowded and broken, so reaching the bus safely was not easy.",Negative,-2,2,2,2,4,4,1,2,4,High,19,86,20,None,No,Interview
1406,Dhaka,Local Bus,New Market–Science Lab,Weekday,Evening Peak,24,Small Business,Male,Dry,Daily,Information,Poor signage,"Bus e kono clear information chilo na, especially notun passenger der jonno eta problem.",Negative,-1,2,1,2,4,3,3,3,3,High,61,47,50,None,No,No formal complaint
1407,Dhaka,Local Bus,Mirpur–Shahbagh,Weekday,Evening Peak,23,Factory Worker,Prefer not to say,Light Rain,Daily,Information,No timing info,Route information was just about manageable.,Neutral,0,3,2,4,3,4,4,2,3,High,14,46,35,Elderly support,Maybe,No formal complaint
1408,Dhaka,Local Bus,Jatrabari–Gulistan,Weekday,Morning Peak,33,Banker,Female,Dry,Occasional,Staff Behavior,Rude helper,A calm and respectful attitude from the staff made the ride easier.,Positive,1,4,3,4,4,4,4,4,2,High,5,93,50,None,Yes,Interview
1409,Dhaka,Local Bus,Mirpur–Shahbagh,Weekday,Morning Peak,31,Shopkeeper,Male,Dry,Daily,Cost,Extra charge,"Vara ta service er sathe match kore na. Joto taka dei, toto quality pai na.",Negative,-2,1,3,2,2,1,3,4,4,High,51,48,40,None,No,Survey Form
1410,Dhaka,Local Bus,Jatrabari–Gulistan,Weekday,Morning Peak,46,Student,Male,Dry,4-5 days/week,Comfort,Poor ventilation,Ventilation was decent and the trip was less tiring today.,Positive,1,4,4,4,3,2,2,3,3,Severe,6,40,30,None,Yes,Interview
1411,Dhaka,Local Bus,Azimpur–Shahbagh,Weekday,Morning Peak,60,Freelancer,Male,Light Rain,2-3 days/week,Staff Behavior,Helpful staff,Staff behavior made the whole ride more unpleasant than it needed to be.,Negative,-2,1,2,2,2,2,2,4,3,Moderate,64,90,50,Wheelchair access,No,No formal complaint
1412,Dhaka,Local Bus,Azimpur–Shahbagh,Weekday,Morning Peak,20,Teacher,Prefer not to say,Dry,Daily,Delay,Long waiting time,"From Azimpur–Shahbagh, the delay was frustrating. I left early but still got late because the bus service was irregular.",Negative,-2,1,1,4,4,4,2,2,4,High,49,38,15,None,No,Interview
1413,Dhaka,Local Bus,Mirpur–Shahbagh,Weekday,Evening Peak,50,Teacher,Male,Light Rain,2-3 days/week,Accessibility,No elderly support,Getting on the bus was difficult because it barely stopped near the designated stop.,Negative,-2,2,2,4,2,3,2,4,4,Low,39,41,25,None,No,No formal complaint
1414,Dhaka,Local Bus,Farmgate–Mohakhali,Weekday,Evening Peak,42,Job Seeker,Prefer not to say,Dry,Daily,Cost,Fair fare,The fare felt too high considering how crowded and uncomfortable the ride was.,Negative,-2,1,2,2,3,1,3,4,3,Moderate,54,74,20,Elderly support,No,No formal complaint
1415,Dhaka,Local Bus,Jatrabari–Badda,Weekday,Morning Peak,38,Healthcare Worker,Prefer not to say,Heavy Rain,Daily,Crowding,Door blocked,The bus was so full that I had to stand bent near the gate for almost the whole trip.,Negative,-1,1,4,2,2,4,3,4,1,Severe,20,49,60,None,No,Survey Form
1416,Dhaka,Local Bus,Mohakhali–Badda,Weekday,Morning Peak,23,Shopkeeper,Male,Dry,4-5 days/week,Comfort,Hot interior,"The ride was tiring, but about what I normally expect from a local bus.",Neutral,0,3,2,3,2,3,4,3,3,High,9,58,60,None,Maybe,No formal complaint
1417,Dhaka,Local Bus,Jatrabari–Gulistan,Weekday,Morning Peak,34,Teacher,Female,Dry,2-3 days/week,Staff Behavior,Helpful staff,Helper er kotha bolar dhoron bhalo chilo na. Choto proshno korleo kharap bhabe jawab dicchilo.,Negative,-1,2,3,3,2,3,3,2,4,High,37,83,40,None,No,Survey Form
1418,Dhaka,Local Bus,Sayedabad–Kuril,Weekday,Evening Peak,26,Shopkeeper,Male,Dry,2-3 days/week,Accessibility,Difficult boarding,Accessibility er dike khub kom attention ache. Peak hour e nama-utha duitae kosto.,Negative,-1,2,3,4,2,3,2,2,2,Severe,27,68,45,None,No,Online Form
1419,Dhaka,Local Bus,Mirpur–Farmgate,Weekday,Evening Peak,41,Homemaker,Prefer not to say,Light Rain,Occasional,Cleanliness,Litter inside,"The vehicle looked poorly maintained, and it made an already tiring trip feel worse.",Negative,-2,2,3,2,2,3,3,3,2,High,30,56,45,None,No,Online Form
1420,Dhaka,Local Bus,Sayedabad–Kuril,Weekday,Evening Peak,29,Banker,Female,Dry,Daily,Safety,Unsafe boarding,"Nothing serious happened, but the route still feels a little risky during rush hour.",Neutral,0,3,3,2,4,3,2,2,4,Moderate,8,100,45,None,Maybe,Interview
1421,Dhaka,Local Bus,Jatrabari–Gulistan,Weekday,Morning Peak,41,Job Seeker,Male,Dry,Occasional,Information,Poor signage,I could follow the stops without much confusion.,Positive,2,5,4,3,3,2,3,4,2,Severe,4,36,35,None,Yes,No formal complaint
1422,Dhaka,Local Bus,Mirpur–Farmgate,Weekday,Evening Peak,30,Office Employee,Female,Dry,Daily,Cost,Extra charge,I paid more than usual today and there was no proper explanation from the conductor.,Negative,-1,2,2,3,3,2,3,2,2,Severe,40,46,35,Traveling with child,No,Interview
1423,Dhaka,Local Bus,Mirpur–Shahbagh,Weekday,Morning Peak,44,Driver,Prefer not to say,Dry,Daily,Crowding,Door blocked,Crowding was less intense than I expected today.,Positive,2,5,4,2,2,4,3,3,5,High,12,69,45,None,Yes,Interview
1424,Dhaka,Local Bus,Azimpur–Shahbagh,Weekday,Morning Peak,26,Job Seeker,Male,Dry,2-3 days/week,Delay,Long waiting time,"Traffic slowed the trip, but overall it was average.",Neutral,0,3,2,2,2,3,4,3,4,Severe,18,72,40,None,Maybe,Survey Form
1425,Dhaka,Local Bus,Jatrabari–Badda,Weekday,Evening Peak,38,Student,Female,Dry,Occasional,Safety,Pickpocket risk,Rush hour e safety niye onek tension lage. Driver o helper duijon e khub aggressive chilo.,Negative,-1,1,4,1,2,3,4,2,3,Moderate,37,82,25,None,No,Survey Form
1426,Dhaka,Local Bus,Mirpur–Farmgate,Weekday,Morning Peak,42,Freelancer,Female,Heavy Rain,Occasional,Staff Behavior,Aggressive conductor,Helper er kotha bolar dhoron bhalo chilo na. Choto proshno korleo kharap bhabe jawab dicchilo.,Negative,-2,2,4,2,3,2,4,2,4,High,43,79,60,None,No,No formal complaint
1427,Dhaka,Local Bus,Sayedabad–Kuril,Weekday,Morning Peak,58,Student,Female,Dry,Daily,Cost,Unclear fare,I did not mind paying this fare because the trip was manageable.,Positive,2,4,2,3,2,3,3,3,2,High,3,91,40,Traveling with child,Yes,Interview
1428,Dhaka,Local Bus,Mirpur–Farmgate,Weekday,Morning Peak,22,Shopkeeper,Prefer not to say,Dry,4-5 days/week,Availability,Long headway,"If you miss one local bus on this route, you may have to wait a long time for the next one.",Negative,-1,2,2,3,4,3,3,2,2,Low,56,53,40,None,No,Online Form
1429,Dhaka,Local Bus,Mirpur–Shahbagh,Weekday,Morning Peak,49,Office Employee,Female,Dry,Daily,Cost,Extra charge,I paid more than usual today and there was no proper explanation from the conductor.,Negative,-2,2,3,2,2,1,3,3,4,High,18,75,20,None,No,No formal complaint
1430,Dhaka,Local Bus,Jatrabari–Badda,Weekday,Evening Peak,31,Shopkeeper,Prefer not to say,Light Rain,Daily,Accessibility,Weak disability access,Getting on the bus was difficult because it barely stopped near the designated stop.,Negative,-1,1,3,2,3,4,1,3,4,Moderate,23,54,35,None,No,Survey Form
1431,Dhaka,Local Bus,Jatrabari–Badda,Weekday,Morning Peak,30,Student,Female,Light Rain,Daily,Staff Behavior,Poor communication,The conductor spoke politely and guided passengers clearly.,Positive,1,4,2,4,4,3,2,4,3,Severe,8,35,25,None,Yes,Survey Form
1432,Dhaka,Local Bus,Azimpur–Shahbagh,Weekday,Evening Peak,37,Driver,Male,Light Rain,2-3 days/week,Information,Poor signage,"I got enough information after asking around, though it was not very clear at first.",Neutral,0,3,2,2,2,2,3,2,4,High,12,34,35,None,Maybe,Survey Form
1433,Dhaka,Local Bus,Jatrabari–Badda,Weekday,Evening Peak,52,Student,Male,Heavy Rain,Daily,Safety,Pickpocket risk,"The ride felt somewhat crowded, but I did not face any major safety issue.",Neutral,0,3,2,3,4,3,2,4,3,High,10,49,60,None,Maybe,Survey Form
1434,Dhaka,Local Bus,Mohakhali–Badda,Weekday,Morning Peak,46,Teacher,Female,Light Rain,Occasional,Staff Behavior,Rude helper,Staff behavior was okay overall.,Neutral,0,3,2,2,4,2,3,4,2,High,14,35,15,Traveling with child,Maybe,Survey Form
1435,Dhaka,Local Bus,Azimpur–Shahbagh,Weekday,Morning Peak,40,Freelancer,Female,Dry,4-5 days/week,Delay,Traffic congestion,"Traffic slowed the trip, but overall it was average.",Neutral,0,3,3,3,3,3,3,3,2,Severe,17,105,20,None,Maybe,Online Form
1436,Dhaka,Local Bus,Farmgate–Mohakhali,Weekday,Morning Peak,34,Job Seeker,Prefer not to say,Dry,Daily,Cost,Fair fare,"It was not cheap, but not unreasonable either.",Neutral,0,3,2,2,3,2,3,4,2,Severe,9,105,15,None,Maybe,Online Form
1437,Dhaka,Local Bus,Jatrabari–Gulistan,Weekday,Morning Peak,44,Factory Worker,Prefer not to say,Dry,Daily,Comfort,Hot interior,The seat condition was poor and there was no real comfort during the trip.,Negative,-1,2,3,4,4,3,4,3,2,Moderate,54,103,30,None,No,Survey Form
1438,Dhaka,Local Bus,Farmgate–Mohakhali,Weekday,Morning Peak,47,Homemaker,Prefer not to say,Light Rain,Daily,Staff Behavior,Helpful staff,Communication from the conductor was average today.,Neutral,0,3,3,2,2,2,4,2,2,Moderate,17,32,35,None,Maybe,Interview
1439,Dhaka,Local Bus,Motijheel–Rampura,Weekday,Evening Peak,60,Office Employee,Male,Dry,2-3 days/week,Crowding,Door blocked,"Too many passengers, no personal space, and constant pushing—this should not be normal.",Negative,-1,1,2,4,3,4,4,4,1,High,63,35,35,Traveling with child,No,Online Form
1440,Dhaka,Local Bus,Jatrabari–Badda,Weekday,Morning Peak,21,Student,Prefer not to say,Dry,Occasional,Comfort,Poor ventilation,"I expected a rough commute, but it was actually manageable.",Positive,1,5,3,2,4,4,4,3,5,Severe,11,60,30,None,Yes,Survey Form
1441,Dhaka,Local Bus,Uttara–Airport,Weekday,Morning Peak,41,Banker,Prefer not to say,Dry,2-3 days/week,Cleanliness,Bad odor,"Cleanliness was average today—nothing impressive, nothing terrible.",Neutral,0,3,2,2,3,2,4,3,3,Severe,10,54,40,None,Maybe,Survey Form
1442,Dhaka,Local Bus,Mirpur–Shahbagh,Weekday,Morning Peak,18,Freelancer,Female,Dry,Occasional,Information,Wrong stop info,There was no clear information about where the bus would stop or how long the delay would be.,Negative,-2,1,1,4,2,3,2,2,3,High,31,56,20,None,No,Interview
1443,Dhaka,Local Bus,Sayedabad–Kuril,Weekday,Morning Peak,54,Homemaker,Female,Dry,Occasional,Information,No route info,"Bus e kono clear information chilo na, especially notun passenger der jonno eta problem.",Negative,-1,1,1,3,2,4,2,2,3,High,22,48,60,None,No,Survey Form
1444,Dhaka,Local Bus,Jatrabari–Gulistan,Weekday,Evening Peak,30,Teacher,Female,Dry,Occasional,Staff Behavior,Aggressive conductor,Communication from the conductor was average today.,Neutral,0,3,2,3,4,3,3,4,4,Low,11,96,15,Elderly support,Maybe,Interview
1445,Dhaka,Local Bus,New Market–Science Lab,Weekday,Evening Peak,60,Factory Worker,Female,Dry,Daily,Cost,Fair fare,I paid more than usual today and there was no proper explanation from the conductor.,Negative,-2,2,2,3,3,2,4,2,3,Moderate,64,95,30,Elderly support,No,Survey Form
1446,Dhaka,Local Bus,Mohakhali–Badda,Weekday,Morning Peak,44,Driver,Female,Dry,2-3 days/week,Comfort,Too noisy,"Peak hour e local bus e comfort expect kora jay na, but ajke situation aro kharap chilo.",Negative,-2,2,4,3,4,4,4,3,2,Severe,37,94,15,None,No,Online Form
1447,Dhaka,Local Bus,Mirpur–Farmgate,Weekday,Morning Peak,27,Banker,Prefer not to say,Dry,4-5 days/week,Delay,Long waiting time,"From Mirpur–Farmgate, the delay was frustrating. I left early but still got late because the bus service was irregular.",Negative,-1,1,1,2,4,3,2,4,3,High,46,77,30,None,No,No formal complaint
1448,Dhaka,Local Bus,Mirpur–Shahbagh,Weekday,Evening Peak,19,Shopkeeper,Female,Dry,Daily,Information,No timing info,Even a small sign or proper announcement could have made this trip easier.,Negative,-1,2,1,4,2,2,3,3,4,Moderate,31,88,25,None,No,Survey Form
1449,Dhaka,Local Bus,New Market–Science Lab,Weekday,Evening Peak,19,Banker,Prefer not to say,Dry,2-3 days/week,Staff Behavior,Poor communication,The helper was rude when passengers asked whether the bus would stop at the next point.,Negative,-2,2,3,4,2,2,4,2,2,High,20,50,50,None,No,Survey Form
1450,Dhaka,Local Bus,Jatrabari–Badda,Weekday,Morning Peak,47,Homemaker,Female,Light Rain,4-5 days/week,Cost,Extra charge,I would say the cost was average for this route.,Neutral,0,3,2,3,3,3,4,4,2,Moderate,14,78,15,None,Maybe,No formal complaint
1451,Dhaka,Local Bus,Sayedabad–Kuril,Weekday,Evening Peak,35,Driver,Prefer not to say,Dry,2-3 days/week,Comfort,Seat discomfort,"It was extremely hot inside the bus, and there was barely any airflow.",Negative,-1,1,2,2,4,4,2,3,1,Severe,30,84,25,None,No,Online Form
1452,Dhaka,Local Bus,Mohakhali–Badda,Weekday,Morning Peak,19,Job Seeker,Prefer not to say,Light Rain,Daily,Safety,Reckless driving,Rush hour e safety niye onek tension lage. Driver o helper duijon e khub aggressive chilo.,Negative,-2,1,3,1,2,4,3,4,4,Moderate,43,66,60,Traveling with child,No,No formal complaint
1453,Dhaka,Local Bus,Motijheel–Rampura,Weekday,Evening Peak,50,Homemaker,Prefer not to say,Dry,Daily,Availability,No seat available,"I expected more buses on Motijheel–Rampura, but service frequency was disappointing today.",Negative,-2,1,1,3,4,4,3,1,4,Low,65,92,35,None,No,No formal complaint
1454,Dhaka,Local Bus,Jatrabari–Gulistan,Weekday,Morning Peak,36,Small Business,Prefer not to say,Dry,Occasional,Cost,Fair fare,I paid more than usual today and there was no proper explanation from the conductor.,Negative,-2,2,3,4,2,1,3,2,3,Moderate,23,73,15,None,No,Survey Form
1455,Dhaka,Local Bus,Azimpur–Shahbagh,Weekday,Morning Peak,50,Driver,Female,Dry,4-5 days/week,Cleanliness,Litter inside,"The vehicle looked poorly maintained, and it made an already tiring trip feel worse.",Negative,-1,2,2,2,2,2,3,3,2,Moderate,29,39,35,Traveling with child,No,Online Form
1456,Dhaka,Local Bus,Gulistan–Farmgate,Weekday,Evening Peak,40,Job Seeker,Female,Heavy Rain,Daily,Staff Behavior,Helpful staff,Staff behavior was okay overall.,Neutral,0,3,2,3,3,4,4,2,2,High,19,61,15,None,Maybe,Online Form
1457,Dhaka,Local Bus,Mohakhali–Badda,Weekday,Evening Peak,27,Office Employee,Male,Dry,4-5 days/week,Cost,Extra charge,"The fare felt acceptable, though service quality could still improve.",Neutral,0,3,3,4,3,3,3,2,4,Severe,14,68,45,None,Maybe,Interview
1458,Dhaka,Local Bus,Motijheel–Rampura,Weekday,Evening Peak,47,Shopkeeper,Female,Dry,4-5 days/week,Crowding,Queue too long,Crowding made the ride stressful from start to finish. I could barely breathe comfortably.,Negative,-2,2,3,4,4,2,4,3,2,Moderate,19,54,20,None,No,No formal complaint
1459,Dhaka,Local Bus,Uttara–Airport,Weekday,Morning Peak,47,Office Employee,Female,Dry,4-5 days/week,Delay,Irregular service,"There was some waiting time, though it was still manageable.",Neutral,0,3,2,3,3,3,3,3,4,Severe,16,72,45,Traveling with child,Maybe,Online Form
1460,Dhaka,Local Bus,Uttara–Airport,Weekday,Morning Peak,39,Shopkeeper,Male,Dry,4-5 days/week,Staff Behavior,Rude helper,"The staff were not especially helpful, but they were not very rude either.",Neutral,0,3,4,3,3,2,4,3,3,High,16,59,50,None,Maybe,Interview
1461,Dhaka,Local Bus,Sayedabad–Kuril,Weekday,Evening Peak,54,Freelancer,Male,Dry,Occasional,Information,Poor signage,I had to ask three people before confirming whether this bus was going my way.,Negative,-2,1,1,3,2,2,4,2,2,Severe,24,98,20,None,No,Survey Form
1462,Dhaka,Local Bus,Gulistan–Farmgate,Weekday,Morning Peak,53,Office Employee,Male,Dry,Occasional,Accessibility,Poor stop access,Accessibility er dike khub kom attention ache. Peak hour e nama-utha duitae kosto.,Negative,-2,2,2,4,3,4,2,2,2,High,61,62,50,None,No,No formal complaint
1463,Dhaka,Local Bus,Sayedabad–Kuril,Weekday,Evening Peak,19,Healthcare Worker,Female,Dry,Occasional,Comfort,Too noisy,"Peak hour e local bus e comfort expect kora jay na, but ajke situation aro kharap chilo.",Negative,-2,1,4,4,2,4,3,4,1,High,52,66,25,None,No,No formal complaint
1464,Dhaka,Local Bus,Azimpur–Shahbagh,Weekday,Morning Peak,20,Driver,Male,Heavy Rain,4-5 days/week,Delay,Late departure,"Traffic slowed the trip, but overall it was average.",Neutral,0,3,3,4,2,2,2,2,4,Moderate,10,83,45,None,Maybe,Interview
1465,Dhaka,Local Bus,Mohakhali–Badda,Weekday,Morning Peak,33,Freelancer,Prefer not to say,Dry,Occasional,Cost,Extra charge,The fare is not the only issue—the unclear way they collect it creates arguments almost every day.,Negative,-2,2,3,3,3,2,4,3,4,High,45,32,35,None,No,Online Form
1466,Dhaka,Local Bus,Azimpur–Shahbagh,Weekday,Morning Peak,20,Teacher,Male,Light Rain,Occasional,Information,Wrong stop info,"Bus e kono clear information chilo na, especially notun passenger der jonno eta problem.",Negative,-2,2,1,2,2,4,3,3,3,Moderate,39,53,50,Elderly support,No,No formal complaint
1467,Dhaka,Local Bus,Mohakhali–Badda,Weekday,Morning Peak,58,Banker,Male,Dry,Occasional,Staff Behavior,Poor communication,Staff behavior was okay overall.,Neutral,0,3,3,3,2,2,2,4,3,Severe,20,72,45,Elderly support,Maybe,Online Form
1468,Dhaka,Local Bus,Motijheel–Rampura,Weekday,Morning Peak,44,Banker,Female,Dry,2-3 days/week,Information,Poor signage,"The route details were clear enough today, so I did not have to guess much.",Positive,1,5,5,3,4,2,3,4,2,Severe,4,55,30,Wheelchair access,Yes,Online Form
1469,Dhaka,Local Bus,Mirpur–Shahbagh,Weekday,Morning Peak,22,Student,Prefer not to say,Light Rain,4-5 days/week,Availability,Too few buses,"During office time, availability is still poor. Demand is clearly higher than supply.",Negative,-1,1,1,2,2,3,2,1,2,High,38,89,60,None,No,Interview
1470,Dhaka,Local Bus,Mirpur–Farmgate,Weekday,Evening Peak,57,Office Employee,Prefer not to say,Light Rain,Daily,Cost,Fair fare,"It was not cheap, but not unreasonable either.",Neutral,0,3,2,4,2,3,4,3,4,Low,13,83,50,None,Maybe,Interview
1471,Dhaka,Local Bus,New Market–Science Lab,Weekday,Morning Peak,42,Office Employee,Male,Dry,Occasional,Information,Wrong stop info,Route information was just about manageable.,Neutral,0,3,3,3,2,4,3,2,3,Moderate,9,102,15,Traveling with child,Maybe,Online Form
1472,Dhaka,Local Bus,Mirpur–Shahbagh,Weekday,Morning Peak,54,Driver,Female,Dry,Daily,Delay,Irregular service,"For once, the trip moved smoothly and I reached on time.",Positive,2,4,4,4,2,2,3,2,2,Severe,6,81,30,None,Yes,Interview
1473,Dhaka,Local Bus,Mohakhali–Badda,Weekday,Evening Peak,39,Small Business,Female,Heavy Rain,Daily,Delay,Traffic congestion,"I was standing at Gulistan for almost 59 minutes and still no bus came on time. For a weekday peak hour, this is exhausting.",Negative,-2,1,1,2,4,4,2,4,2,High,25,38,35,None,No,Online Form
1474,Dhaka,Local Bus,Mirpur–Farmgate,Weekday,Evening Peak,19,Job Seeker,Male,Dry,Daily,Safety,Pickpocket risk,The bus was so packed that I kept worrying about my phone and wallet the whole trip.,Negative,-1,1,4,1,3,4,4,2,4,High,61,62,60,None,No,Survey Form
1475,Dhaka,Local Bus,Mirpur–Shahbagh,Weekday,Evening Peak,39,Driver,Male,Dry,Daily,Information,Wrong stop info,"I got enough information after asking around, though it was not very clear at first.",Neutral,0,3,3,4,4,4,4,2,2,High,13,95,45,Wheelchair access,Maybe,Survey Form
1476,Dhaka,Local Bus,Gulistan–Farmgate,Weekday,Evening Peak,34,Small Business,Male,Dry,4-5 days/week,Staff Behavior,Aggressive conductor,Staff behavior was better today; they were helpful without being rude.,Positive,1,5,3,2,4,3,2,4,2,High,11,56,20,None,Yes,No formal complaint
1477,Dhaka,Local Bus,Farmgate–Mohakhali,Weekday,Morning Peak,38,Homemaker,Male,Light Rain,2-3 days/week,Cleanliness,Poor maintenance,"The vehicle looked poorly maintained, and it made an already tiring trip feel worse.",Negative,-1,1,3,2,1,2,2,3,2,High,51,97,40,None,No,Interview
1478,Dhaka,Local Bus,Mohakhali–Badda,Weekday,Evening Peak,29,Office Employee,Male,Dry,4-5 days/week,Cleanliness,Dirty seats,"I do not expect luxury, but at least the bus should be clean enough to sit comfortably.",Negative,-2,2,3,2,2,3,2,4,2,High,63,37,35,None,No,Survey Form
1479,Dhaka,Local Bus,New Market–Science Lab,Weekday,Morning Peak,30,Shopkeeper,Prefer not to say,Light Rain,Occasional,Safety,Reckless driving,The bus was so packed that I kept worrying about my phone and wallet the whole trip.,Negative,-1,2,3,1,4,3,2,3,3,Severe,35,89,40,None,No,Survey Form
1480,Dhaka,Local Bus,Mirpur–Shahbagh,Weekday,Morning Peak,47,Shopkeeper,Male,Dry,Occasional,Accessibility,Difficult boarding,This route is hard for elderly passengers. Even healthy people struggle to board during peak hours.,Negative,-2,2,2,4,3,4,2,4,3,Moderate,50,59,40,None,No,No formal complaint
1481,Dhaka,Local Bus,Jatrabari–Badda,Weekday,Evening Peak,60,Freelancer,Prefer not to say,Dry,Daily,Accessibility,No elderly support,"The footpath near the stop was crowded and broken, so reaching the bus safely was not easy.",Negative,-1,2,4,2,3,2,2,2,3,High,30,66,50,None,No,Online Form
1482,Dhaka,Local Bus,Jatrabari–Gulistan,Weekday,Evening Peak,18,Office Employee,Male,Dry,Occasional,Crowding,Queue too long,Crowding made the ride stressful from start to finish. I could barely breathe comfortably.,Negative,-1,2,3,4,2,2,3,2,2,Moderate,28,55,60,Elderly support,No,Survey Form
1483,Dhaka,Local Bus,Gulistan–Farmgate,Weekday,Evening Peak,43,Factory Worker,Male,Dry,Daily,Cleanliness,Poor maintenance,"Cleanliness was average today—nothing impressive, nothing terrible.",Neutral,0,3,2,2,3,3,4,3,2,High,10,77,60,None,Maybe,No formal complaint
1484,Dhaka,Local Bus,Mohakhali–Badda,Weekday,Morning Peak,35,Banker,Prefer not to say,Dry,4-5 days/week,Comfort,Poor ventilation,"Between heat, noise, and crowding, this felt like a very draining commute.",Negative,-2,1,3,3,2,4,2,4,1,Moderate,34,32,40,None,No,Survey Form
1485,Dhaka,Local Bus,New Market–Science Lab,Weekday,Morning Peak,21,Small Business,Female,Light Rain,Daily,Information,Wrong stop info,There was no clear information about where the bus would stop or how long the delay would be.,Negative,-1,1,1,2,2,3,2,4,4,High,25,49,45,None,No,Interview
1486,Dhaka,Local Bus,Motijheel–Rampura,Weekday,Evening Peak,37,Factory Worker,Male,Dry,Occasional,Information,Poor signage,I could follow the stops without much confusion.,Positive,2,5,5,2,3,2,2,4,2,Moderate,11,49,15,Wheelchair access,Yes,Survey Form
1487,Dhaka,Local Bus,Sayedabad–Kuril,Weekday,Morning Peak,60,Small Business,Prefer not to say,Dry,2-3 days/week,Cost,High fare,"It was not cheap, but not unreasonable either.",Neutral,0,3,2,3,4,3,2,3,3,High,16,82,15,None,Maybe,Online Form
1488,Dhaka,Local Bus,Gulistan–Farmgate,Weekday,Evening Peak,41,Factory Worker,Female,Dry,Occasional,Availability,No seat available,Service frequency was neither very good nor very bad.,Neutral,0,3,3,2,3,2,3,3,2,Severe,20,86,40,Wheelchair access,Maybe,Online Form
1489,Dhaka,Local Bus,Jatrabari–Gulistan,Weekday,Morning Peak,56,Student,Male,Light Rain,4-5 days/week,Information,No route info,Even a small sign or proper announcement could have made this trip easier.,Negative,-2,2,2,4,2,3,4,2,3,High,53,90,60,None,No,Online Form
1490,Dhaka,Local Bus,Gulistan–Farmgate,Weekday,Morning Peak,54,Driver,Prefer not to say,Dry,Occasional,Staff Behavior,Rude helper,The conductor kept shouting instead of answering simple fare questions calmly.,Negative,-2,1,2,2,2,2,3,3,4,Low,47,78,25,None,No,Interview
1491,Dhaka,Local Bus,Mirpur–Shahbagh,Weekday,Evening Peak,50,Student,Male,Dry,4-5 days/week,Crowding,Queue too long,The bus was so full that I had to stand bent near the gate for almost the whole trip.,Negative,-2,1,3,2,4,3,2,4,1,High,18,77,25,None,No,Online Form
1492,Dhaka,Local Bus,Farmgate–Mohakhali,Weekday,Evening Peak,29,Student,Prefer not to say,Light Rain,Occasional,Information,No route info,There was no clear information about where the bus would stop or how long the delay would be.,Negative,-1,1,1,2,2,3,4,4,3,High,63,92,15,None,No,Interview
1493,Dhaka,Local Bus,Gulistan–Farmgate,Weekday,Morning Peak,35,Banker,Male,Light Rain,4-5 days/week,Cost,High fare,"Compared with other days, today the cost felt reasonable.",Positive,2,4,2,3,2,4,4,2,4,Severe,4,71,35,None,Yes,Interview
1494,Dhaka,Local Bus,Uttara–Airport,Weekday,Morning Peak,56,Office Employee,Prefer not to say,Dry,4-5 days/week,Availability,Long headway,There were far fewer buses than the number of waiting passengers. The line just kept getting longer.,Negative,-1,2,1,2,2,3,3,2,3,Moderate,37,84,15,Elderly support,No,Interview
1495,Dhaka,Local Bus,Mirpur–Farmgate,Weekday,Morning Peak,46,Freelancer,Female,Dry,2-3 days/week,Comfort,Seat discomfort,"I expected a rough commute, but it was actually manageable.",Positive,2,5,2,2,2,4,3,4,5,Severe,7,59,45,None,Yes,Interview
1496,Dhaka,Local Bus,Farmgate–Mohakhali,Weekday,Morning Peak,56,Small Business,Prefer not to say,Dry,2-3 days/week,Crowding,Standing entire trip,"The bus was crowded, but that is normal during peak time.",Neutral,0,3,4,3,2,4,2,2,3,Moderate,8,53,40,None,Maybe,Survey Form
1497,Dhaka,Local Bus,Farmgate–Mohakhali,Weekday,Evening Peak,28,Driver,Prefer not to say,Light Rain,Daily,Delay,Late departure,"There was some waiting time, though it was still manageable.",Neutral,0,3,2,4,3,2,2,4,3,High,10,101,30,Traveling with child,Maybe,Online Form
1498,Dhaka,Local Bus,Farmgate–Mohakhali,Weekday,Evening Peak,26,Small Business,Male,Dry,Occasional,Accessibility,Difficult boarding,Accessibility er dike khub kom attention ache. Peak hour e nama-utha duitae kosto.,Negative,-1,1,3,3,4,4,1,2,2,Severe,30,99,40,None,No,Interview
1499,Dhaka,Local Bus,Motijheel–Rampura,Weekday,Morning Peak,39,Driver,Female,Heavy Rain,2-3 days/week,Crowding,Queue too long,"Everyone was squeezed together, and even moving one step inside felt impossible.",Negative,-1,2,3,4,2,4,4,2,1,High,52,36,35,None,No,Interview
1500,Dhaka,Local Bus,Motijheel–Rampura,Weekday,Morning Peak,47,Freelancer,Female,Light Rain,Occasional,Safety,Unsafe boarding,The bus was so packed that I kept worrying about my phone and wallet the whole trip.,Negative,-2,2,4,1,4,2,2,3,4,Moderate,54,32,35,None,No,No formal complaint
